time,vehicle,lap,gate,speed,recoveries,misses,x,y,z,verified,finishArmed,roadPosition
3.003,moto,0,0,0.00,0,0,564.07,82.55,-6.94,0.000,False,0.000
3.003,moto,0,0,0.00,0,0,568.74,82.57,0.91,0.000,False,0.000
3.003,moto,0,0,0.00,0,0,564.53,82.57,8.03,0.000,False,0.000
3.003,atv,0,0,0.00,0,0,569.05,82.57,14.95,0.000,False,0.000
4.400,moto,0,0,20.40,0,0,564.49,82.57,8.59,0.000,False,2102.558
4.400,moto,0,0,20.41,0,0,569.06,82.57,16.45,0.000,False,2110.483
4.400,moto,0,0,20.42,0,0,564.67,82.57,23.57,0.000,False,2117.618
4.400,atv,0,1,19.19,0,0,567.85,82.54,29.53,4.131,False,4.131
5.720,moto,0,1,32.94,0,0,563.70,82.48,44.47,19.010,False,19.010
5.720,moto,0,1,32.96,0,0,567.82,82.43,52.34,26.670,False,26.670
5.720,moto,0,1,32.98,0,0,562.90,82.38,59.46,33.914,False,33.914
5.720,atv,0,1,30.85,0,0,565.33,82.36,63.11,37.563,False,37.563
7.380,moto,0,1,37.48,0,0,556.05,81.86,105.75,81.777,False,81.777
7.380,moto,0,1,36.71,0,0,557.91,81.74,112.31,86.843,False,86.843
7.380,moto,0,1,38.45,0,0,549.39,81.49,118.32,96.366,False,96.366
7.380,atv,0,1,37.03,0,0,552.29,81.52,118.79,95.035,False,95.035
8.700,moto,0,1,43.11,0,0,522.29,80.41,145.44,134.790,False,134.790
8.700,moto,0,1,43.16,0,0,520.89,80.32,149.33,138.146,False,138.146
8.700,moto,0,1,44.77,0,0,508.59,79.90,154.91,151.364,False,151.364
8.700,atv,0,1,42.43,0,0,513.40,80.06,153.84,146.803,False,146.803
10.700,moto,0,2,36.52,0,0,444.83,76.65,192.35,225.480,False,225.480
10.700,moto,0,2,34.11,0,0,445.16,76.62,193.96,226.071,False,226.071
10.700,moto,0,2,32.51,0,0,432.56,75.87,199.32,239.691,False,239.691
10.700,atv,0,2,32.82,0,0,439.53,76.27,196.77,232.371,False,232.371
12.700,moto,0,2,0.10,0,0,415.80,75.04,208.04,259.256,False,259.256
12.700,moto,0,2,0.10,0,0,416.01,75.03,208.69,259.378,False,259.378
12.700,moto,0,2,30.31,0,0,376.88,76.65,228.85,303.291,False,303.291
12.700,atv,0,2,22.90,0,0,384.58,74.59,224.75,294.278,False,294.278
14.700,moto,0,2,0.05,0,0,415.70,75.04,208.07,259.356,False,259.356
14.700,moto,0,2,0.04,0,0,415.95,75.03,208.76,259.472,False,259.472
14.700,moto,0,2,26.87,0,0,326.14,83.66,254.14,312.912,False,364.229
14.700,atv,0,2,20.44,0,0,346.67,81.60,244.73,313.328,False,342.093
16.700,moto,0,2,0.04,0,0,415.61,75.03,208.09,259.447,False,259.447
16.700,moto,0,2,0.04,0,0,415.88,75.02,208.83,259.564,False,259.564
16.700,moto,0,2,19.45,0,0,273.39,69.05,275.14,312.912,False,421.483
16.700,atv,0,2,11.93,0,0,323.33,80.32,256.53,313.328,False,368.113
18.700,moto,0,2,26.06,0,0,391.73,74.24,221.17,286.195,False,286.195
18.700,moto,0,2,11.51,0,0,412.51,74.89,210.58,263.137,False,263.137
18.700,moto,0,2,31.94,0,0,223.70,53.82,298.48,312.912,False,480.854
18.700,atv,0,2,22.89,0,0,294.34,73.22,274.84,313.328,False,402.073
20.700,moto,0,2,27.41,0,0,342.29,84.51,246.83,313.245,False,346.614
20.700,moto,0,2,28.20,0,0,372.39,78.98,231.23,309.000,False,309.000
20.700,moto,0,2,31.87,0,0,161.27,47.65,287.90,312.912,False,544.097
20.700,atv,0,2,31.96,0,0,249.13,56.62,293.36,313.328,False,455.222
22.700,moto,0,2,30.09,0,0,294.72,72.45,277.40,313.245,False,403.131
22.700,moto,0,2,23.77,0,0,327.49,80.64,255.86,312.878,False,363.969
22.700,moto,0,2,30.68,0,0,100.69,50.39,271.26,312.912,False,612.411
22.700,atv,0,2,31.81,0,0,184.33,49.54,292.93,313.328,False,520.461
24.700,moto,0,2,38.77,0,0,235.93,55.18,296.78,313.245,False,468.588
24.700,moto,0,2,24.74,0,0,279.94,65.90,273.87,312.878,False,416.434
24.700,moto,0,2,25.04,0,0,43.48,34.55,252.86,312.912,False,673.194
24.700,atv,0,2,19.45,0,0,128.87,46.90,279.68,313.328,False,577.976
26.700,moto,0,2,31.71,0,0,169.23,48.49,289.94,313.245,False,535.849
26.700,moto,0,2,36.65,0,0,226.52,54.12,297.52,312.878,False,477.947
26.700,moto,0,2,0.01,0,0,39.32,34.57,250.09,312.912,False,678.607
26.700,atv,0,2,23.40,0,0,86.55,44.40,265.70,313.328,False,628.647
28.700,moto,0,2,31.07,0,0,108.39,50.07,273.63,313.245,False,593.438
28.700,moto,0,2,31.77,0,0,162.98,47.86,288.45,312.878,False,542.298
28.700,moto,0,2,0.02,0,0,39.24,34.55,250.23,312.912,False,678.605
28.700,atv,0,2,29.47,0,0,44.40,34.84,244.88,313.328,False,675.986
30.700,moto,0,2,30.15,0,0,50.48,36.33,255.24,313.245,False,665.919
30.700,moto,0,2,30.68,0,0,102.39,50.42,271.68,312.878,False,595.113
30.700,moto,0,2,-0.35,0,0,39.34,34.53,250.47,312.912,False,678.413
30.700,atv,0,2,41.37,0,0,-17.14,29.72,208.03,313.328,False,747.612
32.700,moto,0,2,0.00,0,0,40.74,34.46,251.98,313.245,False,676.494
32.700,moto,0,2,27.81,0,0,44.91,34.57,253.10,312.878,False,671.777
32.700,moto,0,2,0.01,0,0,39.02,34.50,250.48,312.912,False,678.689
32.700,atv,0,3,31.79,0,0,-71.33,24.72,161.41,819.499,True,819.499
34.700,moto,0,2,-0.19,0,0,40.86,34.40,252.38,313.245,False,676.205
34.700,moto,0,2,13.59,1,0,112.79,49.02,275.17,312.878,False,592.012
34.700,moto,0,2,-0.22,0,0,39.14,34.44,250.91,312.912,False,678.381
34.700,atv,0,3,17.92,0,0,-102.07,25.39,117.92,870.776,True,870.776
36.700,moto,0,2,-0.43,0,0,41.06,34.33,252.87,313.245,False,675.822
36.700,moto,0,2,9.90,1,0,91.80,35.12,261.22,312.878,False,626.189
36.700,moto,0,2,-0.41,0,0,39.36,34.39,251.37,312.912,False,677.981
36.700,atv,0,3,15.57,0,0,-114.68,17.83,88.44,874.332,True,908.817
38.700,moto,0,2,-0.46,0,0,41.53,34.24,253.66,313.245,False,675.038
38.700,moto,0,2,31.41,1,0,50.22,34.85,248.66,312.878,False,669.055
38.700,moto,0,2,-0.46,0,0,39.85,34.31,252.14,312.912,False,677.205
38.700,atv,0,3,31.62,0,0,-124.21,20.71,39.88,874.332,True,957.979
40.700,moto,0,2,-0.49,0,0,41.97,34.10,254.56,313.245,False,674.248
40.700,moto,0,2,42.32,1,0,-10.97,30.21,210.64,312.878,False,741.015
40.700,moto,0,2,2.32,0,0,39.33,34.26,252.02,312.912,False,677.661
40.700,atv,0,3,21.46,0,0,-124.38,24.38,-10.83,874.332,True,1012.868
42.700,moto,0,2,7.40,0,0,42.60,33.85,255.95,313.245,False,672.938
42.700,moto,0,3,31.81,1,0,-69.26,24.93,163.97,816.219,True,816.219
42.700,moto,0,2,14.79,1,0,106.69,47.04,271.52,312.912,False,596.283
42.700,atv,0,3,23.48,0,0,-114.99,18.79,-50.00,874.332,True,1052.915
44.700,moto,0,2,30.29,0,0,16.78,32.77,227.62,313.245,False,708.576
44.700,moto,0,3,30.98,1,0,-105.62,25.86,112.55,873.688,True,873.688
44.700,moto,0,2,21.07,1,0,81.43,34.63,258.06,312.912,False,636.890
44.700,atv,0,3,36.29,0,0,-79.40,22.62,-99.27,874.332,True,1113.275
46.700,moto,0,2,33.77,0,0,-44.58,27.19,187.23,313.245,False,782.237
46.700,moto,0,3,30.72,1,0,-123.71,20.24,57.45,873.688,True,940.668
46.700,moto,0,2,34.34,1,0,27.73,34.04,236.02,312.912,False,694.732
46.700,atv,0,3,34.02,0,0,-9.61,27.09,-131.32,874.332,True,1190.925
48.700,moto,0,3,0.00,0,0,-85.08,23.75,149.17,846.040,True,846.040
48.700,moto,0,3,31.08,1,0,-125.24,24.68,-5.55,873.688,True,999.593
48.700,moto,0,2,41.11,1,0,-39.14,27.61,190.06,312.912,False,776.070
48.700,atv,0,3,31.77,0,0,53.44,31.47,-139.83,874.332,True,1254.688
50.700,moto,0,3,26.60,0,0,-99.13,24.70,122.48,867.805,True,867.805
50.700,moto,0,3,14.90,1,0,-118.76,18.57,-48.33,873.688,True,1050.178
50.700,moto,0,3,31.94,1,0,-85.67,23.44,144.56,841.654,True,841.654
50.700,atv,0,3,19.82,0,0,96.36,41.14,-148.62,874.332,True,1299.589
52.700,moto,0,3,26.25,0,0,-121.87,18.98,75.38,873.822,True,923.047
52.700,moto,0,3,33.31,1,0,-88.45,22.06,-87.48,873.688,True,1098.528
52.700,moto,0,3,29.56,1,0,-117.80,23.82,90.94,873.703,True,907.575
52.700,atv,0,3,18.67,0,0,132.19,34.37,-157.01,874.332,True,1342.620
54.700,moto,0,3,31.78,0,0,-125.40,21.43,14.05,873.822,True,983.945
54.700,moto,0,3,43.20,1,0,-23.78,26.16,-127.45,873.688,True,1176.081
54.700,moto,0,3,31.91,1,0,-124.54,20.56,31.42,873.703,True,966.431
54.700,atv,0,3,25.59,0,0,166.25,40.24,-163.18,874.332,True,1377.556
56.700,moto,0,3,27.17,0,0,-122.43,20.65,-46.87,873.822,True,1047.610
56.700,moto,0,3,31.81,1,0,42.19,30.67,-138.25,873.688,True,1243.301
56.700,moto,0,3,29.69,1,0,-124.33,24.40,-30.85,873.703,True,1032.632
56.700,atv,0,4,31.79,0,0,221.89,45.99,-186.23,1438.087,True,1438.087
58.700,moto,0,3,38.11,0,0,-81.49,22.48,-96.45,873.822,True,1109.776
58.700,moto,0,3,30.55,1,0,102.54,43.30,-149.34,873.688,True,1300.977
58.700,moto,0,3,28.51,1,0,-101.61,21.08,-67.76,873.703,True,1074.738
58.700,atv,0,4,31.83,0,0,274.45,48.75,-221.92,1501.690,True,1501.690
60.700,moto,0,3,35.58,0,0,-8.44,27.16,-131.56,873.822,True,1192.084
60.700,moto,0,3,29.26,1,0,158.49,41.92,-161.30,873.688,True,1370.050
60.700,moto,0,3,40.79,1,0,-52.64,24.27,-117.49,873.703,True,1145.563
60.700,atv,0,4,20.74,0,0,313.85,56.14,-247.44,1542.211,True,1542.211
62.700,moto,0,3,31.81,0,0,54.86,31.58,-140.06,873.822,True,1256.128
62.700,moto,0,4,31.80,1,0,213.24,45.42,-180.61,1427.790,True,1427.790
62.700,moto,0,3,31.81,1,0,19.46,29.07,-135.02,873.703,True,1220.288
62.700,atv,0,4,20.33,0,0,347.29,49.26,-266.89,1542.639,True,1592.870
64.700,moto,0,3,29.19,0,0,113.95,46.26,-151.91,873.822,True,1324.575
64.700,moto,0,4,31.85,1,0,266.08,48.36,-215.95,1491.391,True,1491.391
64.700,moto,0,3,31.57,1,0,81.64,35.75,-144.98,873.703,True,1283.812
64.700,atv,0,4,33.94,0,0,396.93,54.67,-290.44,1542.639,True,1648.096
66.700,moto,0,3,24.70,0,0,168.31,40.55,-164.23,873.822,True,1379.857
66.700,moto,0,4,30.29,1,0,317.86,57.57,-250.32,1541.956,True,1559.197
66.700,moto,0,3,28.57,1,0,138.51,46.95,-157.10,873.703,True,1350.772
66.700,atv,0,4,22.40,0,0,451.90,57.64,-284.05,1542.639,True,1703.589
68.700,moto,0,4,31.82,0,0,223.90,46.12,-187.27,1440.343,True,1440.343
68.700,moto,0,4,29.58,1,0,368.67,52.56,-278.93,1541.956,True,1617.592
68.700,moto,0,3,31.67,1,0,192.21,43.99,-170.60,873.703,True,1404.574
68.700,atv,0,4,31.89,0,0,502.98,41.60,-265.32,1542.639,True,1760.035
70.700,moto,0,4,31.85,0,0,276.32,48.86,-223.27,1504.003,True,1504.003
70.700,moto,0,4,24.67,1,0,432.62,56.92,-288.10,1541.956,True,1683.969
70.700,moto,0,4,31.84,1,0,247.26,47.41,-202.26,1468.116,True,1468.116
70.700,atv,0,4,16.81,0,0,543.43,32.90,-242.06,1542.639,True,1808.322
72.700,moto,0,4,29.85,0,0,328.01,57.93,-256.56,1542.074,True,1571.720
72.700,moto,0,4,31.39,1,0,478.79,51.06,-274.19,1541.956,True,1732.636
72.700,moto,0,4,31.62,1,0,298.79,53.16,-238.71,1531.714,True,1531.714
72.700,atv,0,0,24.98,0,0,573.98,39.92,-211.40,1852.050,True,1852.050
74.700,moto,0,4,32.57,0,0,379.89,53.80,-284.18,1542.074,True,1630.070
74.700,moto,0,4,33.02,1,0,533.51,32.77,-247.89,1541.956,True,1796.471
74.700,moto,0,4,29.91,1,0,350.12,53.21,-270.11,1541.984,True,1597.342
74.700,atv,0,0,27.10,0,0,597.55,61.53,-170.54,1903.904,True,1903.904
76.700,moto,0,4,22.19,0,0,441.34,57.46,-287.12,1542.074,True,1692.743
76.700,moto,0,0,29.82,1,0,574.14,40.28,-210.40,1852.917,True,1852.917
76.700,moto,0,4,37.22,1,0,409.29,55.42,-290.22,1541.984,True,1660.284
76.700,atv,0,0,15.74,0,0,607.40,77.33,-142.84,1937.335,True,1937.335
78.700,moto,0,4,31.73,0,0,489.70,47.00,-271.07,1542.074,True,1744.632
78.700,moto,0,0,21.60,1,0,599.72,66.34,-162.82,1913.321,True,1913.321
78.700,moto,0,4,23.04,1,0,460.03,56.36,-280.78,1541.984,True,1712.298
78.700,atv,0,0,23.65,0,0,601.13,80.31,-111.17,1970.090,True,1970.090
80.700,moto,0,4,35.15,0,0,544.88,32.85,-242.28,1542.074,True,1808.982
80.700,moto,0,0,15.26,1,0,608.02,77.96,-135.60,1944.581,True,1944.581
80.700,moto,0,4,31.94,1,0,513.06,37.55,-259.18,1541.984,True,1772.476
80.700,atv,0,0,31.14,0,0,567.92,82.96,-68.60,2025.180,True,2025.180
82.700,moto,0,0,31.36,0,0,584.93,47.59,-195.96,1872.281,True,1872.281
82.700,moto,0,0,28.89,1,0,584.43,81.71,-96.48,1992.053,True,1992.053
82.700,moto,0,0,31.36,1,0,565.57,36.56,-222.22,1837.854,True,1837.854
82.700,atv,0,0,41.29,0,0,567.09,82.58,4.75,2098.361,True,2098.361
84.700,moto,0,0,13.70,0,0,604.07,71.88,-154.79,1924.081,True,1924.081
84.700,moto,0,0,38.23,1,0,564.28,82.42,-38.65,2055.088,True,2055.088
84.700,moto,0,0,31.23,1,0,595.32,59.97,-172.71,1900.513,True,1900.513
84.700,atv,1,1,40.01,0,0,563.08,82.13,91.48,65.821,False,65.821
86.700,moto,0,0,21.62,0,0,608.91,78.97,-124.44,1955.331,True,1955.331
86.700,moto,1,1,47.06,1,0,565.42,82.47,47.59,21.716,False,21.716
86.700,moto,0,0,15.89,1,0,606.29,77.32,-142.67,1937.224,True,1937.224
86.700,atv,1,1,41.94,0,0,516.54,80.19,149.89,142.044,False,142.044
88.700,moto,0,0,28.89,0,0,574.14,82.58,-83.29,2009.339,True,2009.339
88.700,moto,1,1,39.88,1,0,544.12,81.19,127.23,106.552,False,106.552
88.700,moto,0,0,29.05,1,0,595.08,80.89,-105.49,1978.101,True,1978.101
88.700,atv,1,2,34.00,0,0,442.11,76.47,193.95,228.689,False,228.689
90.700,moto,0,0,41.66,0,0,566.26,82.55,-13.33,2080.256,True,2080.256
90.700,moto,1,2,48.25,1,0,470.21,78.26,175.97,195.022,False,195.022
90.700,moto,0,0,35.34,1,0,564.75,82.69,-55.63,2038.205,True,2038.205
90.700,atv,1,2,24.73,0,0,386.75,74.41,223.73,291.838,False,291.838
92.700,moto,1,1,46.08,0,0,564.84,82.27,77.61,51.755,False,51.755
92.700,moto,1,2,31.70,1,0,406.27,74.65,213.64,269.680,False,269.680
92.700,moto,1,1,45.53,1,0,566.28,82.55,26.40,0.522,False,0.522
92.700,atv,1,2,21.45,0,0,347.66,82.21,243.41,313.221,False,340.804
94.700,moto,1,1,42.91,0,0,525.40,80.50,144.13,131.529,False,131.529
94.700,moto,1,2,27.81,1,0,352.60,84.53,240.99,312.937,False,336.374
94.700,moto,1,1,37.56,1,0,554.59,81.68,112.87,88.897,False,88.897
94.700,atv,1,2,14.30,0,0,323.06,80.39,259.20,313.221,False,369.688
96.700,moto,1,2,40.45,0,0,446.47,76.76,191.45,223.530,False,223.530
96.700,moto,1,2,19.82,1,0,303.60,77.51,263.50,312.937,False,388.283
96.700,moto,1,1,46.61,1,0,489.22,79.18,164.87,173.022,False,173.022
96.700,atv,1,2,19.65,0,0,295.35,73.38,273.06,313.221,False,400.573
98.700,moto,1,2,31.82,0,0,389.24,74.32,222.46,288.887,False,288.887
98.700,moto,1,2,23.63,1,0,271.62,59.26,283.22,312.937,False,430.642
98.700,moto,1,2,31.92,1,0,419.28,75.14,206.41,254.774,False,254.774
98.700,atv,1,2,18.85,0,0,265.67,58.56,288.76,313.221,False,438.321
100.700,moto,1,2,26.05,0,0,338.93,85.17,247.98,312.929,False,350.106
100.700,moto,1,2,32.66,1,0,217.27,53.11,294.48,312.937,False,487.277
100.700,moto,1,2,30.20,1,0,364.92,81.71,235.10,312.003,False,312.003
100.700,atv,1,2,31.95,0,0,210.85,52.21,295.91,313.221,False,493.712
102.700,moto,1,2,28.22,0,0,288.70,73.35,271.16,312.929,False,404.478
102.700,moto,1,2,31.66,1,0,155.61,46.84,287.25,312.937,False,549.820
102.700,moto,1,2,29.04,1,0,314.39,79.39,261.06,312.915,False,377.714
102.700,atv,1,2,31.25,0,0,150.36,46.17,285.55,313.221,False,555.384
104.700,moto,1,2,20.45,0,0,247.28,56.36,295.19,312.929,False,457.645
104.700,moto,1,2,22.62,1,0,111.37,49.56,274.01,312.937,False,592.400
104.700,moto,1,2,29.97,1,0,262.98,60.43,290.57,312.915,False,440.963
104.700,atv,1,2,22.93,0,0,106.04,49.45,272.24,313.221,False,594.413
106.700,moto,1,2,31.75,0,0,190.75,50.34,293.30,312.929,False,514.013
106.700,moto,1,2,20.80,1,0,69.63,34.49,259.46,312.937,False,647.154
106.700,moto,1,2,29.54,1,0,220.45,53.48,296.32,312.915,False,484.127
106.700,atv,1,2,22.26,0,0,64.28,34.69,257.17,313.221,False,652.915
108.700,moto,1,2,31.80,0,0,128.87,46.91,280.01,312.929,False,577.643
108.700,moto,1,2,36.68,1,0,18.49,32.98,229.83,312.937,False,705.834
108.700,moto,1,2,31.93,1,0,158.00,47.18,287.67,312.915,False,547.369
108.700,atv,1,2,36.93,0,0,12.18,32.39,226.54,313.221,False,712.958
110.700,moto,1,2,31.00,0,0,70.19,45.47,261.36,312.929,False,645.701
110.700,moto,1,3,33.66,1,0,-46.79,26.84,181.94,787.352,True,787.352
110.700,moto,1,2,30.53,1,0,97.71,50.46,270.24,312.915,False,615.534
110.700,atv,1,3,32.15,0,0,-51.33,26.57,181.19,791.330,True,791.330
112.700,moto,1,2,-0.02,0,0,39.33,34.59,250.04,312.929,False,678.624
112.700,moto,1,3,29.67,1,0,-90.32,23.07,138.19,849.604,True,849.604
112.700,moto,1,2,20.64,1,0,41.76,34.58,251.66,312.915,False,675.338
112.700,atv,1,3,28.02,0,0,-93.04,23.15,134.03,854.606,True,854.606
114.700,moto,1,2,0.01,0,0,39.36,34.59,249.97,312.929,False,678.623
114.700,moto,1,3,18.55,1,0,-108.86,21.76,103.47,874.345,True,892.789
114.700,moto,1,2,-0.04,1,0,41.11,34.58,251.42,312.915,False,676.434
114.700,atv,1,3,19.20,0,0,-111.82,20.81,97.83,874.117,True,899.137
116.700,moto,1,2,0.01,0,0,39.31,34.57,250.10,312.929,False,678.610
116.700,moto,1,3,27.11,1,0,-119.43,19.78,64.42,874.345,True,933.064
116.700,moto,1,2,-0.05,1,0,41.03,34.55,251.60,312.915,False,676.419
116.700,atv,1,3,27.81,0,0,-120.72,20.21,58.37,874.117,True,939.258
118.700,moto,1,2,-0.36,0,0,39.52,34.56,250.34,312.929,False,678.314
118.700,moto,1,3,22.73,1,0,-125.85,22.33,8.15,874.345,True,990.100
118.700,moto,1,2,-0.47,1,0,41.16,34.48,252.07,312.915,False,676.090
118.700,atv,1,3,21.71,0,0,-125.49,23.33,2.84,874.117,True,995.518
120.700,moto,1,2,-0.38,0,0,40.11,34.56,250.81,312.929,False,677.591
120.700,moto,1,3,20.43,1,0,-122.64,16.94,-33.98,874.345,True,1035.597
120.700,moto,1,2,-0.50,1,0,41.57,34.39,252.96,312.915,False,675.328
120.700,atv,1,3,16.99,0,0,-121.18,17.33,-38.44,874.117,True,1040.195
122.700,moto,1,2,-0.40,0,0,40.67,34.54,251.36,312.929,False,676.847
122.700,moto,1,3,32.23,1,0,-97.65,21.72,-75.87,874.345,True,1083.696
122.700,moto,1,2,13.15,2,0,117.97,48.66,278.14,312.915,False,589.127
122.700,atv,1,3,32.58,0,0,-94.07,21.91,-81.54,874.117,True,1090.384
124.700,moto,1,2,0.01,0,0,40.66,34.51,251.59,312.929,False,676.743
124.700,moto,1,3,40.51,1,0,-40.78,25.05,-122.46,874.345,True,1158.415
124.700,moto,1,2,16.89,2,0,93.52,35.19,263.77,312.915,False,623.546
124.700,atv,1,3,40.93,0,0,-35.56,25.40,-125.37,874.117,True,1164.256
126.700,moto,1,2,16.26,1,0,106.49,48.11,270.61,312.929,False,595.663
126.700,moto,1,3,31.53,1,0,26.83,29.58,-136.17,874.345,True,1227.763
126.700,moto,1,2,31.83,2,0,47.23,34.87,246.87,312.915,False,672.513
126.700,atv,1,3,31.78,0,0,32.37,29.96,-136.80,874.117,True,1233.347
128.700,moto,1,2,13.81,1,0,82.63,34.97,255.95,312.929,False,636.751
128.700,moto,1,3,17.10,1,0,81.44,35.73,-145.07,874.345,True,1283.935
128.700,moto,1,2,42.96,2,0,-15.63,29.85,208.98,312.915,False,745.797
128.700,atv,1,3,15.19,0,0,85.78,37.07,-146.10,874.117,True,1288.651
130.700,moto,1,2,32.02,1,0,35.52,34.63,240.98,312.929,False,685.574
130.700,moto,1,3,18.01,1,0,114.87,42.30,-152.86,874.345,True,1325.524
130.700,moto,1,3,31.91,2,0,-71.76,24.70,161.32,819.857,True,819.857
130.700,atv,1,3,19.21,0,0,121.20,41.00,-154.45,874.117,True,1332.073
132.700,moto,1,2,44.88,1,0,-29.37,28.51,197.53,312.929,False,763.651
132.700,moto,1,3,23.19,1,0,149.43,36.89,-160.00,874.345,True,1360.179
132.700,moto,1,3,30.70,2,0,-107.47,26.10,109.51,873.827,True,886.284
132.700,atv,1,3,23.25,0,0,156.05,38.22,-160.97,874.117,True,1366.988
134.700,moto,1,3,31.66,1,0,-80.33,23.92,151.34,833.024,True,833.024
134.700,moto,1,3,31.79,1,0,204.73,44.83,-176.31,874.345,True,1418.284
134.700,moto,1,3,31.48,2,0,-123.94,20.47,53.85,873.827,True,944.218
134.700,atv,1,4,31.79,0,0,210.50,45.26,-180.22,1425.100,True,1425.190
136.700,moto,1,3,30.09,1,0,-113.71,25.63,98.38,873.649,True,899.290
136.700,moto,1,4,31.85,1,0,258.32,47.98,-210.36,1481.824,True,1481.824
136.700,moto,1,3,30.79,2,0,-125.12,25.06,-9.17,873.827,True,1001.068
136.700,atv,1,4,31.82,0,0,263.99,48.25,-214.36,1488.773,True,1488.773
138.700,moto,1,3,31.77,1,0,-123.89,20.70,41.45,873.649,True,956.388
138.700,moto,1,4,21.64,1,0,301.98,54.15,-240.48,1535.689,True,1535.689
138.700,moto,1,3,17.31,2,0,-116.77,18.56,-49.65,873.827,True,1052.026
138.700,atv,1,4,22.00,0,0,306.74,55.45,-243.27,1539.263,True,1539.263
140.700,moto,1,3,30.06,1,0,-124.70,25.32,-21.21,873.649,True,1023.214
140.700,moto,1,4,15.89,1,0,337.30,47.64,-261.30,1542.674,True,1581.415
140.700,moto,1,3,34.71,2,0,-85.34,22.27,-92.80,873.827,True,1104.564
140.700,atv,1,4,16.49,0,0,342.31,48.45,-263.90,1542.532,True,1587.077
142.700,moto,1,3,20.57,1,0,-111.71,19.39,-53.92,873.649,True,1057.874
142.700,moto,1,4,31.53,1,0,379.62,53.81,-284.93,1542.674,True,1630.089
142.700,moto,1,3,41.37,2,0,-17.07,26.57,-129.94,873.827,True,1183.203
142.700,atv,1,4,31.83,0,0,385.82,54.21,-287.57,1542.532,True,1636.774
144.700,moto,1,3,36.57,1,0,-76.62,22.76,-100.62,873.649,True,1116.207
144.700,moto,1,4,22.47,1,0,440.53,57.43,-286.59,1542.674,True,1692.053
144.700,moto,1,3,31.81,2,0,47.47,31.04,-138.92,873.827,True,1248.630
144.700,atv,1,4,21.11,0,0,444.54,57.67,-287.01,1542.532,True,1695.886
146.700,moto,1,3,33.16,1,0,-4.76,27.42,-131.17,873.649,True,1195.685
146.700,moto,1,4,31.90,1,0,488.29,47.43,-270.55,1542.674,True,1743.420
146.700,moto,1,3,29.97,2,0,107.32,44.71,-150.41,873.827,True,1302.132
146.700,atv,1,4,31.73,0,0,493.92,45.64,-271.39,1542.532,True,1748.630
148.700,moto,1,3,31.81,1,0,58.09,31.82,-140.66,873.649,True,1259.429
148.700,moto,1,4,34.82,1,0,542.83,32.97,-240.99,1542.674,True,1808.119
148.700,moto,1,3,29.28,2,0,163.08,40.08,-162.40,873.827,True,1374.338
148.700,atv,1,4,16.40,0,0,536.04,32.75,-249.58,1542.532,True,1798.017
150.700,moto,1,3,29.00,1,0,116.97,46.70,-152.46,873.649,True,1327.694
150.700,moto,1,0,31.36,1,0,584.07,47.68,-195.16,1872.536,True,1872.536
150.700,moto,1,4,31.82,2,0,217.66,45.74,-183.92,1433.257,True,1433.257
150.700,atv,1,0,26.41,0,0,566.48,36.99,-221.01,1839.496,True,1839.496
152.700,moto,1,3,25.93,1,0,171.11,41.13,-164.53,873.649,True,1382.660
152.700,moto,1,0,13.82,1,0,602.92,71.97,-154.22,1924.250,True,1924.250
152.700,moto,1,4,31.85,2,0,270.58,48.57,-219.13,1496.907,True,1496.907
152.700,atv,1,0,29.48,0,0,593.20,56.51,-179.42,1892.783,True,1892.783
154.700,moto,1,4,31.82,1,0,227.13,46.29,-188.81,1443.907,True,1443.907
154.700,moto,1,0,21.69,1,0,607.73,79.07,-124.03,1956.044,True,1956.044
154.700,moto,1,4,30.03,2,0,322.26,57.94,-253.10,1542.044,True,1564.666
154.700,atv,1,0,13.50,0,0,606.04,75.60,-148.04,1931.940,True,1931.940
156.700,moto,1,4,31.79,1,0,279.20,49.10,-225.33,1507.570,True,1507.570
156.700,moto,1,0,28.84,1,0,572.77,82.61,-83.09,2010.054,True,2010.054
156.700,moto,1,4,30.67,2,0,373.14,53.11,-281.24,1542.044,True,1622.660
156.700,atv,1,0,20.50,0,0,605.83,79.62,-118.03,1962.102,True,1962.102
158.700,moto,1,4,29.75,1,0,330.82,57.74,-258.34,1541.970,True,1575.137
158.700,moto,1,0,41.69,1,0,565.20,82.52,-12.98,2080.576,True,2080.576
158.700,moto,1,4,22.27,2,0,436.12,57.13,-288.45,1542.044,True,1687.385
158.700,atv,1,0,28.59,0,0,571.81,82.78,-79.33,2013.896,True,2013.896
160.700,moto,1,4,32.91,1,0,383.04,54.03,-284.80,1541.970,True,1633.272
160.700,moto,2,0,14.61,1,0,568.39,82.40,58.44,0.475,False,0.475
160.700,moto,1,4,31.76,2,0,483.16,49.56,-273.64,1542.044,True,1737.176
160.700,atv,1,0,39.76,0,0,566.44,82.53,-10.89,2082.740,True,2082.740
162.700,moto,1,4,21.39,1,0,443.46,57.63,-285.42,1541.970,True,1695.191
162.700,moto,2,0,5.87,1,0,568.97,82.23,81.69,0.475,False,0.475
162.700,moto,1,4,33.85,2,0,538.01,32.63,-246.44,1542.044,True,1801.034
162.700,atv,2,0,13.33,0,0,568.14,82.41,55.84,0.575,False,0.575
164.700,moto,1,4,31.91,1,0,492.47,45.72,-268.74,1541.970,True,1748.299
164.700,moto,2,0,0.00,1,0,568.92,82.23,82.27,0.475,False,0.475
164.700,moto,1,0,31.32,2,0,581.27,44.72,-201.47,1865.119,True,1865.119
164.700,atv,2,0,1.75,0,0,569.31,82.27,77.32,0.575,False,0.575
166.700,moto,1,4,35.55,1,0,547.68,33.33,-238.62,1541.970,True,1813.411
166.700,moto,2,0,0.00,1,0,568.92,82.23,82.27,0.475,False,0.475
166.700,moto,1,0,15.83,2,0,603.03,70.21,-157.37,1920.812,True,1920.812
166.700,atv,2,0,0.01,0,0,569.31,82.26,77.56,0.575,False,0.575
168.700,moto,1,0,31.34,1,0,585.85,49.68,-191.27,1877.237,True,1877.237
168.700,moto,2,0,0.00,1,0,568.92,82.23,82.27,0.475,False,0.475
168.700,moto,1,0,19.48,2,0,609.62,78.40,-129.12,1950.868,True,1950.868
168.700,atv,2,0,0.01,0,0,569.32,82.26,77.58,0.575,False,0.575
170.560,moto,1,0,13.93,1,0,603.03,72.13,-153.99,1924.541,True,1924.541
170.560,moto,2,0,0.00,1,0,568.92,82.23,82.27,0.475,False,0.475
170.560,moto,1,0,28.14,2,0,580.48,82.07,-91.24,1998.721,True,1998.721
170.560,atv,2,0,-0.39,0,0,569.36,82.27,77.31,0.575,False,0.575
172.240,moto,1,0,18.87,1,0,608.54,78.29,-130.01,1950.130,True,1950.130
172.240,moto,2,0,0.00,1,0,568.92,82.23,82.27,0.475,False,0.475
172.240,moto,1,0,37.70,2,0,565.31,82.43,-41.15,2052.543,True,2052.543
172.240,atv,2,0,-0.40,0,0,569.42,82.27,76.65,0.575,False,0.575
173.920,moto,1,0,28.37,1,0,583.96,81.75,-96.04,1992.714,True,1992.714
173.920,moto,2,0,0.00,1,0,568.92,82.23,82.27,0.475,False,0.475
173.920,moto,2,0,43.14,2,0,567.35,82.55,29.39,0.882,False,0.882
173.920,atv,2,0,0.01,0,0,569.45,82.27,76.48,0.575,False,0.575
175.520,moto,1,0,35.98,1,0,564.52,82.60,-52.39,2041.405,True,2041.405
175.520,moto,2,0,0.00,1,0,568.92,82.23,82.27,0.475,False,0.475
175.520,moto,2,0,11.78,2,0,569.19,82.36,65.86,0.882,False,0.882
175.520,atv,2,0,0.01,0,0,569.47,82.27,76.50,0.575,False,0.575
177.240,moto,1,0,44.84,1,0,566.31,82.57,17.87,2111.392,True,2111.392
177.240,moto,2,0,0.00,1,0,568.92,82.23,82.27,0.475,False,0.475
177.240,moto,2,0,8.41,2,0,569.30,82.30,74.18,0.882,False,0.882
177.240,atv,2,0,0.34,1,0,567.99,82.35,66.88,0.575,False,0.575
