time,driver,station,speed,target,throttle,brake,errors,errorWeight,line,brakeJudgment,grounded,water,recoveries
3.854,Reference,6.42,0.000,0.000,0.000,0.000,0,0.000,0.000,1.000,0,0.000,0
3.854,EMBER,14.55,0.000,0.000,0.000,0.000,0,0.000,0.000,1.000,0,0.000,0
3.854,GOLD,21.51,0.000,0.000,0.000,0.000,0,0.000,0.000,1.000,0,0.000,0
3.854,BLUE,28.52,0.000,0.000,0.000,0.000,0,0.000,0.000,1.000,0,0.000,0
4.480,Reference,8.93,7.607,19.130,1.000,0.000,0,0.000,0.000,1.000,4,0.000,0
4.480,EMBER,16.91,6.993,17.438,1.000,0.000,0,0.000,0.000,1.000,4,0.000,0
4.480,GOLD,24.76,9.590,26.000,1.000,0.000,0,0.000,0.000,1.000,4,0.000,0
4.480,BLUE,31.61,8.981,26.000,1.000,0.000,0,0.000,0.000,1.000,4,0.000,0
7.320,Reference,61.47,25.101,26.000,0.454,0.000,0,0.000,0.000,1.000,4,0.000,0
7.320,EMBER,67.05,24.905,26.000,0.559,0.000,0,0.000,0.000,1.000,4,0.000,0
7.320,GOLD,85.95,25.432,26.000,0.284,0.000,0,0.000,0.000,1.000,4,0.000,0
7.320,BLUE,90.40,25.349,26.000,0.325,0.000,0,0.000,0.000,1.000,4,0.000,0
11.320,Reference,162.06,25.118,26.000,0.441,0.000,0,0.000,0.000,1.000,4,0.000,0
11.320,EMBER,167.44,25.113,26.000,0.444,0.000,0,0.000,0.000,1.000,4,0.000,0
11.320,GOLD,187.65,25.425,26.000,0.287,0.000,0,0.000,0.000,1.000,4,0.000,0
11.320,BLUE,191.68,25.354,26.000,0.323,0.000,0,0.000,0.000,1.000,4,0.000,0
15.320,Reference,262.77,25.182,26.000,0.409,0.000,0,0.000,0.000,1.000,4,0.000,0
15.320,EMBER,267.86,25.192,26.000,0.405,0.000,0,0.000,0.000,1.000,4,0.000,0
15.320,GOLD,289.72,25.531,26.000,0.236,0.000,0,0.000,0.000,1.000,4,0.000,0
15.320,BLUE,292.88,25.494,26.000,0.254,0.000,0,0.000,0.000,1.000,4,0.000,0
19.320,Reference,365.89,19.681,20.191,0.275,0.000,0,0.000,0.000,1.000,4,0.000,0
19.320,EMBER,366.91,19.237,20.383,0.623,0.000,0,0.000,0.000,1.000,4,0.000,0
19.320,GOLD,398.24,26.346,28.059,0.965,0.000,0,0.000,0.000,1.000,4,0.000,0
19.320,BLUE,395.86,25.901,26.000,0.065,0.000,0,0.000,0.000,1.000,4,0.000,0
23.320,Reference,465.15,25.450,26.000,0.274,0.000,0,0.000,0.000,1.000,4,0.000,0
23.320,EMBER,464.37,23.901,24.533,0.320,0.000,1,0.729,0.000,0.781,4,0.000,0
23.320,GOLD,505.74,26.511,27.770,0.686,0.000,0,0.000,0.000,1.000,4,0.000,0
23.320,BLUE,483.18,18.611,31.485,1.000,0.000,0,0.000,0.000,1.000,4,0.000,0
27.320,Reference,568.88,26.643,36.835,1.000,0.000,0,0.000,0.000,1.000,4,0.000,0
27.320,EMBER,552.43,19.465,26.000,1.000,0.000,1,0.000,0.000,1.000,4,0.000,0
27.320,GOLD,613.90,25.625,26.000,0.186,0.000,1,0.201,0.000,0.940,4,0.000,0
27.320,BLUE,582.34,18.455,0.000,0.000,1.000,0,0.000,0.000,1.000,4,0.000,0
31.320,Reference,677.10,30.283,39.367,1.000,0.000,1,0.000,0.000,1.000,4,0.000,0
31.320,EMBER,641.10,25.293,26.000,0.356,0.000,1,0.000,0.000,1.000,4,0.000,0
31.320,GOLD,734.39,27.920,26.000,0.000,0.553,1,0.000,0.000,1.000,4,0.000,0
31.320,BLUE,682.09,33.388,47.121,1.000,0.000,0,0.000,0.000,1.000,4,0.000,0
35.320,Reference,791.95,25.788,26.000,0.027,0.000,1,0.000,0.000,1.000,4,0.000,0
35.320,EMBER,756.10,25.802,26.000,0.122,0.000,1,0.000,0.000,1.000,4,0.000,0
35.320,GOLD,838.16,25.895,26.000,0.104,0.000,1,0.000,0.000,1.000,4,0.000,0
35.320,BLUE,798.27,25.941,26.000,0.074,0.000,0,0.000,0.000,1.000,4,0.000,0
39.320,Reference,871.18,9.515,9.829,0.207,0.000,1,0.000,0.000,1.000,4,0.000,0
39.320,EMBER,859.29,25.798,26.000,0.021,0.000,1,0.000,0.000,1.000,4,0.000,0
39.320,GOLD,943.47,33.792,41.341,1.000,0.000,1,0.000,0.000,1.000,4,0.000,0
39.320,BLUE,896.56,24.582,26.000,0.799,0.000,1,0.960,0.000,0.712,4,0.000,0
43.320,Reference,962.55,33.633,41.470,1.000,0.000,1,0.000,0.000,1.000,4,0.000,0
43.320,EMBER,966.27,34.002,43.426,1.000,0.000,1,0.000,0.000,1.000,4,0.000,0
43.320,GOLD,1101.53,30.437,30.692,0.000,0.000,1,0.000,0.000,1.000,2,0.000,0
43.320,BLUE,1020.90,41.364,0.000,0.000,1.000,1,0.000,0.000,1.000,4,0.000,0
47.320,Reference,1106.23,30.762,31.509,0.390,0.000,1,0.000,0.000,1.000,3,0.000,0
47.320,EMBER,1110.46,30.982,31.509,0.276,0.000,1,0.000,0.000,1.000,4,0.000,0
47.320,GOLD,1197.58,16.099,15.106,0.000,0.288,2,0.718,0.000,0.785,4,0.000,0
47.320,BLUE,1148.02,25.711,26.000,0.044,0.000,1,0.000,0.000,1.000,4,0.000,0
51.320,Reference,1197.97,14.506,13.352,0.000,0.329,1,0.000,0.000,1.000,4,0.000,0
51.320,EMBER,1199.44,13.661,12.344,0.000,0.376,1,0.000,0.000,1.000,4,0.000,0
51.320,GOLD,1285.22,35.422,48.575,1.000,0.000,2,0.000,0.000,1.000,4,0.000,0
51.320,BLUE,1220.21,14.468,16.454,1.000,0.000,1,0.000,0.000,1.000,4,0.000,0
55.320,Reference,1256.22,26.110,43.999,1.000,0.000,1,0.000,0.000,1.000,4,0.000,0
55.320,EMBER,1268.53,27.375,41.479,1.000,0.000,2,0.628,-0.408,1.000,4,0.000,0
55.320,GOLD,1399.95,21.470,20.878,0.000,0.165,2,0.000,0.000,1.000,4,0.000,0
55.320,BLUE,1334.36,30.835,31.152,0.002,0.000,1,0.000,0.000,1.000,4,0.000,0
59.320,Reference,1371.14,25.016,26.000,0.540,0.000,1,0.000,0.000,1.000,3,0.000,0
59.320,EMBER,1380.83,25.201,24.389,0.000,0.222,2,0.000,0.000,1.000,4,0.000,0
59.320,GOLD,1481.92,25.775,26.000,0.145,0.000,2,0.000,0.000,1.000,4,0.000,0
59.320,BLUE,1418.45,16.200,26.000,1.000,0.000,1,0.000,0.000,1.000,4,0.000,0
63.320,Reference,1454.74,16.738,17.610,0.457,0.000,2,0.141,0.000,0.958,4,0.000,0
63.320,EMBER,1458.67,16.681,17.892,0.652,0.000,2,0.000,0.000,1.000,2,0.000,0
63.320,GOLD,1589.04,28.719,29.069,0.175,0.000,2,0.000,0.000,1.000,4,0.000,0
63.320,BLUE,1499.85,16.995,0.000,0.000,1.000,1,0.000,0.000,1.000,4,0.000,0
67.320,Reference,1550.71,25.437,26.000,0.280,0.000,2,0.000,0.000,1.000,4,0.000,0
67.320,EMBER,1558.07,25.400,26.000,0.299,0.000,2,0.000,0.000,1.000,4,0.000,0
67.320,GOLD,1699.49,27.041,26.000,0.000,0.310,2,0.000,0.000,1.000,4,0.000,0
67.320,BLUE,1593.63,27.615,28.435,0.434,0.000,1,0.000,0.000,1.000,3,0.000,0
71.320,Reference,1657.31,25.855,26.000,0.090,0.000,2,0.000,0.000,1.000,4,0.000,0
71.320,EMBER,1663.28,26.801,40.329,1.000,0.000,2,0.000,0.000,1.000,4,0.000,0
71.320,GOLD,1791.37,28.069,30.856,1.000,0.000,2,0.000,0.000,1.000,4,0.000,0
71.320,BLUE,1694.88,25.221,28.192,1.000,0.000,1,0.000,0.000,1.000,4,0.000,0
75.320,Reference,1757.09,21.809,22.669,0.481,0.000,2,0.000,0.000,1.000,4,0.000,0
75.320,EMBER,1759.64,21.610,20.313,0.000,0.361,2,0.000,0.000,1.000,4,0.000,0
75.320,GOLD,1910.96,25.845,26.000,0.098,0.000,2,0.000,0.000,1.000,4,0.000,0
75.320,BLUE,1784.63,19.138,0.000,0.000,1.000,2,0.000,0.000,1.000,4,0.000,0
79.320,Reference,1868.99,30.399,31.509,0.586,0.000,2,0.000,0.000,1.000,4,0.000,0
79.320,EMBER,1867.54,30.255,31.509,0.662,0.000,2,0.000,0.000,1.000,3,0.000,0
79.320,GOLD,2039.78,25.810,26.000,0.111,0.000,2,0.000,0.000,1.000,4,0.000,0
79.320,BLUE,1881.07,27.750,26.000,0.000,0.503,2,0.000,0.000,1.000,4,0.000,0
83.320,Reference,1988.68,34.610,33.688,0.000,0.271,2,0.000,0.000,1.000,4,0.000,0
83.320,EMBER,1977.62,31.631,34.643,1.000,0.000,3,0.167,0.000,0.950,4,0.000,0
83.320,GOLD,2167.32,33.868,49.852,1.000,0.000,3,0.459,-0.298,1.000,4,0.000,0
83.320,BLUE,1989.20,32.657,34.489,0.969,0.000,2,0.000,0.000,1.000,4,0.000,0
87.320,Reference,2087.90,26.624,30.776,1.000,0.000,2,0.000,0.000,1.000,4,0.000,0
87.320,EMBER,2080.38,24.094,26.516,1.000,0.000,3,0.000,0.000,1.000,4,0.000,0
87.320,GOLD,2305.66,25.777,26.000,0.137,0.000,3,0.000,0.000,1.000,4,0.000,0
87.320,BLUE,2096.17,27.467,41.768,1.000,0.000,2,0.000,0.000,1.000,4,0.000,0
91.320,Reference,2216.14,36.135,44.499,1.000,0.000,2,0.000,0.000,1.000,4,0.000,0
91.320,EMBER,2204.67,35.497,37.837,1.000,0.000,3,0.000,0.000,1.000,4,0.000,0
91.320,GOLD,2416.45,37.014,51.957,1.000,0.000,3,0.000,0.000,1.000,4,0.000,0
91.320,BLUE,2232.93,39.978,44.529,1.000,0.000,2,0.000,0.000,1.000,4,0.000,0
95.320,Reference,2298.06,22.993,26.000,1.000,0.000,2,0.000,0.000,1.000,4,0.000,0
95.320,EMBER,2287.24,19.795,26.000,1.000,0.000,3,0.000,0.000,1.000,4,0.000,0
95.320,GOLD,2587.46,42.578,40.413,0.000,0.630,3,0.000,0.000,1.000,4,0.000,0
95.320,BLUE,2348.66,25.925,26.000,0.056,0.000,2,0.000,0.000,1.000,4,0.000,0
99.320,Reference,2403.63,31.792,43.629,1.000,0.000,2,0.000,0.000,1.000,4,0.000,0
99.320,EMBER,2388.83,28.612,44.131,1.000,0.000,3,0.000,0.000,1.000,4,0.000,0
99.320,GOLD,2665.59,16.006,53.559,1.000,0.000,3,0.000,0.000,1.000,4,0.000,0
99.320,BLUE,2479.87,38.355,49.829,1.000,0.000,2,0.000,0.000,1.000,4,0.000,0
103.320,Reference,2553.88,41.113,42.472,0.688,0.000,2,0.000,0.000,1.000,4,0.000,0
103.320,EMBER,2534.66,40.983,44.476,1.000,0.000,3,0.000,0.000,1.000,4,0.000,0
103.320,GOLD,2800.12,45.309,52.928,1.000,0.000,3,0.000,0.000,1.000,4,0.000,0
103.320,BLUE,2633.24,19.357,15.413,0.000,1.000,2,0.000,0.000,1.000,4,0.000,0
107.320,Reference,2650.98,8.872,8.330,0.000,0.157,3,0.000,0.000,1.000,4,0.000,0
107.320,EMBER,2645.18,8.314,8.002,0.000,0.000,4,0.000,0.000,1.000,4,0.000,0
107.320,GOLD,2999.08,51.067,51.617,0.272,0.000,3,0.000,0.000,1.000,4,0.000,0
107.320,BLUE,2697.02,28.810,47.399,1.000,0.000,2,0.000,0.000,1.000,4,0.000,0
111.320,Reference,2735.41,32.832,41.545,1.000,0.000,3,0.000,0.000,1.000,4,0.000,0
111.320,EMBER,2709.46,29.196,39.771,1.000,0.000,4,0.000,0.000,1.000,4,0.000,0
111.320,GOLD,3200.84,49.868,50.347,0.237,0.000,3,0.000,0.000,1.000,4,0.000,0
111.320,BLUE,2853.90,45.657,46.919,0.641,0.000,2,0.000,0.000,1.000,4,0.000,0
115.320,Reference,2888.63,41.195,42.286,0.550,0.000,3,0.000,0.000,1.000,4,0.000,0
115.320,EMBER,2855.81,40.976,41.823,0.427,0.000,4,0.000,0.000,1.000,4,0.000,0
115.320,GOLD,3398.73,49.250,49.818,0.284,0.000,3,0.000,0.000,1.000,4,0.000,0
115.320,BLUE,3039.01,46.598,47.410,0.408,0.000,2,0.000,0.000,1.000,4,0.000,0
119.320,Reference,3055.74,42.290,43.436,0.575,0.000,3,0.000,0.000,1.000,4,0.000,0
119.320,EMBER,3019.52,40.592,41.368,0.388,0.000,4,0.000,0.000,1.000,4,0.000,0
119.320,GOLD,3596.26,49.613,50.320,0.355,0.000,4,0.018,-0.012,1.000,4,0.000,0
119.320,BLUE,3227.27,47.603,48.603,0.503,0.000,2,0.000,0.000,1.000,4,0.000,0
123.320,Reference,3226.73,43.143,44.362,0.611,0.000,3,0.000,0.000,1.000,4,0.000,0
123.320,EMBER,3175.84,40.680,41.769,0.552,0.000,4,0.000,0.000,1.000,4,0.000,0
123.320,GOLD,3733.40,14.105,14.584,0.272,0.000,4,0.000,0.000,1.000,4,0.000,0
123.320,BLUE,3419.95,48.719,49.841,0.563,0.000,2,0.000,0.000,1.000,4,0.000,0
127.320,Reference,3400.11,43.457,44.555,0.549,0.000,3,0.000,0.000,1.000,4,0.000,0
127.320,EMBER,3341.41,41.926,42.805,0.442,0.000,4,0.000,0.000,1.000,4,0.000,0
127.320,GOLD,3849.85,42.557,52.898,1.000,0.000,4,0.000,0.000,1.000,4,0.000,0
127.320,BLUE,3616.59,49.383,50.442,0.530,0.000,3,0.362,-0.235,1.000,4,0.000,0
131.320,Reference,3573.53,43.114,43.908,0.395,0.000,3,0.000,0.000,1.000,4,0.000,0
131.320,EMBER,3511.29,42.978,43.907,0.467,0.000,4,0.000,0.000,1.000,4,0.000,0
131.320,GOLD,4044.90,52.360,53.555,0.602,0.000,4,0.000,0.000,1.000,4,0.000,0
131.320,BLUE,3738.98,12.593,11.950,0.000,0.191,3,0.000,0.000,1.000,4,0.000,0
135.320,Reference,3717.71,18.354,16.485,0.000,0.533,3,0.000,0.000,1.000,4,0.000,0
135.320,EMBER,3674.47,35.220,36.410,0.616,0.000,5,0.076,0.049,1.000,4,0.000,0
135.320,GOLD,4255.28,52.517,53.187,0.333,0.000,4,0.000,0.000,1.000,4,0.000,0
135.320,BLUE,3846.20,39.614,48.945,1.000,0.000,3,0.000,0.000,1.000,4,0.000,0
139.320,Reference,3765.86,-0.001,0.000,0.000,0.000,3,0.000,0.000,1.000,4,0.000,0
139.320,EMBER,3753.23,18.045,26.808,1.000,0.000,5,0.000,0.000,1.000,4,0.000,0
139.320,GOLD,4429.89,36.970,51.996,1.000,0.000,4,0.000,0.000,1.000,4,0.000,0
139.320,BLUE,4025.84,47.026,47.670,0.321,0.000,3,0.000,0.000,1.000,4,0.000,0
143.320,Reference,3765.92,0.000,0.000,0.000,0.000,3,0.000,0.000,1.000,4,0.000,0
143.320,EMBER,3761.65,0.000,0.000,0.000,0.000,5,0.000,0.000,1.000,4,0.000,0
143.320,GOLD,4592.99,26.174,7.917,0.000,1.000,4,0.000,0.000,1.000,4,0.000,0
143.320,BLUE,4212.58,46.425,46.954,0.263,0.000,3,0.000,0.000,1.000,4,0.000,0
147.320,Reference,3765.08,0.000,0.000,0.000,0.000,3,0.000,0.000,1.000,4,0.000,0
147.320,EMBER,3760.59,-0.406,0.000,0.000,0.450,5,0.000,0.000,1.000,4,0.000,0
147.320,GOLD,4617.66,17.432,18.062,0.357,0.000,4,0.000,0.000,1.000,4,0.000,0
147.320,BLUE,4388.06,33.983,34.674,0.360,0.000,3,0.000,0.000,1.000,4,0.000,0
151.320,Reference,3759.64,10.275,30.515,1.000,0.000,3,0.000,0.000,1.000,4,0.000,1
151.320,EMBER,3762.67,1.063,0.000,0.000,0.302,5,0.000,0.000,1.000,4,0.000,0
151.320,GOLD,4670.61,16.540,21.852,1.000,0.000,5,0.152,0.000,0.954,4,0.000,0
151.320,BLUE,4545.14,45.681,48.249,1.000,0.000,3,0.000,0.000,1.000,4,0.000,0
155.320,Reference,3863.04,35.873,44.171,1.000,0.000,4,0.000,0.000,1.000,4,0.000,1
155.320,EMBER,3762.80,0.000,0.000,0.000,0.000,5,0.000,0.000,1.000,4,0.000,0
155.320,GOLD,91.69,24.204,24.415,0.084,0.000,5,0.000,0.000,1.000,4,0.000,0
155.320,BLUE,4660.09,10.698,10.613,0.000,0.000,3,0.000,0.000,1.000,4,0.000,0
159.320,Reference,4023.66,42.893,44.590,0.855,0.000,4,0.000,0.000,1.000,4,0.000,1
159.320,EMBER,3762.93,0.017,0.000,0.000,0.000,5,0.000,0.000,1.000,4,0.000,0
159.320,GOLD,171.06,25.260,26.000,0.379,0.000,5,0.000,0.000,1.000,4,0.000,0
159.320,BLUE,64.46,25.052,26.000,0.493,0.000,4,0.000,0.000,1.000,4,0.000,0
163.320,Reference,4196.85,43.330,44.150,0.409,0.000,4,0.000,0.000,1.000,4,0.000,1
163.320,EMBER,3762.93,0.000,0.000,0.000,0.000,5,0.000,0.000,1.000,4,0.000,0
163.320,GOLD,272.44,25.466,26.000,0.268,0.000,5,0.000,0.000,1.000,4,0.000,0
163.320,BLUE,165.45,25.329,26.000,0.335,0.000,4,0.000,0.000,1.000,4,0.000,0
167.320,Reference,4366.39,35.684,33.436,0.000,0.643,4,0.000,0.000,1.000,4,0.000,1
167.320,EMBER,3781.82,18.251,44.397,1.000,0.000,5,0.000,0.000,1.000,4,0.000,0
167.320,GOLD,380.69,25.561,26.000,0.254,0.000,5,0.000,0.000,1.000,4,0.000,0
167.320,BLUE,266.96,25.382,26.000,0.310,0.000,4,0.000,0.000,1.000,4,0.000,0
171.320,Reference,4501.38,38.655,42.002,1.000,0.000,4,0.000,0.000,1.000,4,0.000,1
171.320,EMBER,3902.99,38.478,44.339,1.000,0.000,5,0.000,0.000,1.000,4,0.000,0
171.320,GOLD,488.53,28.507,32.177,1.000,0.000,5,0.000,0.000,1.000,4,0.000,0
171.320,BLUE,372.51,22.773,26.000,1.000,0.000,4,0.000,0.000,1.000,3,0.000,0
175.320,Reference,4643.82,16.598,14.042,0.000,0.728,4,0.000,0.000,1.000,4,0.000,1
175.320,EMBER,4070.12,42.876,43.503,0.312,0.000,5,0.000,0.000,1.000,4,0.000,0
175.320,GOLD,598.98,26.713,26.000,0.000,0.215,5,0.000,0.000,1.000,4,0.000,0
175.320,BLUE,470.83,25.528,26.000,0.237,0.000,4,0.000,0.000,1.000,4,0.000,0
179.320,Reference,27.67,22.930,26.000,1.000,0.000,5,0.884,-0.575,1.000,4,0.000,1
179.320,EMBER,4239.91,41.954,42.348,0.194,0.000,5,0.000,0.000,1.000,4,0.000,0
179.320,GOLD,716.10,36.186,35.637,0.000,0.161,6,0.000,0.000,1.000,2,0.000,0
179.320,BLUE,577.71,23.904,0.000,0.000,1.000,4,0.000,0.000,1.000,4,0.000,0
183.320,Reference,127.69,25.112,26.000,0.444,0.000,5,0.000,0.000,1.000,4,0.000,1
183.320,EMBER,4394.77,30.482,33.262,1.000,0.000,6,0.000,0.000,1.000,4,0.000,0
183.320,GOLD,823.19,25.939,26.000,0.080,0.000,6,0.000,0.000,1.000,4,0.000,0
183.320,BLUE,674.60,31.956,46.193,1.000,0.000,4,0.000,0.000,1.000,4,0.000,0
187.320,Reference,228.16,25.139,26.000,0.430,0.000,5,0.000,0.000,1.000,4,0.000,1
187.320,EMBER,4535.31,40.366,41.450,0.552,0.000,6,0.000,0.000,1.000,4,0.000,0
187.320,GOLD,925.09,28.653,40.022,1.000,0.000,6,0.000,0.000,1.000,4,0.000,0
187.320,BLUE,792.24,25.845,26.000,0.125,0.000,4,0.000,0.000,1.000,4,0.000,0
191.320,Reference,332.17,30.132,30.305,0.080,0.000,5,0.000,0.000,1.000,4,0.000,1
191.320,EMBER,4654.37,9.042,9.176,0.028,0.000,6,0.000,0.000,1.000,4,0.000,0
191.320,GOLD,1083.20,34.093,32.933,0.000,0.345,6,0.000,0.000,1.000,4,0.000,0
191.320,BLUE,890.94,24.899,0.000,0.000,1.000,5,0.779,-0.507,1.000,4,0.000,0
195.320,Reference,425.38,25.880,31.509,1.000,0.000,5,0.000,0.000,1.000,4,0.000,1
195.320,EMBER,46.52,25.081,26.000,0.466,0.000,6,0.000,0.000,1.000,4,0.000,0
195.320,GOLD,1187.33,20.613,21.660,0.595,0.000,6,0.000,0.000,1.000,4,0.000,0
195.320,BLUE,1014.79,41.710,50.393,1.000,0.000,5,0.000,0.000,1.000,4,0.000,0
199.320,Reference,531.37,25.731,26.000,0.152,0.000,5,0.000,0.000,1.000,4,0.000,1
199.320,EMBER,147.02,25.102,26.000,0.449,0.000,6,0.000,0.000,1.000,4,0.000,0
199.320,GOLD,1267.56,32.174,51.494,1.000,0.000,6,0.000,0.000,1.000,4,0.000,0
199.320,BLUE,1144.33,25.910,26.000,0.062,0.000,5,0.000,0.000,1.000,4,0.000,0
203.320,Reference,637.72,25.327,26.000,0.337,0.000,5,0.000,0.000,1.000,4,0.000,1
203.320,EMBER,247.44,25.147,26.000,0.427,0.000,6,0.000,0.000,1.000,4,0.000,0
203.320,GOLD,1387.56,25.549,23.624,0.000,0.547,7,0.354,0.000,0.894,4,0.000,0
203.320,BLUE,1218.16,13.168,13.958,0.432,0.000,5,0.000,0.000,1.000,4,0.000,0
207.320,Reference,754.02,25.895,26.000,0.072,0.000,6,0.394,0.000,0.882,4,0.000,1
207.320,EMBER,351.43,21.486,21.756,0.035,0.000,6,0.000,0.000,1.000,4,0.000,0
207.320,GOLD,1469.06,20.492,25.692,1.000,0.000,7,0.000,0.000,1.000,2,0.000,0
207.320,BLUE,1329.98,32.843,30.376,0.000,0.723,5,0.000,0.000,1.000,4,0.000,0
211.320,Reference,857.56,25.970,26.000,0.055,0.000,6,0.000,0.000,1.000,4,0.000,1
211.320,EMBER,443.03,25.664,26.000,0.037,0.000,6,0.000,0.000,1.000,4,0.000,0
211.320,GOLD,1574.10,25.948,34.061,1.000,0.000,7,0.000,0.000,1.000,4,0.000,0
211.320,BLUE,1416.54,14.939,24.343,1.000,0.000,5,0.000,0.000,1.000,4,0.000,0
215.320,Reference,964.43,33.765,42.500,1.000,0.000,6,0.000,0.000,1.000,4,0.000,1
215.320,EMBER,548.39,25.868,26.000,0.085,0.000,7,0.895,-0.581,1.000,4,0.000,0
215.320,GOLD,1683.39,31.876,32.131,0.130,0.000,7,0.000,0.000,1.000,4,0.000,0
215.320,BLUE,1497.24,20.588,0.000,0.000,1.000,5,0.000,0.000,1.000,4,0.000,0
219.320,Reference,1107.75,30.914,31.509,0.311,0.000,6,0.000,0.000,1.000,3,0.000,1
219.320,EMBER,654.21,26.570,30.854,1.000,0.000,7,0.000,0.000,1.000,4,0.000,0
219.320,GOLD,1778.07,25.805,26.000,0.124,0.000,8,0.323,0.000,0.903,4,0.000,0
219.320,BLUE,1588.44,28.321,29.069,0.391,0.000,6,0.461,0.300,1.000,4,0.000,0
223.320,Reference,1198.26,14.494,13.352,0.000,0.326,6,0.000,0.000,1.000,4,0.000,1
223.320,EMBER,770.77,25.753,26.000,0.035,0.000,7,0.000,0.000,1.000,3,0.000,0
223.320,GOLD,1897.51,25.755,26.000,0.147,0.000,8,0.000,0.000,1.000,4,0.000,0
223.320,BLUE,1691.23,24.268,28.192,1.000,0.000,6,0.000,0.000,1.000,4,0.000,0
227.320,Reference,1268.69,27.699,44.488,1.000,0.000,6,0.000,0.000,1.000,4,0.000,1
227.320,EMBER,874.41,25.753,26.000,0.035,0.000,7,0.000,0.000,1.000,4,0.000,0
227.320,GOLD,2025.35,29.393,29.281,0.000,0.000,8,0.000,0.000,1.000,4,0.000,0
227.320,BLUE,1782.16,22.265,0.000,0.000,1.000,6,0.000,0.000,1.000,4,0.000,0
231.320,Reference,1381.30,25.227,25.168,0.000,0.000,6,0.000,0.000,1.000,4,0.000,1
231.320,EMBER,986.69,36.273,44.077,1.000,0.000,7,0.000,0.000,1.000,4,0.000,0
231.320,GOLD,2148.26,41.061,53.566,1.000,0.000,8,0.000,0.000,1.000,4,0.000,0
231.320,BLUE,1877.68,28.897,28.192,0.000,0.202,6,0.000,0.000,1.000,4,0.000,0
235.320,Reference,1459.62,16.554,16.284,0.000,0.000,7,0.000,0.000,1.000,2,0.000,1
235.320,EMBER,1127.13,26.613,26.000,0.000,0.171,7,0.000,0.000,1.000,4,0.000,0
235.320,GOLD,2292.42,25.706,26.000,0.045,0.000,8,0.000,0.000,1.000,4,0.000,0
235.320,BLUE,1985.31,31.992,37.302,1.000,0.000,6,0.000,0.000,1.000,4,0.000,0
239.320,Reference,1559.21,25.408,26.000,0.296,0.000,7,0.000,0.000,1.000,4,0.000,1
239.320,EMBER,1206.77,10.901,11.048,0.080,0.000,7,0.000,0.000,1.000,4,0.000,0
239.320,GOLD,2398.27,32.761,51.716,1.000,0.000,8,0.000,0.000,1.000,4,0.000,0
239.320,BLUE,2092.90,26.480,43.806,1.000,0.000,6,0.000,0.000,1.000,4,0.000,0
243.320,Reference,1664.60,27.160,40.329,1.000,0.000,7,0.000,0.000,1.000,4,0.000,1
243.320,EMBER,1284.88,29.837,42.967,1.000,0.000,7,0.000,0.000,1.000,4,0.000,0
243.320,GOLD,2563.56,47.542,48.436,0.456,0.000,8,0.000,0.000,1.000,4,0.000,0
243.320,BLUE,2228.16,39.468,44.529,1.000,0.000,6,0.000,0.000,1.000,4,0.000,0
247.320,Reference,1760.77,22.255,22.803,0.313,0.000,7,0.000,0.000,1.000,4,0.000,1
247.320,EMBER,1394.04,21.058,19.896,0.000,0.321,7,0.000,0.000,1.000,4,0.000,0
247.320,GOLD,2659.03,9.779,10.000,0.122,0.000,9,0.000,0.000,1.000,4,0.000,0
247.320,BLUE,2345.57,25.904,26.000,0.067,0.000,6,0.000,0.000,1.000,4,0.000,0
251.320,Reference,1871.16,30.572,31.509,0.495,0.000,7,0.000,0.000,1.000,3,0.000,1
251.320,EMBER,1468.53,19.395,21.856,1.000,0.000,8,0.000,0.000,1.000,2,0.000,0
251.320,GOLD,2777.27,43.307,50.254,1.000,0.000,9,0.000,0.000,1.000,4,0.000,0
251.320,BLUE,2475.31,37.803,48.510,1.000,0.000,6,0.000,0.000,1.000,4,0.000,0
255.320,Reference,1990.20,34.381,33.939,0.000,0.135,7,0.000,0.000,1.000,4,0.000,1
255.320,EMBER,1571.74,25.409,26.000,0.296,0.000,8,0.000,0.000,1.000,4,0.000,0
255.320,GOLD,2971.29,50.581,51.479,0.452,0.000,9,0.000,0.000,1.000,4,0.000,0
255.320,BLUE,2630.74,21.753,21.021,0.000,0.214,6,0.000,0.000,1.000,4,0.000,0
259.320,Reference,2094.43,27.801,36.514,1.000,0.000,7,0.000,0.000,1.000,4,0.000,1
259.320,EMBER,1678.79,30.332,34.699,1.000,0.000,8,0.000,0.000,1.000,4,0.000,0
259.320,GOLD,3176.15,51.831,52.821,0.498,0.000,9,0.000,0.000,1.000,4,0.000,0
259.320,BLUE,2693.61,27.876,50.431,1.000,0.000,6,0.000,0.000,1.000,4,0.000,0
263.320,Reference,2225.89,36.920,43.975,1.000,0.000,7,0.000,0.000,1.000,4,0.000,1
263.320,EMBER,1771.13,22.349,22.571,0.139,0.000,8,0.000,0.000,1.000,4,0.000,0
263.320,GOLD,3385.19,52.588,53.542,0.478,0.000,9,0.000,0.000,1.000,4,0.000,0
263.320,BLUE,2848.45,45.680,50.132,1.000,0.000,6,0.000,0.000,1.000,4,0.000,0
267.320,Reference,2342.45,25.771,26.000,0.134,0.000,7,0.000,0.000,1.000,4,0.000,1
267.320,EMBER,1883.66,26.956,26.000,0.000,0.268,8,0.000,0.000,1.000,4,0.000,0
267.320,GOLD,3595.59,49.167,41.671,0.000,1.000,9,0.000,0.000,1.000,4,0.000,0
267.320,BLUE,3040.28,48.360,49.037,0.336,0.000,6,0.000,0.000,1.000,4,0.000,0
271.320,Reference,2465.42,37.936,38.217,0.137,0.000,7,0.000,0.000,1.000,4,0.000,1
271.320,EMBER,2004.23,29.522,28.024,0.000,0.435,8,0.000,0.000,1.000,4,0.000,0
271.320,GOLD,3727.51,14.512,13.729,0.000,0.228,9,0.000,0.000,1.000,4,0.000,0
271.320,BLUE,3231.45,47.214,47.748,0.264,0.000,6,0.000,0.000,1.000,4,0.000,0
275.320,Reference,2617.64,25.779,23.029,0.000,0.784,8,0.610,0.000,0.817,4,0.000,1
275.320,EMBER,2104.95,29.337,43.280,1.000,0.000,8,0.000,0.000,1.000,4,0.000,0
275.320,GOLD,3793.81,29.367,50.721,1.000,0.000,9,0.000,0.000,1.000,4,0.000,0
275.320,BLUE,3418.38,46.392,46.974,0.290,0.000,6,0.000,0.000,1.000,4,0.000,0
279.320,Reference,2671.53,17.655,41.963,1.000,0.000,8,0.000,0.000,1.000,4,0.000,1
279.320,EMBER,2240.27,38.372,39.291,0.471,0.000,9,0.290,0.000,0.913,4,0.000,0
279.320,GOLD,3959.35,48.780,49.884,0.562,0.000,9,0.000,0.000,1.000,4,0.000,0
279.320,BLUE,3601.13,41.214,47.142,1.000,0.000,7,0.161,0.000,0.952,4,0.000,0
283.320,Reference,2790.73,37.790,43.041,1.000,0.000,8,0.000,0.000,1.000,4,0.000,1
283.320,EMBER,2351.83,25.700,26.000,0.049,0.000,9,0.000,0.000,1.000,4,0.000,0
283.320,GOLD,4156.14,49.417,50.041,0.314,0.000,9,0.000,0.000,1.000,4,0.000,0
283.320,BLUE,3723.53,16.533,15.534,0.000,0.290,7,0.000,0.000,1.000,4,0.000,0
287.320,Reference,2955.16,42.817,44.113,0.651,0.000,8,0.000,0.000,1.000,4,0.000,1
287.320,EMBER,2479.20,38.103,41.542,1.000,0.000,9,0.000,0.000,1.000,4,0.000,0
287.320,GOLD,4353.96,44.410,45.038,0.320,0.000,10,0.232,0.000,0.930,4,0.000,0
287.320,BLUE,3816.31,36.375,49.465,1.000,0.000,7,0.000,0.000,1.000,4,0.000,0
291.320,Reference,3127.90,43.425,44.589,0.582,0.000,8,0.000,0.000,1.000,4,0.000,1
291.320,EMBER,2627.95,21.568,19.581,0.000,0.567,9,0.000,0.000,1.000,4,0.000,0
291.320,GOLD,4499.25,42.879,52.496,1.000,0.000,10,0.000,0.000,1.000,4,0.000,0
291.320,BLUE,3989.77,47.937,49.706,0.896,0.000,7,0.000,0.000,1.000,4,0.000,0
295.320,Reference,3301.52,43.264,44.206,0.470,0.000,8,0.000,0.000,1.000,4,0.000,1
295.320,EMBER,2680.52,21.057,43.570,1.000,0.000,9,0.000,0.000,1.000,4,0.000,0
295.320,GOLD,4649.65,14.677,12.820,0.000,0.539,10,0.000,0.000,1.000,4,0.000,0
295.320,BLUE,4144.81,31.508,31.682,0.088,0.000,7,0.000,0.000,1.000,4,0.000,0
299.320,Reference,3473.22,42.520,43.176,0.325,0.000,8,0.000,0.000,1.000,4,0.000,1
299.320,EMBER,2807.93,39.259,44.368,1.000,0.000,9,0.000,0.000,1.000,4,0.000,0
299.320,GOLD,47.13,13.238,11.968,0.000,0.381,10,0.000,0.000,1.000,4,0.000,0
299.320,BLUE,4259.41,27.203,27.365,0.083,0.000,7,0.000,0.000,1.000,4,0.000,0
303.320,Reference,3641.55,40.534,36.236,0.000,1.000,9,0.758,-0.492,1.000,4,0.000,1
303.320,EMBER,2967.55,42.853,44.371,0.768,0.000,9,0.000,0.000,1.000,4,0.000,0
303.320,GOLD,93.11,11.377,11.751,0.186,0.000,10,0.000,0.000,1.000,4,0.000,0
303.320,BLUE,4366.19,26.141,26.322,0.094,0.000,7,0.000,0.000,1.000,4,0.000,0
307.320,Reference,3737.37,11.662,11.868,0.107,0.000,9,0.000,0.000,1.000,4,0.000,1
307.320,EMBER,3140.09,42.994,43.578,0.290,0.000,9,0.000,0.000,1.000,4,0.000,0
307.320,GOLD,95.18,0.000,11.751,0.186,0.000,10,0.000,0.000,1.000,4,0.000,0
307.320,BLUE,4469.03,26.663,26.774,0.055,0.000,7,0.000,0.000,1.000,4,0.000,0
311.320,Reference,3836.01,34.922,41.755,1.000,0.000,9,0.000,0.000,1.000,4,0.000,1
311.320,EMBER,3310.00,41.942,42.425,0.239,0.000,9,0.000,0.000,1.000,4,0.000,0
311.320,GOLD,95.18,0.000,11.751,0.186,0.000,10,0.000,0.000,1.000,4,0.000,0
311.320,BLUE,4574.06,24.064,24.226,0.000,0.000,7,0.000,0.000,1.000,4,0.000,0
315.320,Reference,3993.69,41.603,42.726,0.565,0.000,9,0.000,0.000,1.000,4,0.000,1
315.320,EMBER,3475.83,41.064,41.546,0.239,0.000,9,0.000,0.000,1.000,4,0.000,0
315.320,GOLD,95.18,0.000,11.751,0.186,0.000,10,0.000,0.000,1.000,4,0.000,0
315.320,BLUE,4659.45,10.962,10.483,0.000,0.141,8,0.000,0.000,1.000,4,0.000,0
319.320,Reference,4162.41,42.746,43.864,0.562,0.000,9,0.000,0.000,1.000,4,0.000,1
319.320,EMBER,3630.77,34.141,41.426,1.000,0.000,10,0.740,-0.481,1.000,4,0.000,0
319.320,GOLD,95.18,0.000,11.751,0.186,0.000,10,0.000,0.000,1.000,4,0.000,0
319.320,BLUE,50.38,11.401,11.686,0.137,0.000,8,0.000,0.000,1.000,4,0.000,0
323.320,Reference,4334.94,43.397,44.303,0.451,0.000,9,0.000,0.000,1.000,4,0.000,1
323.320,EMBER,3731.76,11.929,12.030,0.053,0.000,10,0.000,0.000,1.000,4,0.000,0
323.320,GOLD,95.18,0.000,11.751,0.186,0.000,10,0.000,0.000,1.000,4,0.000,0
323.320,BLUE,89.65,-0.191,0.000,0.000,0.000,8,0.000,0.000,1.000,4,0.000,0
327.320,Reference,4471.95,36.534,44.389,1.000,0.000,9,0.000,0.000,1.000,4,0.000,1
327.320,EMBER,3821.11,33.328,43.271,1.000,0.000,10,0.000,0.000,1.000,4,0.000,0
327.320,GOLD,95.18,0.000,11.751,0.186,0.000,10,0.000,0.000,1.000,4,0.000,0
327.320,BLUE,89.23,-0.039,0.853,0.000,0.000,8,0.000,0.000,1.000,4,0.000,0
331.320,Reference,4623.85,25.838,25.204,0.000,0.183,10,0.922,0.000,0.723,4,0.000,1
331.320,EMBER,3978.11,42.929,44.221,0.652,0.000,10,0.000,0.000,1.000,4,0.000,0
331.320,GOLD,95.18,0.000,11.751,0.186,0.000,10,0.000,0.000,1.000,4,0.000,0
331.320,BLUE,89.22,0.021,0.981,0.000,0.000,8,0.000,0.000,1.000,4,0.000,0
335.320,Reference,7.57,16.416,26.000,1.000,0.000,10,0.000,0.000,1.000,4,0.000,1
335.320,EMBER,4151.87,43.684,44.457,0.387,0.000,10,0.000,0.000,1.000,4,0.000,0
335.320,GOLD,95.18,0.000,11.751,0.186,0.000,10,0.000,0.000,1.000,4,0.000,0
335.320,BLUE,89.22,-0.093,1.042,0.428,0.000,8,0.000,0.000,1.000,4,0.000,0
339.320,Reference,69.39,10.736,11.185,0.224,0.000,10,0.000,0.000,1.000,4,0.000,1
339.320,EMBER,4326.08,43.268,43.850,0.289,0.000,10,0.000,0.000,1.000,4,0.000,0
339.320,GOLD,95.18,0.000,11.751,0.186,0.000,10,0.000,0.000,1.000,4,0.000,0
339.320,BLUE,89.23,0.000,0.935,0.000,0.000,8,0.000,0.000,1.000,4,0.000,0
343.320,Reference,83.22,0.010,1.052,0.486,0.000,10,0.000,0.000,1.000,4,0.000,1
343.320,EMBER,4462.54,35.741,42.733,1.000,0.000,10,0.000,0.000,1.000,4,0.000,0
343.320,GOLD,95.18,0.000,11.751,0.186,0.000,10,0.000,0.000,1.000,4,0.000,0
343.320,BLUE,89.23,0.000,0.935,0.000,0.000,8,0.000,0.000,1.000,4,0.000,0
347.320,Reference,83.22,-0.265,1.021,0.352,0.000,10,0.000,0.000,1.000,4,0.000,1
347.320,EMBER,4618.75,31.671,29.368,0.000,0.658,10,0.000,0.000,1.000,4,0.000,0
347.320,GOLD,95.18,0.000,11.751,0.186,0.000,10,0.000,0.000,1.000,4,0.000,0
347.320,BLUE,89.23,0.000,0.935,0.000,0.000,8,0.000,0.000,1.000,4,0.000,0
351.320,Reference,83.22,0.051,1.022,0.490,0.000,10,0.000,0.000,1.000,4,0.000,1
351.320,EMBER,6.12,16.174,16.350,0.000,0.000,10,0.000,0.000,1.000,4,0.000,0
351.320,GOLD,95.18,0.000,11.751,0.186,0.000,10,0.000,0.000,1.000,4,0.000,0
351.320,BLUE,89.23,0.000,0.935,0.000,0.000,8,0.000,0.000,1.000,4,0.000,0
352.920,Reference,83.23,0.000,0.785,0.000,0.000,10,0.000,0.000,1.000,4,0.000,1
352.920,EMBER,38.66,0.000,26.000,0.682,0.000,10,0.000,0.000,1.000,4,0.000,0
352.920,GOLD,95.18,0.000,11.751,0.186,0.000,10,0.000,0.000,1.000,4,0.000,0
352.920,BLUE,89.23,0.000,0.935,0.000,0.000,8,0.000,0.000,1.000,4,0.000,0
