time,x,y,z,speed,vx,vy,vz,throttle,brake,steer,wheels,suspension,alignment,up,contact
0.020,1064.209,146.139,196.000,39.626,-39.626,-0.069,0.000,0.000,0.000,0.000,4,7.803,1.754,1.000,""
0.040,1063.420,146.139,196.000,39.618,-39.621,0.021,0.000,0.187,0.000,0.000,4,14.270,0.297,1.000,""
0.060,1062.630,146.144,196.000,39.608,-39.612,0.229,0.000,0.191,0.000,0.000,4,20.145,0.507,1.000,""
0.080,1061.846,146.160,196.000,39.513,-39.510,0.846,0.000,0.196,0.000,0.000,4,25.067,0.904,0.999,"Ground_Summit authored launch:(0.080, 0.997, 0.000) separation=0.0128176;Ground_Summit authored launch:(0.080, 0.997, 0.000) separation=0.01281757;"
0.100,1061.062,146.187,196.000,39.463,-39.446,1.363,0.000,0.243,0.000,0.000,4,28.172,3.073,0.999,"Ground_Summit authored launch:(0.080, 0.997, 0.000) separation=0.007815987;Ground_Summit authored launch:(0.080, 0.997, 0.000) separation=0.01131392;Ground_Summit authored launch:(0.080, 0.997, 0.000) separation=0.002587438;Ground_Summit authored launch:(0.080, 0.997, 0.000) separation=0.002580246;"
0.120,1060.278,146.224,196.000,39.434,-39.397,1.851,0.000,0.269,0.000,0.000,4,31.074,3.152,0.998,"Ground_Summit authored launch:(0.080, 0.997, 0.000) separation=0.006014407;Ground_Summit authored launch:(0.080, 0.997, 0.000) separation=0.006009996;Ground_Summit authored launch:(0.080, 0.997, 0.000) separation=0.0005233628;Ground_Summit authored launch:(0.080, 0.997, 0.000) separation=0.0005190629;"
0.140,1059.494,146.270,196.000,39.420,-39.355,2.312,0.000,0.283,0.000,0.000,4,32.430,2.494,0.997,"Ground_Summit authored launch:(0.080, 0.997, 0.000) separation=0.01557133;Ground_Summit authored launch:(0.080, 0.997, 0.000) separation=0.01556954;Ground_Summit authored launch:(0.080, 0.997, 0.000) separation=0.01231337;Ground_Summit authored launch:(0.080, 0.997, 0.000) separation=0.0110127;Ground_Summit authored launch:(0.080, 0.997, 0.000) separation=0.0001031337;Ground_Summit authored launch:(0.080, 0.997, 0.000) separation=0.0001014927;"
0.160,1058.709,146.325,196.000,39.408,-39.312,2.757,0.000,0.290,0.000,0.000,4,32.138,1.664,0.997,"Ground_Summit authored launch:(0.080, 0.997, 0.000) separation=4.209857E-05;Ground_Summit authored launch:(0.080, 0.997, 0.000) separation=0.01463684;Ground_Summit authored launch:(0.080, 0.997, 0.000) separation=0.01463634;Ground_Summit authored launch:(0.080, 0.997, 0.000) separation=4.254002E-05;Ground_Summit authored launch:(0.080, 0.997, 0.000) separation=0.004015654;Ground_Summit authored launch:(0.080, 0.997, 0.000) separation=0.004699409;"
0.180,1057.925,146.389,196.000,39.397,-39.269,3.169,0.000,0.296,0.000,0.000,4,30.487,1.049,0.997,"Ground_Summit authored launch:(0.080, 0.997, 0.000) separation=0.00246905;Ground_Summit authored launch:(0.080, 0.997, 0.000) separation=0.01902071;Ground_Summit authored launch:(0.080, 0.997, 0.000) separation=0.01902113;Ground_Summit authored launch:(0.080, 0.997, 0.000) separation=0.002468632;Ground_Summit authored launch:(0.080, 0.997, 0.000) separation=0.003464669;Ground_Summit authored launch:(0.080, 0.997, 0.000) separation=0.003772825;"
0.200,1057.141,146.459,196.000,39.386,-39.229,3.531,0.000,0.301,0.000,0.000,4,27.982,0.647,0.997,"Ground_Summit authored launch:(0.080, 0.997, 0.000) separation=0.009050015;Ground_Summit authored launch:(0.080, 0.997, 0.000) separation=0.01355673;Ground_Summit authored launch:(0.080, 0.997, 0.000) separation=0.01355779;Ground_Summit authored launch:(0.080, 0.997, 0.000) separation=0.00904895;Ground_Summit authored launch:(0.080, 0.997, 0.000) separation=0.00910449;Ground_Summit authored launch:(0.080, 0.997, 0.000) separation=0.009189606;"
0.220,1056.357,146.536,196.000,39.375,-39.194,3.834,0.000,0.307,0.000,0.000,4,25.036,0.388,0.997,"Ground_Summit authored launch:(0.080, 0.997, 0.000) separation=0.01980552;Ground_Summit authored launch:(0.080, 0.997, 0.000) separation=0.01799776;Ground_Summit authored launch:(0.080, 0.997, 0.000) separation=0.01799931;Ground_Summit authored launch:(0.080, 0.997, 0.000) separation=0.01984587;Ground_Summit authored launch:(0.080, 0.997, 0.000) separation=0.01817563;Ground_Summit authored launch:(0.080, 0.997, 0.000) separation=0.01817718;"
0.240,1055.574,146.617,196.000,39.364,-39.163,4.075,0.000,0.312,0.000,0.000,4,21.937,0.222,0.997,""
0.260,1054.791,146.702,196.000,39.354,-39.137,4.255,0.000,0.318,0.000,0.000,4,18.877,0.118,0.997,""
0.280,1054.009,146.790,196.000,39.343,-39.117,4.378,0.000,0.323,0.000,0.000,4,15.992,0.055,0.997,""
0.300,1053.227,146.879,196.000,39.333,-39.101,4.448,0.000,0.328,0.000,0.000,4,13.359,0.017,0.997,""
0.320,1052.445,146.968,196.000,39.323,-39.089,4.471,0.000,0.334,0.000,0.000,4,11.034,0.005,0.997,""
0.340,1051.663,147.057,196.000,39.313,-39.081,4.455,0.000,0.339,0.000,0.000,4,9.040,0.016,0.997,""
0.360,1050.882,147.146,196.000,39.304,-39.076,4.406,0.000,0.343,0.000,0.000,4,7.382,0.021,0.997,""
0.380,1050.100,147.232,196.000,39.295,-39.073,4.331,0.000,0.348,0.000,0.000,4,6.057,0.022,0.997,""
0.400,1049.319,147.317,196.000,39.287,-39.073,4.236,0.000,0.352,0.000,0.000,4,5.046,0.021,0.997,""
0.420,1048.537,147.399,196.000,39.279,-39.074,4.126,0.000,0.357,0.000,0.000,4,4.327,0.020,0.997,""
0.440,1047.756,147.480,196.000,39.271,-39.076,4.007,0.000,0.361,0.000,0.000,4,3.869,0.017,0.997,""
0.460,1046.974,147.557,196.000,39.264,-39.078,3.884,0.000,0.364,0.000,0.000,4,3.645,0.015,0.997,""
0.480,1046.192,147.632,196.000,39.257,-39.081,3.760,0.000,0.368,0.000,0.000,4,3.621,0.013,0.997,""
0.500,1045.411,147.705,196.000,39.250,-39.084,3.640,0.000,0.372,0.000,0.000,4,3.767,0.011,0.997,""
0.520,1044.629,147.776,196.000,39.243,-39.086,3.525,0.000,0.375,0.000,0.000,4,4.048,0.009,0.997,""
0.540,1043.847,147.844,196.000,39.237,-39.089,3.418,0.000,0.378,0.000,0.000,4,4.437,0.007,0.997,""
0.560,1043.065,147.911,196.000,39.231,-39.090,3.320,0.000,0.382,0.000,0.000,4,4.904,0.006,0.997,""
0.580,1042.283,147.975,196.000,39.225,-39.092,3.233,0.000,0.385,0.000,0.000,4,5.427,0.005,0.997,""
0.600,1041.502,148.038,196.000,39.219,-39.092,3.156,0.000,0.388,0.000,0.000,4,5.980,0.004,0.997,""
0.620,1040.720,148.100,196.000,39.214,-39.092,3.092,0.000,0.390,0.000,0.000,4,6.544,0.003,0.997,""
0.640,1039.938,148.161,196.000,39.209,-39.091,3.038,0.000,0.393,0.000,0.000,4,7.104,0.003,0.997,""
0.660,1039.156,148.221,196.000,39.203,-39.089,2.995,0.000,0.396,0.000,0.000,4,7.643,0.002,0.997,""
0.680,1038.374,148.280,196.000,39.199,-39.087,2.962,0.000,0.398,0.000,0.000,4,8.153,0.002,0.997,""
0.700,1037.593,148.339,196.000,39.194,-39.084,2.939,0.000,0.401,0.000,0.000,4,8.622,0.001,0.997,""
0.720,1036.811,148.397,196.000,39.189,-39.081,2.924,0.000,0.403,0.000,0.000,4,9.048,0.001,0.997,""
0.740,1036.030,148.456,196.000,39.185,-39.077,2.917,0.000,0.405,0.000,0.000,4,9.425,0.001,0.997,""
0.760,1035.248,148.514,196.000,39.181,-39.073,2.916,0.000,0.408,0.000,0.000,4,9.751,0.001,0.997,""
0.780,1034.467,148.572,196.000,39.177,-39.068,2.921,0.000,0.410,0.000,0.000,4,10.026,0.001,0.997,""
0.800,1033.685,148.631,196.000,39.173,-39.064,2.930,0.000,0.412,0.000,0.000,4,10.251,0.000,0.997,""
0.820,1032.904,148.690,196.000,39.169,-39.059,2.942,0.000,0.414,0.000,0.000,4,10.427,0.000,0.997,""
0.840,1032.123,148.749,196.000,39.165,-39.054,2.958,0.000,0.415,0.000,0.000,4,10.558,0.000,0.997,""
0.860,1031.342,148.808,196.000,39.162,-39.049,2.975,0.000,0.417,0.000,0.000,4,10.648,0.000,0.997,""
0.880,1030.561,148.868,196.000,39.159,-39.044,2.993,0.000,0.419,0.000,0.000,4,10.701,0.000,0.997,""
0.900,1029.781,148.929,196.000,39.155,-39.039,3.012,0.000,0.421,0.000,0.000,4,10.722,0.000,0.997,""
0.920,1029.000,148.989,196.000,39.152,-39.035,3.030,0.000,0.422,0.000,0.000,4,10.715,0.000,0.997,""
0.940,1028.219,149.050,196.000,39.149,-39.030,3.048,0.000,0.424,0.000,0.000,4,10.685,0.000,0.997,""
0.960,1027.439,149.111,196.000,39.146,-39.026,3.065,0.000,0.425,0.000,0.000,4,10.636,0.000,0.997,""
0.980,1026.658,149.173,196.000,39.143,-39.022,3.080,0.000,0.427,0.000,0.000,4,10.573,0.000,0.997,""
1.000,1025.878,149.235,196.000,39.141,-39.018,3.095,0.000,0.428,0.000,0.000,4,10.499,0.000,0.997,""
1.020,1025.098,149.297,196.000,39.138,-39.014,3.107,0.000,0.430,0.000,0.000,4,10.419,0.000,0.997,""
1.040,1024.317,149.359,196.000,39.135,-39.011,3.118,0.000,0.431,0.000,0.000,4,10.334,0.000,0.997,""
1.060,1023.537,149.422,196.000,39.133,-39.008,3.127,0.000,0.432,0.000,0.000,4,10.249,0.000,0.997,""
1.080,1022.757,149.485,196.000,39.131,-39.005,3.135,0.000,0.433,0.000,0.000,4,10.166,0.000,0.997,""
1.100,1021.977,149.547,196.000,39.128,-39.002,3.141,0.000,0.435,0.000,0.000,4,10.084,0.000,0.997,""
1.120,1021.197,149.610,196.000,39.126,-39.000,3.145,0.000,0.436,0.000,0.000,4,10.010,0.000,0.997,""
1.140,1020.417,149.673,196.000,39.124,-38.997,3.148,0.000,0.437,0.000,0.000,4,9.941,0.000,0.997,""
1.160,1019.637,149.736,196.000,39.122,-38.995,3.150,0.000,0.438,0.000,0.000,4,9.879,0.000,0.997,""
1.180,1018.857,149.799,196.000,39.120,-38.993,3.151,0.000,0.439,0.000,0.000,4,9.824,0.000,0.997,""
1.200,1018.078,149.862,196.000,39.118,-38.991,3.150,0.000,0.440,0.000,0.000,4,9.776,0.000,0.997,""
1.220,1017.298,149.925,196.000,39.116,-38.990,3.149,0.000,0.441,0.000,0.000,4,9.736,0.000,0.997,""
1.240,1016.518,149.988,196.000,39.115,-38.988,3.148,0.000,0.442,0.000,0.000,4,9.704,0.000,0.997,""
1.260,1015.738,150.051,196.000,39.113,-38.986,3.146,0.000,0.443,0.000,0.000,4,9.678,0.000,0.997,""
1.280,1014.958,150.114,196.000,39.111,-38.985,3.143,0.000,0.443,0.000,0.000,4,9.660,0.000,0.997,""
1.300,1014.179,150.177,196.000,39.110,-38.984,3.140,0.000,0.444,0.000,0.000,4,9.647,0.000,0.997,""
1.320,1013.399,150.240,196.000,39.108,-38.982,3.137,0.000,0.445,0.000,0.000,4,9.640,0.000,0.997,""
1.340,1012.620,150.302,196.000,39.107,-38.981,3.135,0.000,0.446,0.000,0.000,4,9.638,0.000,0.997,""
1.360,1011.840,150.365,196.000,39.106,-38.980,3.132,0.000,0.447,0.000,0.000,4,9.640,0.000,0.997,""
1.380,1011.060,150.428,196.000,39.104,-38.979,3.129,0.000,0.447,0.000,0.000,4,9.645,0.000,0.997,""
1.400,1010.281,150.490,196.000,39.103,-38.978,3.126,0.000,0.448,0.000,0.000,4,9.653,0.000,0.997,""
1.420,1009.501,150.553,196.000,39.102,-38.977,3.124,0.000,0.449,0.000,0.000,4,9.662,0.000,0.997,""
1.440,1008.722,150.615,196.000,39.100,-38.976,3.122,0.000,0.449,0.000,0.000,4,9.674,0.000,0.997,""
1.460,1007.942,150.677,196.000,39.099,-38.975,3.120,0.000,0.450,0.000,0.000,4,9.686,0.000,0.997,""
1.480,1007.163,150.740,196.000,39.098,-38.974,3.118,0.000,0.450,0.000,0.000,4,9.698,0.000,0.997,""
1.500,1006.383,150.802,196.000,39.097,-38.973,3.117,0.000,0.451,0.000,0.000,4,9.711,0.000,0.997,""
1.520,1005.604,150.864,196.000,39.096,-38.972,3.115,0.000,0.451,0.000,0.000,4,9.723,0.000,0.997,""
1.540,1004.824,150.927,196.000,39.095,-38.971,3.114,0.000,0.452,0.000,0.000,4,9.735,0.000,0.997,""
1.560,1004.045,150.989,196.000,39.094,-38.970,3.114,0.000,0.453,0.000,0.000,4,9.747,0.000,0.997,""
1.580,1003.266,151.051,196.000,39.093,-38.969,3.113,0.000,0.453,0.000,0.000,4,9.757,0.000,0.997,""
1.600,1002.486,151.113,196.000,39.092,-38.968,3.113,0.000,0.453,0.000,0.000,4,9.766,0.000,0.997,""
1.620,1001.707,151.176,196.000,39.091,-38.967,3.113,0.000,0.454,0.000,0.000,4,9.774,0.000,0.997,""
1.640,1000.928,151.238,196.000,39.090,-38.966,3.113,0.000,0.454,0.000,0.000,4,9.781,0.000,0.997,""
1.660,1000.148,151.300,196.000,39.090,-38.968,3.082,0.000,0.455,0.000,0.000,4,8.306,0.805,0.997,""
1.680,999.368,151.360,196.000,39.089,-38.973,3.017,0.000,0.455,0.000,0.000,4,6.535,0.330,0.997,""
1.700,998.586,151.419,196.000,39.089,-38.980,2.919,0.000,0.455,0.000,0.000,4,4.903,0.255,0.997,""
1.720,997.805,151.474,196.000,39.089,-38.991,2.783,0.000,0.455,0.000,0.000,2,2.984,1.217,0.998,""
1.740,997.023,151.526,196.000,39.091,-39.005,2.596,0.000,0.455,0.000,0.000,2,0.473,0.048,0.998,""
1.760,996.240,151.574,196.000,39.093,-39.020,2.399,0.000,0.455,0.000,0.000,2,0.000,0.526,0.998,""
1.780,995.458,151.619,196.000,39.096,-39.035,2.203,0.000,0.453,0.000,0.000,2,0.000,0.880,0.999,""
1.800,994.676,151.659,196.000,39.101,-39.049,2.028,0.000,0.452,0.000,0.000,2,0.940,2.068,0.999,""
1.820,993.894,151.697,196.000,39.106,-39.061,1.867,0.000,0.450,0.000,0.000,2,1.704,1.797,0.999,""
1.840,993.113,151.731,196.000,39.111,-39.073,1.731,0.000,0.447,0.000,0.000,2,2.874,1.692,0.999,""
1.860,992.332,151.764,196.000,39.116,-39.083,1.624,0.000,0.444,0.000,0.000,2,4.343,1.371,0.999,""
1.880,991.552,151.796,196.000,39.118,-39.088,1.614,0.000,0.442,0.000,0.000,4,9.176,0.361,0.999,""
1.900,990.773,151.830,196.000,39.118,-39.087,1.706,0.000,0.441,0.000,0.000,4,14.321,0.252,0.998,""
1.920,989.994,151.868,196.000,39.115,-39.077,1.903,0.000,0.441,0.000,0.000,4,19.583,0.435,0.998,""
1.940,989.229,151.927,196.000,38.862,-38.753,3.001,0.000,0.443,0.000,0.000,4,24.517,0.554,0.995,"Ground_Summit authored launch:(0.164, 0.986, 0.000) separation=0.007470474;Ground_Summit authored launch:(0.164, 0.986, 0.000) separation=0.007470727;Ground_Summit authored launch:(0.164, 0.986, 0.000) separation=0.0140776;Ground_Summit authored launch:(0.164, 0.986, 0.000) separation=0.007471891;"
1.960,988.466,152.000,196.000,38.756,-38.595,3.684,0.000,0.569,0.000,0.000,4,27.294,5.874,0.992,"Ground_Summit authored launch:(0.171, 0.985, 0.000) separation=0.004787803;Ground_Summit authored launch:(0.171, 0.985, 0.000) separation=0.004681528;Ground_Summit authored launch:(0.171, 0.985, 0.000) separation=0.001093003;Ground_Summit authored launch:(0.171, 0.985, 0.000) separation=0.0009894334;"
1.980,987.706,152.087,196.000,38.675,-38.448,4.376,0.000,0.622,0.000,0.000,4,32.378,5.739,0.989,"Ground_Summit authored launch:(0.177, 0.984, 0.000) separation=-0.004408013;Ground_Summit authored launch:(0.177, 0.984, 0.000) separation=-0.004790906;"
2.000,986.948,152.189,196.000,38.608,-38.299,5.067,-0.001,0.662,0.000,0.000,4,34.834,5.257,0.986,"Ground_Summit authored launch:(0.186, 0.983, 0.000) separation=0.0176574;Ground_Summit authored launch:(0.186, 0.983, 0.000) separation=0.01757464;Ground_Summit authored launch:(0.186, 0.983, 0.000) separation=0.008080781;Ground_Summit authored launch:(0.186, 0.983, 0.000) separation=0.004362553;Ground_Summit authored launch:(0.186, 0.983, 0.000) separation=-0.008324893;Ground_Summit authored launch:(0.186, 0.983, 0.000) separation=-0.008406118;"
2.020,986.194,152.324,196.000,38.371,-37.791,6.648,0.000,0.696,0.000,0.000,4,36.636,4.565,0.985,"Ground_Summit authored launch:(0.181, 0.983, 0.000) separation=-0.009258939;Ground_Summit authored launch:(0.181, 0.983, 0.000) separation=0.01782468;Ground_Summit authored launch:(0.181, 0.983, 0.000) separation=0.01778937;Ground_Summit authored launch:(0.181, 0.983, 0.000) separation=-0.009226127;Ground_Summit authored launch:(0.181, 0.983, 0.000) separation=-0.007893026;Ground_Summit authored launch:(0.181, 0.983, 0.000) separation=-0.004815102;"
2.040,985.447,152.471,196.000,38.336,-37.657,7.185,0.003,0.815,0.000,0.000,4,27.052,0.408,0.983,"Ground_Summit authored launch:(0.207, 0.978, 0.000) separation=-0.02246134;Ground_Summit authored launch:(0.207, 0.978, 0.000) separation=0.0163317;Ground_Summit authored launch:(0.207, 0.978, 0.000) separation=0.0142338;Ground_Summit authored launch:(0.207, 0.978, 0.000) separation=-0.02036443;Ground_Summit authored launch:(0.207, 0.978, 0.000) separation=-0.01885635;Ground_Summit authored launch:(0.207, 0.978, 0.000) separation=-0.01675671;"
2.060,984.699,152.623,196.000,38.343,-37.598,7.526,0.000,0.832,0.000,0.000,4,26.017,1.474,0.982,"Ground_Summit authored launch:(0.211, 0.978, 0.000) separation=0.01720715;Ground_Summit authored launch:(0.211, 0.978, 0.000) separation=0.01679268;Ground_Summit authored launch:(0.211, 0.978, 0.000) separation=0.009789795;Ground_Summit authored launch:(0.211, 0.978, 0.000) separation=0.007401049;Ground_Summit authored launch:(0.211, 0.978, 0.000) separation=-0.01059669;Ground_Summit authored launch:(0.211, 0.978, 0.000) separation=-0.0110147;"
2.080,983.953,152.784,196.000,38.333,-37.508,7.917,-0.001,0.829,0.000,0.000,4,25.461,1.092,0.980,"Ground_Summit authored launch:(0.223, 0.975, 0.000) separation=0.00939396;Ground_Summit authored launch:(0.223, 0.975, 0.000) separation=0.009311259;Ground_Summit authored launch:(0.223, 0.975, 0.000) separation=0.00123328;Ground_Summit authored launch:(0.223, 0.975, 0.000) separation=-0.001916528;Ground_Summit authored launch:(0.223, 0.975, 0.000) separation=-0.01285954;Ground_Summit authored launch:(0.223, 0.975, 0.000) separation=-0.01294546;"
2.100,983.209,152.952,196.000,38.318,-37.407,8.314,-0.001,0.833,0.000,0.000,4,24.801,1.149,0.978,"Ground_Summit authored launch:(0.235, 0.972, 0.000) separation=0.003668308;Ground_Summit authored launch:(0.235, 0.972, 0.000) separation=0.003650516;Ground_Summit authored launch:(0.235, 0.972, 0.000) separation=-0.008765399;Ground_Summit authored launch:(0.235, 0.972, 0.000) separation=-0.005230367;Ground_Summit authored launch:(0.235, 0.972, 0.000) separation=-0.009940781;Ground_Summit authored launch:(0.235, 0.972, 0.000) separation=-0.009961802;"
2.120,982.467,153.128,196.000,38.284,-37.271,8.761,-0.001,0.841,0.000,0.000,4,23.990,1.243,0.976,"Ground_Summit authored launch:(0.252, 0.968, 0.000) separation=-0.005985143;Ground_Summit authored launch:(0.252, 0.968, 0.000) separation=-0.006017426;Ground_Summit authored launch:(0.252, 0.968, 0.000) separation=-0.003050089;Ground_Summit authored launch:(0.252, 0.968, 0.000) separation=-0.00307855;"
2.140,981.725,153.308,196.000,38.288,-37.211,9.031,-0.001,0.858,0.000,0.000,4,22.838,1.702,0.975,"Ground_Summit authored launch:(0.252, 0.968, 0.000) separation=0.01756668;Ground_Summit authored launch:(0.252, 0.968, 0.000) separation=-0.001186373;Ground_Summit authored launch:(0.252, 0.968, 0.000) separation=-0.001195801;"
2.160,980.986,153.496,196.000,38.281,-37.130,9.333,-0.001,0.856,0.000,0.000,4,22.269,1.142,0.973,"Ground_Summit authored launch:(0.260, 0.966, 0.000) separation=0.01643354;Ground_Summit authored launch:(0.260, 0.966, 0.000) separation=0.01643497;Ground_Summit authored launch:(0.260, 0.966, 0.000) separation=0.007372648;Ground_Summit authored launch:(0.260, 0.966, 0.000) separation=0.00374347;Ground_Summit authored launch:(0.260, 0.966, 0.000) separation=-0.007247355;Ground_Summit authored launch:(0.260, 0.966, 0.000) separation=-0.007250754;"
2.180,980.249,153.690,196.000,38.264,-37.028,9.663,-0.002,0.859,0.000,0.000,4,21.893,0.996,0.971,"Ground_Summit authored launch:(0.272, 0.962, 0.000) separation=0.005521566;Ground_Summit authored launch:(0.272, 0.962, 0.000) separation=0.005522996;Ground_Summit authored launch:(0.272, 0.962, 0.000) separation=-0.00825022;Ground_Summit authored launch:(0.272, 0.962, 0.000) separation=-0.004656672;Ground_Summit authored launch:(0.272, 0.962, 0.000) separation=-0.008250654;Ground_Summit authored launch:(0.272, 0.962, 0.000) separation=-0.00825401;"
2.200,979.516,153.891,196.000,38.227,-36.885,10.057,-0.002,0.868,0.000,0.000,4,21.608,1.176,0.969,"Ground_Summit authored launch:(0.287, 0.958, 0.000) separation=-0.004908895;Ground_Summit authored launch:(0.287, 0.958, 0.000) separation=-0.005021152;Ground_Summit authored launch:(0.287, 0.958, 0.000) separation=-0.003979027;Ground_Summit authored launch:(0.287, 0.958, 0.000) separation=-0.004085779;"
2.220,978.781,154.097,196.000,38.227,-36.818,10.299,-0.001,0.886,0.000,0.000,4,21.031,1.696,0.967,"Ground_Summit authored launch:(0.287, 0.958, 0.000) separation=0.01845258;Ground_Summit authored launch:(0.287, 0.958, 0.000) separation=-0.0009838752;Ground_Summit authored launch:(0.287, 0.958, 0.000) separation=-0.001010071;"
2.240,978.050,154.309,196.000,38.215,-36.725,10.582,-0.002,0.887,0.000,0.000,4,21.035,1.241,0.965,"Ground_Summit authored launch:(0.295, 0.955, 0.000) separation=0.01692754;Ground_Summit authored launch:(0.295, 0.955, 0.000) separation=0.01692671;Ground_Summit authored launch:(0.295, 0.955, 0.000) separation=0.006858855;Ground_Summit authored launch:(0.295, 0.955, 0.000) separation=0.002829492;Ground_Summit authored launch:(0.295, 0.955, 0.000) separation=-0.006348193;Ground_Summit authored launch:(0.295, 0.955, 0.000) separation=-0.006355405;"
2.260,977.322,154.528,196.000,38.194,-36.611,10.896,-0.003,0.893,0.000,0.000,4,21.101,1.134,0.963,"Ground_Summit authored launch:(0.306, 0.952, 0.000) separation=-0.007058026;Ground_Summit authored launch:(0.306, 0.952, 0.000) separation=0.004050493;Ground_Summit authored launch:(0.306, 0.952, 0.000) separation=0.004052192;Ground_Summit authored launch:(0.306, 0.952, 0.000) separation=-0.007062972;Ground_Summit authored launch:(0.306, 0.952, 0.000) separation=-0.007063105;"
2.280,976.595,154.752,196.000,38.184,-36.520,11.164,-0.003,0.903,0.000,0.000,4,21.145,1.277,0.960,"Ground_Summit authored launch:(0.311, 0.951, 0.000) separation=-0.005109824;Ground_Summit authored launch:(0.311, 0.951, 0.000) separation=-0.005113665;"
2.300,975.872,154.982,196.000,38.161,-36.397,11.480,-0.004,0.908,0.000,0.000,4,21.250,1.112,0.958,"Ground_Summit authored launch:(0.322, 0.947, 0.000) separation=0.008278668;Ground_Summit authored launch:(0.322, 0.947, 0.000) separation=0.01227427;Ground_Summit authored launch:(0.322, 0.947, 0.000) separation=-0.009385481;Ground_Summit authored launch:(0.322, 0.947, 0.000) separation=-0.009389292;"
2.320,975.150,155.218,196.000,38.142,-36.280,11.783,-0.003,0.919,0.000,0.000,4,21.593,1.432,0.955,"Ground_Summit authored launch:(0.329, 0.944, 0.000) separation=0.01250893;Ground_Summit authored launch:(0.329, 0.944, 0.000) separation=0.01251039;Ground_Summit authored launch:(0.329, 0.944, 0.000) separation=0.002041399;Ground_Summit authored launch:(0.329, 0.944, 0.000) separation=-0.002149582;Ground_Summit authored launch:(0.329, 0.944, 0.000) separation=-0.006670578;Ground_Summit authored launch:(0.329, 0.944, 0.000) separation=-0.006675922;"
2.340,974.432,155.462,196.000,38.103,-36.115,12.157,-0.003,0.929,0.000,0.000,4,21.808,1.334,0.952,"Ground_Summit authored launch:(0.344, 0.939, 0.000) separation=-0.0002267361;Ground_Summit authored launch:(0.344, 0.939, 0.000) separation=-0.0002236962;Ground_Summit authored launch:(0.344, 0.939, 0.000) separation=-0.005612394;Ground_Summit authored launch:(0.344, 0.939, 0.000) separation=-0.005617764;"
2.360,973.714,155.709,196.000,38.094,-36.019,12.412,-0.003,0.948,0.000,0.000,4,21.672,1.740,0.950,"Ground_Summit authored launch:(0.344, 0.939, 0.000) separation=-0.001037937;Ground_Summit authored launch:(0.344, 0.939, 0.000) separation=-0.001128227;"
2.380,972.999,155.964,195.999,38.077,-35.901,12.698,-0.004,0.953,0.000,0.000,4,21.666,1.320,0.947,"Ground_Summit authored launch:(0.352, 0.936, 0.000) separation=0.01841003;Ground_Summit authored launch:(0.352, 0.936, 0.000) separation=0.01839796;Ground_Summit authored launch:(0.352, 0.936, 0.000) separation=0.004527092;Ground_Summit authored launch:(0.352, 0.936, 0.000) separation=0.008483529;Ground_Summit authored launch:(0.352, 0.936, 0.000) separation=-0.006823078;Ground_Summit authored launch:(0.352, 0.936, 0.000) separation=-0.006843327;"
2.400,972.288,156.225,195.999,38.050,-35.756,13.020,-0.004,0.961,0.000,0.000,4,21.805,1.172,0.944,"Ground_Summit authored launch:(0.362, 0.932, 0.000) separation=0.005065829;Ground_Summit authored launch:(0.362, 0.932, 0.000) separation=0.005066156;Ground_Summit authored launch:(0.362, 0.932, 0.000) separation=-0.007341083;Ground_Summit authored launch:(0.362, 0.932, 0.000) separation=-0.005659163;Ground_Summit authored launch:(0.362, 0.932, 0.000) separation=-0.007346094;Ground_Summit authored launch:(0.362, 0.932, 0.000) separation=-0.007349158;"
2.420,971.578,156.490,195.999,38.037,-35.646,13.284,-0.004,0.975,0.000,0.000,4,21.777,1.321,0.942,"Ground_Summit authored launch:(0.366, 0.931, 0.000) separation=-0.003943138;Ground_Summit authored launch:(0.366, 0.931, 0.000) separation=-0.004380509;"
2.440,970.869,156.760,195.999,38.030,-35.552,13.516,-0.004,0.981,0.000,0.000,4,21.684,1.050,0.940,""
2.460,970.157,157.031,195.999,38.020,-35.540,13.528,-0.004,0.985,0.000,0.000,4,10.836,5.796,0.942,""
2.480,969.443,157.302,195.999,38.003,-35.544,13.488,-0.004,0.990,0.000,0.000,2,7.211,1.496,0.944,""
2.500,968.729,157.571,195.999,37.985,-35.566,13.403,-0.004,0.998,0.000,0.000,2,4.791,2.849,0.947,""
2.520,968.013,157.838,195.999,37.966,-35.600,13.286,-0.004,1.000,0.000,0.000,2,3.048,3.485,0.951,""
2.540,967.298,158.101,195.998,37.874,-35.586,13.085,-0.004,1.000,0.000,0.000,0,0.000,0.779,0.954,""
2.560,966.583,158.359,195.998,37.781,-35.571,12.883,-0.004,1.000,0.000,0.000,0,0.000,0.728,0.957,""
2.580,965.868,158.614,195.998,37.687,-35.557,12.682,-0.004,1.000,0.000,0.000,0,0.000,0.676,0.960,""
2.600,965.154,158.865,195.998,37.592,-35.543,12.481,-0.004,1.000,0.000,0.000,0,0.000,0.625,0.963,""
2.620,964.440,159.111,195.998,37.497,-35.529,12.280,-0.004,1.000,0.000,0.000,0,0.000,0.574,0.966,""
2.640,963.725,159.354,195.998,37.401,-35.514,12.079,-0.004,1.000,0.000,0.000,0,0.000,0.523,0.969,""
2.660,963.012,159.593,195.998,37.304,-35.500,11.878,-0.004,1.000,0.000,0.000,0,0.000,0.472,0.972,""
2.680,962.298,159.827,195.998,37.206,-35.486,11.677,-0.004,1.000,0.000,0.000,0,0.000,0.422,0.974,""
2.700,961.584,160.057,195.998,37.107,-35.472,11.476,-0.004,1.000,0.000,0.000,0,0.000,0.372,0.977,""
2.720,960.871,160.284,195.998,37.007,-35.458,11.275,-0.004,1.000,0.000,0.000,0,0.000,0.322,0.979,""
2.740,960.158,160.506,195.997,36.907,-35.443,11.075,-0.004,1.000,0.000,0.000,0,0.000,0.273,0.982,""
2.760,959.446,160.724,195.997,36.806,-35.429,10.874,-0.004,1.000,0.000,0.000,0,0.000,0.224,0.984,""
2.780,958.733,160.939,195.997,36.704,-35.415,10.674,-0.004,1.000,0.000,0.000,0,0.000,0.176,0.986,""
2.800,958.021,161.149,195.997,36.601,-35.401,10.473,-0.004,1.000,0.000,0.000,0,0.000,0.129,0.988,""
2.820,957.309,161.355,195.997,36.498,-35.387,10.273,-0.004,1.000,0.000,0.000,0,0.000,0.082,0.990,""
2.840,956.598,161.557,195.997,36.395,-35.373,10.073,-0.004,1.000,0.000,0.000,0,0.000,0.037,0.991,""
2.860,955.886,161.755,195.997,36.292,-35.359,9.873,-0.004,1.000,0.000,-0.001,0,0.000,0.014,0.993,""
2.880,955.175,161.949,195.997,36.188,-35.344,9.673,-0.004,1.000,0.000,-0.001,0,0.000,0.055,0.994,""
2.900,954.465,162.139,195.997,36.085,-35.330,9.473,-0.004,1.000,0.000,-0.001,0,0.000,0.097,0.995,""
2.920,953.754,162.324,195.997,35.982,-35.316,9.273,-0.004,1.000,0.000,-0.001,0,0.000,0.139,0.996,""
2.940,953.044,162.506,195.997,35.880,-35.302,9.073,-0.004,1.000,0.000,-0.001,0,0.000,0.180,0.997,""
2.960,952.335,162.684,195.996,35.778,-35.288,8.873,-0.004,1.000,0.000,-0.001,0,0.000,0.220,0.998,""
2.980,951.625,162.858,195.996,35.678,-35.274,8.673,-0.004,1.000,0.000,-0.001,0,0.000,0.259,0.999,""
3.000,950.916,163.027,195.996,35.578,-35.260,8.474,-0.004,1.000,0.000,-0.001,0,0.000,0.296,0.999,""
3.020,950.208,163.193,195.996,35.480,-35.246,8.274,-0.004,1.000,0.000,-0.001,0,0.000,0.332,1.000,""
3.040,949.499,163.355,195.996,35.383,-35.231,8.075,-0.004,1.000,0.000,-0.001,0,0.000,0.367,1.000,""
3.060,948.791,163.512,195.996,35.289,-35.217,7.876,-0.004,1.000,0.000,-0.001,0,0.000,0.401,1.000,""
3.080,948.084,163.666,195.996,35.196,-35.203,7.676,-0.004,1.000,0.000,-0.001,0,0.000,0.433,1.000,""
3.100,947.376,163.815,195.996,35.105,-35.189,7.477,-0.004,1.000,0.000,-0.001,0,0.000,0.464,1.000,""
3.120,946.669,163.961,195.996,35.017,-35.175,7.278,-0.004,1.000,0.000,-0.001,0,0.000,0.493,1.000,""
3.140,945.963,164.102,195.996,34.931,-35.161,7.079,-0.004,1.000,0.000,-0.002,0,0.000,0.521,1.000,""
3.160,945.257,164.240,195.996,34.848,-35.147,6.880,-0.004,1.000,0.000,-0.002,0,0.000,0.548,0.999,""
3.180,944.551,164.373,195.996,34.768,-35.133,6.681,-0.004,1.000,0.000,-0.002,0,0.000,0.573,0.999,""
3.200,943.845,164.503,195.996,34.691,-35.119,6.482,-0.004,1.000,0.000,-0.002,0,0.000,0.596,0.998,""
3.220,943.140,164.628,195.996,34.617,-35.105,6.284,-0.004,1.000,0.000,-0.002,0,0.000,0.618,0.998,""
3.240,942.436,164.750,195.995,34.547,-35.091,6.085,-0.004,1.000,0.000,-0.002,0,0.000,0.639,0.997,""
3.260,941.731,164.867,195.995,34.480,-35.077,5.886,-0.004,1.000,0.000,-0.002,0,0.000,0.658,0.997,""
3.280,941.028,164.981,195.995,34.417,-35.063,5.688,-0.004,1.000,0.000,-0.002,0,0.000,0.676,0.996,""
3.300,940.324,165.090,195.995,34.358,-35.049,5.490,-0.004,1.000,0.000,-0.002,0,0.000,0.692,0.995,""
3.320,939.621,165.196,195.995,34.302,-35.035,5.291,-0.004,1.000,0.000,-0.002,0,0.000,0.707,0.995,""
3.340,938.918,165.297,195.995,34.250,-35.021,5.093,-0.004,1.000,0.000,-0.002,0,0.000,0.720,0.994,""
3.360,938.216,165.395,195.995,34.203,-35.007,4.895,-0.004,1.000,0.000,-0.002,0,0.000,0.732,0.993,""
3.380,937.514,165.489,195.995,34.159,-34.993,4.697,-0.004,1.000,0.000,-0.003,0,0.000,0.743,0.993,""
3.400,936.812,165.578,195.995,34.119,-34.979,4.499,-0.004,1.000,0.000,-0.003,0,0.000,0.752,0.992,""
3.420,936.111,165.664,195.995,34.084,-34.965,4.301,-0.004,1.000,0.000,-0.003,0,0.000,0.759,0.991,""
3.440,935.411,165.746,195.995,34.052,-34.951,4.103,-0.004,1.000,0.000,-0.003,0,0.000,0.766,0.990,""
3.460,934.710,165.824,195.995,34.025,-34.937,3.905,-0.004,1.000,0.000,-0.003,0,0.000,0.771,0.990,""
3.480,934.010,165.898,195.995,34.001,-34.923,3.708,-0.004,1.000,0.000,-0.003,0,0.000,0.774,0.989,""
3.500,933.311,165.968,195.995,33.981,-34.909,3.510,-0.004,1.000,0.000,-0.003,0,0.000,0.777,0.989,""
3.520,932.612,166.034,195.995,33.966,-34.895,3.312,-0.004,1.000,0.000,-0.003,0,0.000,0.778,0.988,""
3.540,931.913,166.096,195.995,33.954,-34.881,3.115,-0.004,1.000,0.000,-0.003,0,0.000,0.777,0.987,""
3.560,931.214,166.154,195.995,33.945,-34.867,2.918,-0.004,1.000,0.000,-0.003,0,0.000,0.776,0.987,""
3.580,930.516,166.208,195.994,33.940,-34.853,2.720,-0.004,1.000,0.000,-0.003,0,0.000,0.773,0.987,""
3.600,929.819,166.259,195.994,33.939,-34.839,2.523,-0.004,1.000,0.000,-0.003,0,0.000,0.770,0.986,""
3.620,929.122,166.305,195.994,33.941,-34.825,2.326,-0.004,1.000,0.000,-0.003,0,0.000,0.765,0.986,""
3.640,928.425,166.348,195.994,33.946,-34.811,2.129,-0.004,1.000,0.000,-0.003,0,0.000,0.759,0.986,""
3.660,927.728,166.386,195.994,33.954,-34.797,1.932,-0.004,1.000,0.000,-0.003,0,0.000,0.752,0.985,""
3.680,927.032,166.421,195.994,33.965,-34.783,1.735,-0.004,1.000,0.000,-0.004,0,0.000,0.744,0.985,""
3.700,926.337,166.452,195.994,33.979,-34.769,1.538,-0.004,1.000,0.000,-0.003,0,0.000,0.735,0.985,""
3.720,925.641,166.478,195.994,33.995,-34.755,1.341,-0.004,1.000,0.000,-0.004,0,0.000,0.725,0.985,""
3.740,924.946,166.501,195.994,34.013,-34.742,1.145,-0.004,1.000,0.000,-0.004,0,0.000,0.714,0.985,""
3.760,924.252,166.520,195.994,34.033,-34.728,0.948,-0.004,1.000,0.000,-0.004,0,0.000,0.702,0.985,""
3.780,923.557,166.535,195.994,34.056,-34.714,0.752,-0.004,1.000,0.000,-0.004,0,0.000,0.690,0.985,""
3.800,922.864,166.546,195.994,34.079,-34.700,0.555,-0.004,1.000,0.000,-0.004,0,0.000,0.676,0.985,""
3.820,922.170,166.554,195.994,34.105,-34.686,0.359,-0.004,1.000,0.000,-0.004,0,0.000,0.662,0.985,""
3.840,921.477,166.557,195.994,34.131,-34.672,0.163,-0.004,1.000,0.000,-0.004,0,0.000,0.647,0.985,""
3.860,920.784,166.556,195.994,34.159,-34.658,-0.033,-0.004,1.000,0.000,-0.004,0,0.000,0.632,0.985,""
3.880,920.092,166.552,195.994,34.187,-34.644,-0.230,-0.004,1.000,0.000,-0.004,0,0.000,0.616,0.986,""
3.900,919.400,166.543,195.994,34.216,-34.630,-0.426,-0.004,1.000,0.000,-0.004,0,0.000,0.599,0.986,""
3.920,918.708,166.531,195.994,34.245,-34.617,-0.622,-0.004,1.000,0.000,-0.004,0,0.000,0.582,0.986,""
3.940,918.017,166.515,195.994,34.275,-34.603,-0.817,-0.004,1.000,0.000,-0.004,0,0.000,0.564,0.987,""
3.960,917.326,166.495,195.993,34.304,-34.589,-1.013,-0.004,1.000,0.000,-0.004,0,0.000,0.545,0.987,""
3.980,916.636,166.471,195.993,34.333,-34.575,-1.209,-0.004,1.000,0.000,-0.004,0,0.000,0.527,0.987,""
4.000,915.945,166.443,195.993,34.361,-34.561,-1.405,-0.004,1.000,0.000,-0.004,0,0.000,0.507,0.988,""
4.020,915.255,166.411,195.993,34.389,-34.547,-1.600,-0.004,1.000,0.000,-0.004,0,0.000,0.488,0.988,""
4.040,914.566,166.375,195.993,34.416,-34.534,-1.796,-0.004,1.000,0.000,-0.004,0,0.000,0.468,0.989,""
4.060,913.877,166.335,195.993,34.442,-34.520,-1.991,-0.004,1.000,0.000,-0.004,0,0.000,0.448,0.989,""
4.080,913.188,166.292,195.993,34.466,-34.506,-2.186,-0.004,1.000,0.000,-0.005,0,0.000,0.427,0.990,""
4.100,912.499,166.244,195.993,34.489,-34.492,-2.382,-0.004,1.000,0.000,-0.005,0,0.000,0.406,0.990,""
4.120,911.811,166.193,195.993,34.511,-34.478,-2.577,-0.004,1.000,0.000,-0.005,0,0.000,0.386,0.991,""
4.140,911.123,166.138,195.993,34.531,-34.465,-2.772,-0.004,1.000,0.000,-0.005,0,0.000,0.364,0.991,""
4.160,910.435,166.079,195.993,34.549,-34.451,-2.967,-0.004,1.000,0.000,-0.005,0,0.000,0.343,0.992,""
4.180,909.748,166.016,195.993,34.564,-34.437,-3.162,-0.004,1.000,0.000,-0.005,0,0.000,0.322,0.992,""
4.200,909.061,165.949,195.993,34.578,-34.423,-3.357,-0.004,1.000,0.000,-0.005,0,0.000,0.301,0.993,""
4.220,908.374,165.878,195.993,34.590,-34.410,-3.551,-0.004,1.000,0.000,-0.005,0,0.000,0.280,0.993,""
4.240,907.688,165.803,195.993,34.599,-34.396,-3.746,-0.004,1.000,0.000,-0.005,0,0.000,0.258,0.994,""
4.260,907.002,165.724,195.993,34.606,-34.382,-3.941,-0.004,1.000,0.000,-0.005,0,0.000,0.237,0.994,""
4.280,906.316,165.642,195.993,34.610,-34.368,-4.135,-0.004,1.000,0.000,-0.005,0,0.000,0.216,0.995,""
4.300,905.631,165.555,195.992,34.612,-34.354,-4.330,-0.004,1.000,0.000,-0.005,0,0.000,0.195,0.995,""
4.320,904.945,165.465,195.992,34.611,-34.341,-4.524,-0.004,1.000,0.000,-0.005,0,0.000,0.174,0.996,""
4.340,904.261,165.371,195.992,34.607,-34.327,-4.718,-0.004,1.000,0.000,-0.005,0,0.000,0.153,0.996,""
4.360,903.576,165.273,195.992,34.601,-34.313,-4.913,-0.004,1.000,0.000,-0.005,0,0.000,0.133,0.997,""
4.380,902.892,165.171,195.992,34.592,-34.300,-5.107,-0.004,1.000,0.000,-0.005,0,0.000,0.113,0.997,""
4.400,902.208,165.065,195.992,34.581,-34.286,-5.301,-0.004,1.000,0.000,-0.005,0,0.000,0.093,0.997,""
4.420,901.524,164.955,195.992,34.566,-34.272,-5.495,-0.004,1.000,0.000,-0.006,0,0.000,0.073,0.998,""
4.440,900.840,164.841,195.992,34.549,-34.258,-5.689,-0.004,1.000,0.000,-0.006,0,0.000,0.054,0.998,""
4.460,900.157,164.724,195.992,34.530,-34.245,-5.883,-0.004,1.000,0.000,-0.006,0,0.000,0.035,0.998,""
4.480,899.474,164.602,195.992,34.508,-34.231,-6.077,-0.004,1.000,0.000,-0.006,0,0.000,0.016,0.999,""
4.500,898.791,164.477,195.992,34.483,-34.217,-6.270,-0.004,1.000,0.000,-0.006,0,0.000,0.005,0.999,""
4.520,898.109,164.348,195.992,34.456,-34.204,-6.464,-0.004,1.000,0.000,-0.006,0,0.000,0.021,0.999,""
4.540,897.427,164.215,195.992,34.426,-34.190,-6.657,-0.004,1.000,0.000,-0.006,0,0.000,0.038,0.999,""
4.560,896.745,164.078,195.992,34.394,-34.176,-6.851,-0.004,1.000,0.000,-0.006,0,0.000,0.055,0.999,""
4.580,896.063,163.937,195.991,34.360,-34.163,-7.044,-0.004,1.000,0.000,-0.006,0,0.000,0.072,1.000,""
4.600,895.382,163.792,195.991,34.323,-34.149,-7.237,-0.004,1.000,0.000,-0.006,0,0.000,0.088,1.000,""
4.620,894.701,163.644,195.991,34.285,-34.135,-7.431,-0.004,1.000,0.000,-0.006,0,0.000,0.104,1.000,""
4.640,894.020,163.491,195.991,34.244,-34.122,-7.624,-0.004,1.000,0.000,-0.006,0,0.000,0.119,1.000,""
4.660,893.339,163.335,195.991,34.202,-34.108,-7.817,-0.004,1.000,0.000,-0.006,0,0.000,0.133,1.000,""
4.680,892.659,163.175,195.991,34.158,-34.094,-8.010,-0.004,1.000,0.000,-0.006,0,0.000,0.148,1.000,""
4.700,891.979,163.011,195.991,34.112,-34.081,-8.203,-0.004,1.000,0.000,-0.006,0,0.000,0.161,1.000,""
4.720,891.299,162.843,195.991,34.065,-34.067,-8.396,-0.004,1.000,0.000,-0.006,0,0.000,0.174,1.000,""
4.740,890.619,162.671,195.991,34.016,-34.053,-8.588,-0.004,1.000,0.000,-0.007,0,0.000,0.187,1.000,""
4.760,889.940,162.495,195.991,33.966,-34.040,-8.781,-0.004,1.000,0.000,-0.007,0,0.000,0.198,1.000,""
4.780,889.261,162.316,195.991,33.915,-34.026,-8.974,-0.004,1.000,0.000,-0.007,0,0.000,0.210,1.000,""
4.800,888.582,162.133,195.991,33.863,-34.013,-9.166,-0.004,1.000,0.000,-0.007,0,0.000,0.220,1.000,""
4.820,887.903,161.945,195.990,33.811,-33.999,-9.359,-0.004,1.000,0.000,-0.007,0,0.000,0.231,1.000,""
4.840,887.225,161.754,195.990,33.757,-33.985,-9.551,-0.004,1.000,0.000,-0.007,0,0.000,0.240,1.000,""
4.860,886.546,161.560,195.990,33.703,-33.972,-9.743,-0.004,1.000,0.000,-0.007,0,0.000,0.249,1.000,""
4.880,885.868,161.361,195.990,33.649,-33.958,-9.936,-0.004,1.000,0.000,-0.007,0,0.000,0.257,1.000,""
4.900,885.191,161.158,195.990,33.594,-33.945,-10.128,-0.004,1.000,0.000,-0.007,0,0.000,0.265,0.999,""
4.920,884.513,160.952,195.990,33.539,-33.931,-10.320,-0.004,1.000,0.000,-0.007,0,0.000,0.272,0.999,""
4.940,883.836,160.741,195.990,33.484,-33.917,-10.512,-0.004,1.000,0.000,-0.007,0,0.000,0.279,0.999,""
4.960,883.158,160.527,195.990,33.430,-33.904,-10.704,-0.004,1.000,0.000,-0.007,0,0.000,0.285,0.999,""
4.980,882.482,160.309,195.990,33.375,-33.890,-10.896,-0.004,1.000,0.000,-0.007,0,0.000,0.290,0.999,""
5.000,881.805,160.088,195.990,33.321,-33.877,-11.087,-0.004,1.000,0.000,-0.007,0,0.000,0.295,0.999,""
5.020,881.129,159.862,195.990,33.267,-33.863,-11.279,-0.004,1.000,0.000,-0.007,0,0.000,0.300,0.999,""
5.040,880.452,159.633,195.990,33.214,-33.850,-11.471,-0.004,1.000,0.000,-0.007,0,0.000,0.303,0.999,""
5.060,879.776,159.399,195.989,33.162,-33.836,-11.662,-0.004,1.000,0.000,-0.007,0,0.000,0.306,0.999,""
5.080,879.101,159.162,195.989,33.111,-33.823,-11.854,-0.004,1.000,0.000,-0.007,0,0.000,0.309,0.998,""
5.100,878.425,158.921,195.989,33.060,-33.809,-12.045,-0.004,1.000,0.000,-0.008,0,0.000,0.311,0.998,""
5.120,877.750,158.676,195.989,33.011,-33.796,-12.236,-0.004,1.000,0.000,-0.008,0,0.000,0.313,0.998,""
5.140,877.075,158.428,195.989,32.963,-33.782,-12.428,-0.004,1.000,0.000,-0.008,0,0.000,0.314,0.998,""
5.160,876.400,158.175,195.989,32.916,-33.769,-12.619,-0.004,1.000,0.000,-0.008,0,0.000,0.314,0.998,""
5.180,875.725,157.919,195.989,32.870,-33.755,-12.810,-0.004,1.000,0.000,-0.008,0,0.000,0.314,0.998,""
5.200,875.051,157.659,195.989,32.826,-33.742,-13.001,-0.004,1.000,0.000,-0.008,0,0.000,0.314,0.998,""
5.220,874.377,157.395,195.989,32.783,-33.728,-13.192,-0.004,1.000,0.000,-0.008,0,0.000,0.313,0.998,""
5.240,873.703,157.128,195.989,32.742,-33.715,-13.383,-0.004,1.000,0.000,-0.008,0,0.000,0.311,0.998,""
5.260,873.029,156.856,195.989,32.702,-33.701,-13.573,-0.004,1.000,0.000,-0.008,0,0.000,0.309,0.998,""
5.280,872.356,156.581,195.989,32.664,-33.688,-13.764,-0.004,1.000,0.000,-0.008,0,0.000,0.307,0.998,""
5.300,871.682,156.302,195.988,32.628,-33.674,-13.955,-0.004,1.000,0.000,-0.008,0,0.000,0.304,0.998,""
5.320,871.009,156.019,195.988,32.593,-33.661,-14.145,-0.004,1.000,0.000,-0.008,0,0.000,0.301,0.998,""
5.340,870.336,155.732,195.988,32.561,-33.647,-14.336,-0.004,1.000,0.000,-0.008,0,0.000,0.297,0.998,""
5.360,869.664,155.442,195.988,32.530,-33.634,-14.526,-0.004,1.000,0.000,-0.008,0,0.000,0.293,0.998,""
5.380,868.991,155.147,195.988,32.501,-33.620,-14.716,-0.004,1.000,0.000,-0.008,0,0.000,0.289,0.998,""
5.400,868.319,154.849,195.988,32.474,-33.607,-14.907,-0.004,1.000,0.000,-0.008,0,0.000,0.284,0.998,""
5.420,867.647,154.547,195.988,32.449,-33.593,-15.097,-0.004,1.000,0.000,-0.008,0,0.000,0.279,0.998,""
5.440,866.976,154.241,195.988,32.426,-33.580,-15.287,-0.004,1.000,0.000,-0.008,0,0.000,0.273,0.998,""
5.460,866.304,153.932,195.988,32.405,-33.566,-15.477,-0.004,1.000,0.000,-0.008,0,0.000,0.268,0.998,""
5.480,865.633,153.619,195.988,32.386,-33.553,-15.667,-0.004,1.000,0.000,-0.008,0,0.000,0.262,0.998,""
5.500,864.962,153.301,195.988,32.369,-33.540,-15.857,-0.004,1.000,0.000,-0.009,0,0.000,0.255,0.998,""
5.520,864.291,152.981,195.988,32.354,-33.526,-16.046,-0.004,1.000,0.000,-0.009,0,0.000,0.249,0.998,""
5.540,863.621,152.656,195.987,32.341,-33.513,-16.236,-0.004,1.000,0.000,-0.009,0,0.000,0.242,0.998,""
5.560,862.951,152.327,195.987,32.330,-33.499,-16.426,-0.004,1.000,0.000,-0.009,0,0.000,0.235,0.998,""
5.580,862.281,151.995,195.987,32.321,-33.486,-16.615,-0.004,1.000,0.000,-0.009,0,0.000,0.228,0.998,""
5.600,861.611,151.659,195.987,32.313,-33.473,-16.805,-0.004,1.000,0.000,-0.009,0,0.000,0.220,0.998,""
5.620,860.941,151.319,195.987,32.308,-33.459,-16.994,-0.004,1.000,0.000,-0.009,0,0.000,0.213,0.998,""
5.640,860.272,150.975,195.987,32.304,-33.446,-17.183,-0.004,1.000,0.000,-0.009,0,0.000,0.205,0.998,""
5.660,859.603,150.628,195.987,32.303,-33.432,-17.373,-0.004,1.000,0.000,-0.009,0,0.000,0.197,0.998,""
5.680,858.934,150.277,195.987,32.303,-33.419,-17.562,-0.004,1.000,0.000,-0.009,0,0.000,0.189,0.998,""
5.700,858.265,149.922,195.987,32.304,-33.406,-17.751,-0.004,1.000,0.000,-0.009,0,0.000,0.181,0.998,""
5.720,857.597,149.563,195.987,32.308,-33.392,-17.940,-0.004,1.000,0.000,-0.009,0,0.000,0.172,0.998,""
5.740,856.929,149.201,195.987,32.313,-33.379,-18.129,-0.004,1.000,0.000,-0.009,0,0.000,0.164,0.998,""
5.760,856.261,148.834,195.987,32.320,-33.366,-18.318,-0.004,1.000,0.000,-0.009,0,0.000,0.155,0.999,""
5.780,855.594,148.464,195.986,32.328,-33.352,-18.507,-0.004,1.000,0.000,-0.009,0,0.000,0.147,0.999,""
5.800,854.926,148.090,195.986,32.338,-33.339,-18.695,-0.004,1.000,0.000,-0.009,0,0.000,0.138,0.999,""
5.820,854.259,147.713,195.986,32.349,-33.326,-18.884,-0.004,1.000,0.000,-0.009,0,0.000,0.130,0.999,""
5.840,853.798,147.462,195.987,34.526,-34.717,-3.124,0.019,1.000,0.000,-0.009,4,45.000,0.672,0.999,"Ground_Mountain_0_4:(-0.089, 0.996, 0.000) separation=0;"
5.860,853.100,147.424,195.987,34.558,-34.639,-1.871,0.033,1.000,0.000,-0.009,4,45.000,0.577,0.999,"Ground_Mountain_0_4:(-0.089, 0.996, 0.000) separation=0.0007098722;Ground_Mountain_0_4:(-0.089, 0.996, 0.000) separation=0.004600465;Ground_Mountain_0_4:(-0.089, 0.996, 0.000) separation=0.00120626;Ground_Mountain_0_4:(-0.089, 0.996, 0.000) separation=0.005239606;Ground_Mountain_0_4:(-0.089, 0.996, 0.000) separation=0.0009486079;Ground_Mountain_0_4:(-0.089, 0.996, 0.000) separation=0.0009558201;Ground_Mountain_0_4:(0.000, 1.000, 0.000) separation=0.00487104;Ground_Mountain_0_4:(0.000, 1.000, 0.000) separation=0.005195916;Ground_Mountain_0_4:(0.000, 1.000, 0.000) separation=0.004562199;"
5.880,852.401,147.401,195.988,34.656,-34.686,-1.190,0.051,1.000,0.000,-0.009,4,43.838,3.053,1.000,"Ground_Mountain_0_4:(0.000, 1.000, 0.000) separation=0.0001032948;Ground_Mountain_0_4:(0.000, 1.000, 0.000) separation=9.089708E-05;Ground_Mountain_0_4:(0.000, 1.000, 0.000) separation=0.01068547;Ground_Mountain_0_4:(0.000, 1.000, 0.000) separation=8.492544E-05;Ground_Mountain_0_4:(0.000, 1.000, 0.000) separation=0.01044819;Ground_Mountain_0_4:(0.000, 1.000, 0.000) separation=0.0001147166;"
5.900,851.703,147.389,195.990,34.738,-34.746,-0.586,0.064,1.000,0.000,-0.009,4,40.026,2.850,1.000,"Ground_Mountain_0_4:(0.000, 1.000, 0.000) separation=0.005733518;Ground_Mountain_0_4:(0.000, 1.000, 0.000) separation=0.01877478;Ground_Mountain_0_4:(0.000, 1.000, 0.000) separation=0.006018379;Ground_Mountain_0_4:(0.000, 1.000, 0.000) separation=0.0186449;Ground_Mountain_0_4:(0.000, 1.000, 0.000) separation=0.005868882;Ground_Mountain_0_4:(0.000, 1.000, 0.000) separation=0.005962878;"
5.920,851.005,147.387,195.991,34.813,-34.814,-0.093,0.075,1.000,0.000,-0.008,4,34.440,2.007,1.000,"Ground_Mountain_0_4:(0.000, 1.000, 0.000) separation=0.01440191;Ground_Mountain_0_4:(0.000, 1.000, 0.000) separation=0.01438951;Ground_Mountain_0_4:(0.000, 1.000, 0.000) separation=0.01416018;Ground_Mountain_0_4:(0.000, 1.000, 0.000) separation=0.01465255;"
5.940,850.306,147.393,195.993,34.887,-34.886,0.292,0.082,1.000,0.000,-0.008,4,29.076,1.274,1.000,""
5.960,849.606,147.405,195.995,34.960,-34.960,0.589,0.087,1.000,0.000,-0.007,4,24.681,0.795,1.000,""
5.980,848.905,147.421,195.996,35.034,-35.035,0.813,0.089,1.000,0.000,-0.007,4,20.997,0.483,1.000,""
6.000,848.203,147.441,195.998,35.108,-35.109,0.973,0.089,1.000,0.000,-0.006,4,17.860,0.284,1.000,""
6.020,847.499,147.462,196.000,35.182,-35.183,1.080,0.086,1.000,0.000,-0.005,4,15.169,0.157,1.000,""
6.040,846.794,147.485,196.002,35.255,-35.257,1.141,0.082,1.000,0.000,-0.004,4,12.862,0.078,1.000,""
6.060,846.087,147.508,196.003,35.328,-35.330,1.162,0.077,1.000,0.000,-0.004,4,10.899,0.031,1.000,""
6.080,845.379,147.531,196.004,35.401,-35.403,1.150,0.071,1.000,0.000,-0.003,4,9.251,0.003,1.000,""
6.100,844.670,147.554,196.006,35.474,-35.475,1.120,0.063,1.000,0.000,-0.002,4,8.172,0.769,1.000,""
6.120,843.960,147.576,196.007,35.548,-35.546,1.102,0.056,1.000,0.000,-0.001,4,8.782,0.632,1.000,""
6.140,843.249,147.598,196.008,35.622,-35.617,1.102,0.048,1.000,0.000,-0.001,4,9.662,0.291,1.000,""
6.160,842.557,147.646,196.009,35.399,-35.343,2.097,0.045,1.000,0.000,-0.001,4,11.478,0.686,0.999,"Ground_Mountain_0_4:(0.147, 0.989, 0.000) separation=-0.03335375;Ground_Mountain_0_4:(0.147, 0.989, 0.000) separation=-0.03354967;Ground_Mountain_0_4:(0.147, 0.989, 0.000) separation=-0.03355155;Ground_Mountain_0_4:(0.147, 0.989, 0.000) separation=-0.03314708;"
6.180,841.861,147.696,196.009,35.396,-35.312,2.442,0.042,1.000,0.000,-0.001,4,14.147,6.377,0.998,"Ground_Mountain_0_4:(0.147, 0.989, 0.000) separation=-0.006507199;Ground_Mountain_0_4:(0.147, 0.989, 0.000) separation=-0.006424189;Ground_Mountain_0_4:(0.147, 0.989, 0.000) separation=-0.006334979;Ground_Mountain_0_4:(0.147, 0.989, 0.000) separation=-0.006397605;"
6.200,841.161,147.750,196.010,35.436,-35.332,2.734,0.034,1.000,0.000,-0.001,4,20.583,5.288,0.996,"Ground_Mountain_0_4:(0.137, 0.991, 0.000) separation=0.002969697;Ground_Mountain_0_4:(0.137, 0.991, 0.000) separation=0.00298053;Ground_Mountain_0_4:(0.137, 0.991, 0.000) separation=0.002984166;Ground_Mountain_0_4:(0.137, 0.991, 0.000) separation=0.002989469;"
6.220,840.460,147.813,196.011,35.460,-35.322,3.149,0.029,1.000,0.000,-0.001,4,24.744,4.106,0.995,"Ground_Mountain_0_4:(0.137, 0.991, 0.000) separation=0.0007215068;Ground_Mountain_0_4:(0.137, 0.991, 0.000) separation=0.000716567;Ground_Mountain_0_4:(0.137, 0.991, 0.000) separation=0.00603193;Ground_Mountain_0_4:(0.137, 0.991, 0.000) separation=0.0006730556;Ground_Mountain_0_4:(0.137, 0.991, 0.000) separation=0.000622157;Ground_Mountain_0_4:(0.137, 0.991, 0.000) separation=0.005940199;"
