time,speed,travel,x,y,z,grounded,lift,torque,contact,throttle,brake,steering,velocity,water,up,localZ,vx,vy,vz,yaw,angularSpeed
0.019,11.887,0.238,-628.508,8.342,-149.794,4,7.800,0.042,"",0.000,0.000,0.000,11.887,0.000,1.000,-39.762,-0.196,-0.041,11.886,0.000,0.008
0.039,11.895,0.475,-628.512,8.341,-149.557,4,8.247,0.006,"",0.056,0.000,0.000,11.895,0.000,1.000,-39.525,-0.196,-0.072,11.893,0.000,0.013
0.059,11.901,0.713,-628.516,8.339,-149.319,4,8.669,0.017,"",0.053,0.000,0.001,11.902,0.000,1.000,-39.287,-0.196,-0.095,11.900,0.020,0.016
0.079,11.800,0.949,-628.520,8.337,-149.083,4,9.058,0.032,"",0.049,0.000,-0.002,11.801,0.000,1.000,-39.051,-0.195,-0.110,11.799,-0.040,0.017
0.099,11.817,1.186,-628.524,8.334,-148.847,4,9.407,0.039,"",0.100,0.000,0.003,11.818,0.000,1.000,-38.814,-0.195,-0.118,11.816,0.063,0.017
0.119,11.832,1.422,-628.528,8.332,-148.610,4,9.709,0.042,"",0.091,0.000,-0.004,11.833,0.000,1.000,-38.578,-0.195,-0.120,11.831,-0.079,0.016
0.139,11.846,1.659,-628.531,8.330,-148.373,4,9.963,0.042,"",0.084,0.000,0.004,11.846,0.000,1.000,-38.341,-0.195,-0.117,11.844,0.099,0.014
0.159,11.857,1.896,-628.535,8.327,-148.136,4,10.170,0.040,"",0.077,0.000,-0.005,11.858,0.000,1.000,-38.104,-0.196,-0.109,11.856,-0.115,0.013
0.179,11.868,2.133,-628.539,8.325,-147.899,4,10.331,0.037,"",0.071,0.000,0.006,11.869,0.000,1.000,-37.867,-0.196,-0.099,11.867,0.131,0.011
0.199,11.877,2.371,-628.543,8.324,-147.662,4,10.450,0.033,"",0.066,0.000,-0.006,11.878,0.000,1.000,-37.629,-0.196,-0.086,11.876,-0.143,0.010
0.219,11.885,2.608,-628.547,8.322,-147.424,4,10.530,0.029,"",0.061,0.000,0.007,11.886,0.000,1.000,-37.392,-0.196,-0.071,11.884,0.155,0.008
0.239,11.893,2.846,-628.551,8.321,-147.186,4,10.576,0.025,"",0.057,0.000,-0.007,11.893,0.000,1.000,-37.154,-0.196,-0.056,11.891,-0.163,0.007
0.259,11.899,3.084,-628.555,8.320,-146.948,4,10.592,0.021,"",0.054,0.000,0.008,11.899,0.000,1.000,-36.916,-0.196,-0.040,11.898,0.171,0.006
0.279,11.905,3.322,-628.559,8.320,-146.710,4,10.583,0.017,"",0.050,0.000,-0.008,11.905,0.000,1.000,-36.678,-0.196,-0.025,11.903,-0.177,0.005
0.299,11.803,3.558,-628.563,8.320,-146.474,4,10.553,0.014,"",0.048,0.000,0.008,11.803,0.000,1.000,-36.442,-0.195,-0.010,11.801,0.182,0.004
0.319,11.819,3.795,-628.567,8.320,-146.238,4,10.507,0.012,"",0.099,0.000,-0.008,11.819,0.000,1.000,-36.205,-0.195,0.004,11.817,-0.186,0.003
0.339,11.834,4.031,-628.571,8.320,-146.001,4,10.449,0.009,"",0.090,0.000,0.008,11.834,0.000,1.000,-35.969,-0.195,0.017,11.832,0.189,0.003
0.359,11.846,4.268,-628.574,8.321,-145.765,4,10.382,0.007,"",0.083,0.000,-0.009,11.846,0.000,1.000,-35.732,-0.195,0.028,11.845,-0.192,0.002
0.379,11.858,4.505,-628.578,8.321,-145.527,4,10.311,0.006,"",0.077,0.000,0.009,11.858,0.000,1.000,-35.495,-0.195,0.038,11.856,0.194,0.002
0.399,11.868,4.743,-628.582,8.322,-145.290,4,10.237,0.004,"",0.071,0.000,-0.009,11.868,0.000,1.000,-35.257,-0.196,0.047,11.866,-0.196,0.002
0.419,11.877,4.980,-628.586,8.323,-145.053,4,10.163,0.003,"",0.066,0.000,0.009,11.877,0.000,1.000,-35.020,-0.196,0.054,11.875,0.196,0.002
0.439,11.885,5.218,-628.590,8.325,-144.815,4,10.091,0.002,"",0.061,0.000,-0.009,11.885,0.000,1.000,-34.782,-0.196,0.059,11.884,-0.197,0.002
0.459,11.892,5.456,-628.594,8.326,-144.577,4,10.023,0.002,"",0.057,0.000,0.009,11.892,0.000,1.000,-34.544,-0.196,0.064,11.891,0.198,0.002
0.479,11.899,5.694,-628.598,8.327,-144.339,4,9.961,0.001,"",0.054,0.000,-0.009,11.899,0.000,1.000,-34.306,-0.196,0.067,11.897,-0.198,0.002
0.499,11.904,5.932,-628.602,8.329,-144.101,4,9.904,0.001,"",0.051,0.000,0.009,11.905,0.000,1.000,-34.068,-0.196,0.069,11.903,0.199,0.002
0.519,11.802,6.168,-628.606,8.330,-143.865,4,9.853,0.001,"",0.048,0.000,-0.009,11.802,0.000,1.000,-33.832,-0.195,0.069,11.801,-0.198,0.002
0.539,11.819,6.404,-628.610,8.331,-143.629,4,9.810,0.000,"",0.099,0.000,0.009,11.819,0.000,1.000,-33.596,-0.195,0.069,11.817,0.199,0.002
0.559,11.833,6.641,-628.614,8.333,-143.392,4,9.773,0.000,"",0.091,0.000,-0.009,11.833,0.000,1.000,-33.359,-0.195,0.069,11.832,-0.198,0.002
0.579,11.846,6.878,-628.617,8.334,-143.155,4,9.743,0.000,"",0.083,0.000,0.009,11.846,0.000,1.000,-33.122,-0.195,0.067,11.844,0.198,0.002
0.599,11.858,7.115,-628.621,8.335,-142.918,4,9.720,0.000,"",0.077,0.000,-0.009,11.858,0.000,1.000,-32.885,-0.195,0.065,11.856,-0.199,0.002
0.619,11.868,7.352,-628.625,8.337,-142.681,4,9.703,0.000,"",0.071,0.000,0.009,11.868,0.000,1.000,-32.648,-0.196,0.063,11.866,0.198,0.002
0.639,11.877,7.590,-628.629,8.338,-142.443,4,9.691,0.000,"",0.066,0.000,-0.009,11.877,0.000,1.000,-32.410,-0.196,0.061,11.875,-0.198,0.002
0.659,11.885,7.828,-628.633,8.339,-142.206,4,9.684,0.000,"",0.062,0.000,0.009,11.885,0.000,1.000,-32.172,-0.196,0.058,11.883,0.198,0.002
0.679,11.892,8.065,-628.637,8.340,-141.968,4,9.682,0.000,"",0.057,0.000,-0.009,11.892,0.000,1.000,-31.935,-0.196,0.056,11.891,-0.198,0.002
0.699,11.899,8.303,-628.641,8.341,-141.730,4,9.683,0.000,"",0.054,0.000,0.009,11.899,0.000,1.000,-31.697,-0.196,0.053,11.897,0.198,0.002
0.719,11.904,8.541,-628.645,8.342,-141.492,4,9.688,0.000,"",0.051,0.000,-0.009,11.904,0.000,1.000,-31.459,-0.196,0.051,11.903,-0.198,0.002
0.739,11.802,8.777,-628.649,8.343,-141.256,4,9.694,0.000,"",0.048,0.000,0.009,11.802,0.000,1.000,-31.223,-0.195,0.048,11.801,0.198,0.002
0.759,11.819,9.014,-628.653,8.344,-141.019,4,9.703,0.000,"",0.099,0.000,-0.009,11.819,0.000,1.000,-30.986,-0.195,0.046,11.817,-0.198,0.002
0.779,11.833,9.251,-628.656,8.345,-140.783,4,9.713,0.000,"",0.091,0.000,0.009,11.833,0.000,1.000,-30.749,-0.195,0.044,11.831,0.198,0.002
0.799,11.846,9.487,-628.660,8.346,-140.546,4,9.725,0.000,"",0.083,0.000,-0.009,11.846,0.000,1.000,-30.513,-0.195,0.043,11.844,-0.198,0.002
0.819,11.858,9.725,-628.664,8.347,-140.309,4,9.736,0.000,"",0.077,0.000,0.009,11.858,0.000,1.000,-30.275,-0.196,0.041,11.856,0.199,0.002
0.839,11.868,9.962,-628.668,8.348,-140.072,4,9.748,0.000,"",0.071,0.000,-0.009,11.868,0.000,1.000,-30.038,-0.196,0.040,11.866,-0.198,0.002
0.859,11.877,10.199,-628.672,8.348,-139.834,4,9.759,0.000,"",0.066,0.000,0.009,11.877,0.000,1.000,-29.801,-0.196,0.039,11.875,0.198,0.002
0.879,11.885,10.437,-628.676,8.349,-139.596,4,9.770,0.000,"",0.062,0.000,-0.009,11.885,0.000,1.000,-29.563,-0.196,0.038,11.883,-0.199,0.002
0.899,11.892,10.675,-628.680,8.350,-139.359,4,9.780,0.000,"",0.058,0.000,0.009,11.892,0.000,1.000,-29.325,-0.196,0.038,11.891,0.199,0.002
0.919,11.899,10.913,-628.684,8.351,-139.121,4,9.789,0.000,"",0.054,0.000,-0.009,11.899,0.000,1.000,-29.087,-0.196,0.037,11.897,-0.198,0.002
0.939,11.904,11.151,-628.688,8.351,-138.883,4,9.798,0.000,"",0.051,0.000,0.009,11.904,0.000,1.000,-28.849,-0.196,0.037,11.903,0.198,0.002
0.959,11.802,11.387,-628.692,8.352,-138.647,4,9.805,0.000,"",0.048,0.000,-0.009,11.802,0.000,1.000,-28.613,-0.195,0.037,11.801,-0.198,0.002
0.979,11.819,11.623,-628.696,8.353,-138.410,4,9.811,0.000,"",0.099,0.000,0.009,11.819,0.000,1.000,-28.377,-0.195,0.037,11.817,0.198,0.002
0.999,11.833,11.860,-628.699,8.354,-138.174,4,9.817,0.000,"",0.091,0.000,-0.009,11.833,0.000,1.000,-28.140,-0.195,0.037,11.831,-0.199,0.002
1.019,11.846,12.097,-628.703,8.354,-137.937,4,9.821,0.000,"",0.083,0.000,0.009,11.846,0.000,1.000,-27.903,-0.195,0.037,11.844,0.198,0.002
1.039,11.858,12.334,-628.707,8.355,-137.700,4,9.824,0.000,"",0.077,0.000,-0.009,11.858,0.000,1.000,-27.666,-0.196,0.038,11.856,-0.199,0.002
1.059,11.868,12.572,-628.711,8.356,-137.462,4,9.827,0.000,"",0.071,0.000,0.009,11.868,0.000,1.000,-27.428,-0.196,0.038,11.866,0.198,0.002
1.079,11.877,12.809,-628.715,8.357,-137.225,4,9.828,0.000,"",0.066,0.000,-0.009,11.877,0.000,1.000,-27.191,-0.196,0.038,11.875,-0.198,0.002
1.099,11.885,13.047,-628.719,8.357,-136.987,4,9.829,0.000,"",0.062,0.000,0.009,11.885,0.000,1.000,-26.953,-0.196,0.039,11.883,0.198,0.002
1.119,11.892,13.285,-628.723,8.358,-136.749,4,9.829,0.000,"",0.058,0.000,-0.009,11.892,0.000,1.000,-26.715,-0.196,0.039,11.890,-0.198,0.002
1.139,11.899,13.523,-628.727,8.359,-136.511,4,9.829,0.000,"",0.054,0.000,0.009,11.899,0.000,1.000,-26.477,-0.196,0.040,11.897,0.198,0.002
1.159,11.904,13.761,-628.731,8.360,-136.273,4,9.828,0.000,"",0.051,0.000,-0.009,11.904,0.000,1.000,-26.239,-0.197,0.040,11.903,-0.198,0.002
1.179,11.802,13.997,-628.735,8.361,-136.037,4,9.827,0.000,"",0.048,0.000,0.009,11.802,0.000,1.000,-26.003,-0.195,0.040,11.801,0.198,0.002
1.199,11.819,14.233,-628.739,8.361,-135.801,4,9.826,0.000,"",0.099,0.000,0.009,11.819,0.000,1.000,-25.767,-0.195,0.040,11.817,0.198,0.005
1.219,11.833,14.470,-628.742,8.362,-135.564,4,9.824,0.000,"",0.091,0.000,-0.009,11.833,0.000,1.000,-25.530,-0.195,0.041,11.831,-0.199,0.001
1.239,11.846,14.707,-628.746,8.363,-135.327,4,9.822,0.000,"",0.083,0.000,-0.009,11.846,0.000,1.000,-25.293,-0.195,0.041,11.844,-0.199,0.003
1.259,11.858,14.944,-628.750,8.364,-135.090,4,9.821,0.000,"",0.077,0.000,-0.009,11.858,0.000,1.000,-25.056,-0.195,0.041,11.856,-0.199,0.006
1.279,11.868,15.181,-628.754,8.365,-134.853,4,9.819,0.000,"",0.071,0.000,0.009,11.868,0.000,1.000,-24.819,-0.196,0.041,11.866,0.198,0.001
1.299,11.877,15.419,-628.758,8.365,-134.615,4,9.817,0.000,"",0.066,0.000,0.009,11.877,0.000,1.000,-24.581,-0.196,0.042,11.875,0.198,0.002
1.319,11.885,15.656,-628.762,8.366,-134.378,4,9.816,0.000,"",0.062,0.000,0.009,11.885,0.000,1.000,-24.344,-0.196,0.042,11.883,0.199,0.005
1.339,11.892,15.894,-628.766,8.367,-134.140,4,9.814,0.000,"",0.058,0.000,-0.009,11.892,0.000,1.000,-24.106,-0.196,0.042,11.890,-0.198,0.001
1.359,11.899,16.132,-628.770,8.368,-133.902,4,9.813,0.000,"",0.054,0.000,-0.009,11.899,0.000,1.000,-23.868,-0.196,0.042,11.897,-0.198,0.003
1.379,11.904,16.370,-628.774,8.369,-133.664,4,9.812,0.000,"",0.051,0.000,-0.009,11.904,0.000,1.000,-23.630,-0.196,0.042,11.903,-0.199,0.006
1.399,11.802,16.606,-628.778,8.370,-133.428,4,9.811,0.000,"",0.048,0.000,0.009,11.802,0.000,1.000,-23.394,-0.195,0.042,11.801,0.198,0.001
1.419,11.819,16.843,-628.781,8.370,-133.192,4,9.810,0.000,"",0.099,0.000,0.009,11.819,0.000,1.000,-23.157,-0.195,0.042,11.817,0.198,0.002
1.439,11.833,17.079,-628.785,8.371,-132.955,4,9.809,0.000,"",0.091,0.000,0.009,11.833,0.000,1.000,-22.921,-0.196,0.042,11.831,0.199,0.005
1.459,11.846,17.316,-628.789,8.372,-132.718,4,9.808,0.000,"",0.083,0.000,-0.009,11.846,0.000,1.000,-22.684,-0.196,0.042,11.844,-0.199,0.001
1.479,11.858,17.554,-628.793,8.373,-132.481,4,9.808,0.000,"",0.077,0.000,-0.009,11.858,0.000,1.000,-22.446,-0.196,0.042,11.856,-0.199,0.003
1.499,11.868,17.791,-628.797,8.374,-132.244,4,9.808,0.000,"",0.071,0.000,0.009,11.868,0.000,1.000,-22.209,-0.196,0.042,11.866,0.198,0.001
1.519,11.877,18.028,-628.801,8.375,-132.006,4,9.807,0.000,"",0.066,0.000,-0.009,11.877,0.000,1.000,-21.972,-0.196,0.042,11.875,-0.198,0.003
1.539,11.885,18.266,-628.805,8.375,-131.768,4,9.807,0.000,"",0.062,0.000,0.009,11.885,0.000,1.000,-21.734,-0.196,0.042,11.883,0.198,0.001
1.559,11.892,18.504,-628.809,8.376,-131.531,4,9.807,0.000,"",0.058,0.000,0.009,11.892,0.000,1.000,-21.496,-0.196,0.042,11.890,0.199,0.005
1.579,11.899,18.742,-628.813,8.377,-131.293,4,9.807,0.000,"",0.054,0.000,-0.009,11.899,0.000,1.000,-21.258,-0.196,0.042,11.897,-0.199,0.000
1.599,11.904,18.980,-628.817,8.378,-131.055,4,9.807,0.000,"",0.051,0.000,-0.009,11.904,0.000,1.000,-21.020,-0.196,0.042,11.903,-0.199,0.003
1.619,11.802,19.216,-628.821,8.379,-130.819,4,9.808,0.000,"",0.048,0.000,-0.009,11.802,0.000,1.000,-20.784,-0.195,0.041,11.801,-0.199,0.006
1.639,11.819,19.452,-628.824,8.380,-130.582,4,9.808,0.000,"",0.099,0.000,0.009,11.819,0.000,1.000,-20.548,-0.195,0.041,11.817,0.199,0.002
1.659,11.833,19.689,-628.828,8.380,-130.346,4,9.808,0.000,"",0.091,0.000,0.009,11.833,0.000,1.000,-20.311,-0.196,0.041,11.831,0.199,0.002
1.679,11.846,19.926,-628.832,8.381,-130.109,4,9.808,0.000,"",0.083,0.000,0.009,11.846,0.000,1.000,-20.074,-0.196,0.041,11.844,0.199,0.005
1.699,11.858,20.163,-628.836,8.382,-129.872,4,9.809,0.000,"",0.077,0.000,-0.009,11.858,0.000,1.000,-19.837,-0.196,0.041,11.856,-0.198,0.001
1.719,11.868,20.401,-628.840,8.383,-129.634,4,9.809,0.000,"",0.071,0.000,-0.009,11.868,0.000,1.000,-19.600,-0.196,0.041,11.866,-0.198,0.003
1.739,11.877,20.638,-628.844,8.384,-129.397,4,9.809,0.000,"",0.066,0.000,0.009,11.877,0.000,1.000,-19.362,-0.196,0.041,11.875,0.198,0.001
1.759,11.885,20.876,-628.848,8.385,-129.159,4,9.809,0.000,"",0.062,0.000,0.009,11.885,0.000,1.000,-19.124,-0.196,0.041,11.883,0.199,0.004
1.779,11.892,21.114,-628.852,8.385,-128.921,4,9.810,0.000,"",0.058,0.000,-0.009,11.892,0.000,1.000,-18.886,-0.196,0.041,11.890,-0.199,0.000
1.799,11.899,21.352,-628.856,8.386,-128.683,4,9.810,0.000,"",0.054,0.000,-0.009,11.899,0.000,1.000,-18.648,-0.196,0.041,11.897,-0.199,0.004
1.819,11.904,21.590,-628.860,8.387,-128.445,4,9.810,0.000,"",0.051,0.000,-0.009,11.904,0.000,1.000,-18.410,-0.196,0.041,11.903,-0.199,0.006
1.839,11.802,21.826,-628.864,8.388,-128.209,4,9.810,0.000,"",0.048,0.000,0.009,11.802,0.000,1.000,-18.174,-0.195,0.041,11.801,0.199,0.002
1.859,11.819,22.062,-628.867,8.389,-127.973,4,9.810,0.000,"",0.099,0.000,0.009,11.819,0.000,1.000,-17.938,-0.195,0.041,11.817,0.199,0.002
1.879,11.833,22.299,-628.871,8.389,-127.736,4,9.810,0.000,"",0.091,0.000,0.009,11.833,0.000,1.000,-17.701,-0.196,0.041,11.831,0.199,0.005
1.899,11.846,22.536,-628.875,8.390,-127.500,4,9.810,0.000,"",0.083,0.000,0.009,11.846,0.000,1.000,-17.464,-0.196,0.041,11.844,0.199,0.008
1.919,11.858,22.773,-628.879,8.391,-127.262,4,9.810,0.000,"",0.077,0.000,-0.009,11.858,0.000,1.000,-17.227,-0.196,0.041,11.856,-0.199,0.003
1.939,11.868,23.010,-628.883,8.392,-127.025,4,9.810,0.000,"",0.071,0.000,-0.009,11.868,0.000,1.000,-16.990,-0.196,0.041,11.866,-0.199,0.001
1.959,11.877,23.248,-628.887,8.393,-126.788,4,9.810,0.000,"",0.066,0.000,-0.009,11.877,0.000,1.000,-16.752,-0.195,0.041,11.875,-0.199,0.005
1.979,11.885,23.485,-628.891,8.394,-126.550,4,9.811,0.000,"",0.062,0.000,-0.009,11.885,0.000,1.000,-16.515,-0.195,0.041,11.883,-0.199,0.007
1.999,11.892,23.723,-628.895,8.394,-126.312,4,9.811,0.000,"",0.058,0.000,0.009,11.892,0.000,1.000,-16.277,-0.196,0.041,11.890,0.199,0.002
2.019,11.899,23.961,-628.899,8.395,-126.074,4,9.811,0.000,"",0.054,0.000,0.009,11.899,0.000,1.000,-16.039,-0.196,0.041,11.897,0.199,0.001
2.039,11.904,24.199,-628.903,8.396,-125.836,4,9.811,0.000,"",0.051,0.000,0.009,11.904,0.000,1.000,-15.801,-0.197,0.041,11.903,0.199,0.005
2.059,11.802,24.435,-628.906,8.397,-125.600,4,9.811,0.000,"",0.048,0.000,-0.009,11.802,0.000,1.000,-15.565,-0.195,0.041,11.801,-0.199,0.000
2.079,11.819,24.672,-628.910,8.398,-125.364,4,9.811,0.000,"",0.099,0.000,-0.009,11.819,0.000,1.000,-15.328,-0.195,0.041,11.817,-0.199,0.003
2.099,11.833,24.908,-628.914,8.399,-125.127,4,9.811,0.000,"",0.091,0.000,0.009,11.833,0.000,1.000,-15.092,-0.195,0.041,11.831,0.199,0.001
2.119,11.846,25.145,-628.918,8.399,-124.890,4,9.810,0.000,"",0.083,0.000,0.009,11.846,0.000,1.000,-14.855,-0.196,0.041,11.844,0.199,0.004
2.139,11.858,25.382,-628.922,8.400,-124.653,4,9.811,0.000,"",0.077,0.000,-0.009,11.858,0.000,1.000,-14.618,-0.196,0.041,11.856,-0.199,0.000
2.159,11.868,25.620,-628.926,8.401,-124.416,4,9.810,0.000,"",0.071,0.000,-0.009,11.868,0.000,1.000,-14.380,-0.196,0.041,11.866,-0.199,0.004
2.179,11.877,25.857,-628.930,8.402,-124.178,4,9.811,0.000,"",0.066,0.000,0.009,11.877,0.000,1.000,-14.143,-0.196,0.041,11.875,0.199,0.000
2.199,11.885,26.095,-628.934,8.403,-123.941,4,9.811,0.000,"",0.062,0.000,0.009,11.885,0.000,1.000,-13.905,-0.196,0.041,11.883,0.199,0.004
2.219,11.892,26.333,-628.938,8.404,-123.703,4,9.811,0.000,"",0.058,0.000,-0.009,11.892,0.000,1.000,-13.667,-0.196,0.041,11.890,-0.199,0.000
2.239,11.899,26.571,-628.942,8.404,-123.465,4,9.810,0.000,"",0.054,0.000,-0.009,11.899,0.000,1.000,-13.429,-0.196,0.042,11.897,-0.200,0.004
2.259,11.904,26.809,-628.946,8.405,-123.227,4,9.810,0.000,"",0.051,0.000,0.009,11.904,0.000,1.000,-13.191,-0.196,0.042,11.903,0.199,0.000
2.279,11.802,27.045,-628.949,8.406,-122.991,4,9.810,0.000,"",0.048,0.000,0.009,11.802,0.000,1.000,-12.955,-0.195,0.041,11.801,0.200,0.004
2.299,11.819,27.281,-628.953,8.407,-122.755,4,9.810,0.000,"",0.099,0.000,-0.009,11.819,0.000,1.000,-12.719,-0.195,0.041,11.817,-0.200,0.000
2.319,11.833,27.518,-628.957,8.408,-122.518,4,9.810,0.000,"",0.091,0.000,-0.009,11.833,0.000,1.000,-12.482,-0.195,0.041,11.831,-0.200,0.004
2.339,11.846,27.755,-628.961,8.408,-122.281,4,9.810,0.000,"",0.083,0.000,0.009,11.846,0.000,1.000,-12.245,-0.195,0.041,11.844,0.199,0.000
2.359,11.858,27.992,-628.965,8.409,-122.044,4,9.810,0.000,"",0.077,0.000,0.009,11.858,0.000,1.000,-12.008,-0.196,0.041,11.856,0.199,0.004
2.379,11.868,28.229,-628.969,8.410,-121.807,4,9.810,0.000,"",0.071,0.000,-0.009,11.868,0.000,1.000,-11.771,-0.196,0.041,11.866,-0.200,0.001
2.399,11.877,28.467,-628.973,8.411,-121.569,4,9.810,0.000,"",0.066,0.000,-0.009,11.877,0.000,1.000,-11.533,-0.196,0.041,11.875,-0.200,0.004
2.419,11.885,28.705,-628.977,8.412,-121.331,4,9.810,0.000,"",0.062,0.000,0.009,11.885,0.000,1.000,-11.295,-0.196,0.042,11.883,0.199,0.000
2.439,11.892,28.942,-628.981,8.413,-121.094,4,10.395,0.000,"",0.058,0.000,0.009,11.892,0.000,1.000,-11.058,-0.196,0.053,11.890,0.200,0.016
2.459,11.898,29.180,-628.985,8.414,-120.856,4,10.315,0.064,"",0.054,0.000,-0.010,11.898,0.000,1.000,-10.820,-0.196,0.063,11.897,-0.217,0.024
2.479,11.904,29.418,-628.989,8.416,-120.618,4,10.252,0.106,"",0.051,0.000,-0.011,11.904,0.000,1.000,-10.582,-0.196,0.072,11.902,-0.245,0.029
2.499,11.802,29.654,-628.992,8.417,-120.382,4,10.197,0.132,"",0.048,0.000,0.012,11.802,0.000,1.000,-10.346,-0.195,0.080,11.800,0.278,0.031
2.519,11.818,29.890,-628.996,8.419,-120.146,4,10.142,0.146,"",0.099,0.000,0.014,11.818,0.000,1.000,-10.110,-0.195,0.086,11.816,0.313,0.031
2.539,11.832,30.126,-629.000,8.421,-119.910,4,10.087,0.151,"",0.091,0.000,-0.016,11.832,0.000,1.000,-9.874,-0.195,0.092,11.830,-0.347,0.028
2.559,11.844,30.363,-629.004,8.423,-119.673,4,10.032,0.151,"",0.084,0.000,-0.017,11.844,0.000,1.000,-9.637,-0.196,0.096,11.842,-0.380,0.027
2.579,11.855,30.600,-629.008,8.425,-119.436,4,9.974,0.147,"",0.078,0.000,0.018,11.855,0.000,1.000,-9.400,-0.196,0.100,11.853,0.410,0.023
2.599,11.865,30.837,-629.012,8.427,-119.199,4,9.916,0.142,"",0.072,0.000,0.020,11.865,0.000,1.000,-9.163,-0.196,0.102,11.863,0.436,0.022
2.619,11.874,31.074,-629.016,8.429,-118.962,4,9.860,0.134,"",0.067,0.000,-0.021,11.874,0.000,1.000,-8.926,-0.196,0.103,11.871,-0.459,0.017
2.639,11.881,31.312,-629.020,8.431,-118.724,4,9.805,0.127,"",0.063,0.000,-0.022,11.881,0.000,1.000,-8.688,-0.196,0.103,11.879,-0.478,0.017
2.659,11.888,31.550,-629.024,8.433,-118.487,4,10.339,0.120,"",0.059,0.000,0.022,11.888,0.000,1.000,-8.450,-0.197,0.113,11.885,0.495,0.003
2.679,11.894,31.788,-629.028,8.435,-118.249,4,10.156,0.048,"",0.056,0.000,0.022,11.894,0.000,1.000,-8.212,-0.197,0.120,11.891,0.491,0.017
2.699,11.899,32.026,-629.032,8.438,-118.011,4,9.972,0.000,"",0.053,0.000,-0.021,11.899,0.000,1.000,-7.974,-0.197,0.123,11.897,-0.475,0.021
2.719,11.904,32.264,-629.036,8.440,-117.772,4,9.800,0.031,"",0.051,0.000,-0.020,11.904,0.000,1.000,-7.736,-0.197,0.123,11.901,-0.451,0.026
2.739,11.801,32.500,-629.039,8.443,-117.536,4,9.650,0.050,"",0.048,0.000,0.019,11.801,0.000,1.000,-7.500,-0.195,0.120,11.799,0.423,0.025
2.759,11.817,32.737,-629.043,8.445,-117.300,4,9.524,0.060,"",0.100,0.000,0.018,11.817,0.000,1.000,-7.263,-0.196,0.114,11.815,0.395,0.026
2.779,11.831,32.974,-629.047,8.447,-117.063,4,9.430,0.063,"",0.092,0.000,0.016,11.831,0.000,1.000,-7.027,-0.196,0.106,11.829,0.366,0.026
2.799,11.844,33.211,-629.051,8.449,-116.826,4,9.363,0.062,"",0.085,0.000,-0.015,11.844,0.000,1.000,-6.789,-0.196,0.097,11.842,-0.340,0.021
2.819,11.855,33.448,-629.055,8.451,-116.589,4,9.323,0.059,"",0.078,0.000,-0.014,11.855,0.000,1.000,-6.552,-0.195,0.088,11.853,-0.317,0.018
2.839,11.865,33.685,-629.059,8.452,-116.352,4,9.307,0.053,"",0.073,0.000,-0.013,11.865,0.000,1.000,-6.315,-0.195,0.078,11.863,-0.296,0.017
2.859,11.874,33.923,-629.063,8.454,-116.114,4,9.310,0.048,"",0.067,0.000,-0.013,11.874,0.000,1.000,-6.077,-0.195,0.068,11.872,-0.277,0.017
2.879,11.882,34.160,-629.067,8.455,-115.876,4,9.331,0.041,"",0.063,0.000,0.012,11.882,0.000,1.000,-5.840,-0.195,0.058,11.881,0.261,0.012
2.899,11.890,34.398,-629.071,8.456,-115.638,4,9.365,0.035,"",0.059,0.000,0.011,11.890,0.000,1.000,-5.602,-0.196,0.049,11.888,0.249,0.009
2.919,11.896,34.636,-629.075,8.457,-115.401,4,9.408,0.030,"",0.055,0.000,0.011,11.896,0.000,1.000,-5.364,-0.196,0.041,11.895,0.237,0.009
2.939,11.902,34.874,-629.079,8.457,-115.162,4,9.459,0.025,"",0.052,0.000,0.010,11.902,0.000,1.000,-5.126,-0.197,0.034,11.900,0.228,0.010
2.959,11.800,35.110,-629.082,8.458,-114.926,4,9.513,0.020,"",0.049,0.000,-0.010,11.800,0.000,1.000,-4.890,-0.195,0.028,11.799,-0.222,0.006
2.979,11.817,35.347,-629.086,8.458,-114.690,4,9.568,0.016,"",0.100,0.000,-0.010,11.817,0.000,1.000,-4.653,-0.195,0.023,11.815,-0.217,0.004
2.999,11.831,35.583,-629.090,8.459,-114.454,4,9.623,0.013,"",0.092,0.000,-0.010,11.831,0.000,1.000,-4.417,-0.195,0.019,11.830,-0.211,0.006
3.019,11.845,35.820,-629.094,8.459,-114.217,4,9.676,0.010,"",0.084,0.000,-0.009,11.845,0.000,1.000,-4.180,-0.195,0.017,11.843,-0.208,0.008
3.039,11.856,36.057,-629.098,8.459,-113.980,4,9.725,0.008,"",0.078,0.000,0.009,11.856,0.000,1.000,-3.943,-0.195,0.015,11.855,0.206,0.003
3.059,11.867,36.295,-629.102,8.460,-113.742,4,9.770,0.006,"",0.072,0.000,0.009,11.867,0.000,1.000,-3.705,-0.196,0.014,11.865,0.204,0.002
3.079,11.876,36.532,-629.106,8.460,-113.505,4,9.809,0.005,"",0.067,0.000,0.009,11.876,0.000,1.000,-3.468,-0.196,0.014,11.874,0.202,0.005
3.099,11.884,36.770,-629.110,8.460,-113.267,4,9.843,0.003,"",0.062,0.000,0.009,11.884,0.000,1.000,-3.230,-0.197,0.015,11.882,0.201,0.007
3.119,11.891,37.008,-629.114,8.461,-113.029,4,9.871,0.002,"",0.058,0.000,-0.009,11.891,0.000,1.000,-2.992,-0.197,0.016,11.890,-0.201,0.002
3.139,11.898,37.246,-629.118,8.461,-112.791,4,9.893,0.002,"",0.054,0.000,-0.009,11.898,0.000,1.000,-2.754,-0.196,0.018,11.896,-0.201,0.002
3.159,11.904,37.484,-629.122,8.461,-112.553,4,9.910,0.001,"",0.051,0.000,-0.009,11.904,0.000,1.000,-2.516,-0.196,0.020,11.902,-0.200,0.005
3.179,11.802,37.720,-629.125,8.462,-112.317,4,9.922,0.001,"",0.048,0.000,0.009,11.802,0.000,1.000,-2.280,-0.195,0.022,11.800,0.199,0.001
3.199,11.818,37.956,-629.129,8.462,-112.081,4,9.929,0.000,"",0.099,0.000,0.009,11.818,0.000,1.000,-2.044,-0.195,0.024,11.816,0.199,0.003
3.219,11.833,38.193,-629.133,8.463,-111.844,4,9.932,0.000,"",0.091,0.000,-0.009,11.833,0.000,1.000,-1.807,-0.195,0.027,11.831,-0.200,0.001
3.239,11.846,38.430,-629.137,8.463,-111.608,4,9.931,0.000,"",0.084,0.000,-0.009,11.846,0.000,1.000,-1.570,-0.195,0.029,11.844,-0.199,0.004
3.259,11.857,38.667,-629.141,8.464,-111.370,4,9.928,0.000,"",0.077,0.000,0.009,11.857,0.000,1.000,-1.333,-0.196,0.032,11.855,0.200,0.000
3.279,11.867,38.904,-629.145,8.465,-111.133,4,9.922,0.000,"",0.071,0.000,0.009,11.867,0.000,1.000,-1.096,-0.196,0.034,11.866,0.200,0.003
3.299,11.877,39.142,-629.149,8.466,-110.896,4,9.927,0.011,"",0.066,0.000,0.009,11.877,0.000,1.000,-0.858,-0.196,0.036,11.875,0.200,0.006
3.319,11.885,39.379,-629.153,8.466,-110.658,4,9.931,0.009,"",0.062,0.000,-0.009,11.885,0.000,1.000,-0.621,-0.196,0.039,11.883,-0.201,0.002
3.339,11.892,39.617,-629.157,8.467,-110.420,4,9.956,0.029,"",0.058,0.000,-0.009,11.892,0.000,1.000,-0.383,-0.196,0.042,11.890,-0.202,0.004
3.359,11.898,39.855,-629.161,8.468,-110.182,4,9.983,0.021,"",0.054,0.000,-0.009,11.898,0.000,1.000,-0.145,-0.196,0.045,11.897,-0.206,0.008
3.379,11.904,40.093,-629.164,8.469,-109.944,4,10.025,0.034,"",0.051,0.000,0.009,11.904,0.000,1.000,0.093,-0.196,0.050,11.902,0.212,0.009
3.399,11.802,40.329,-629.168,8.470,-109.708,4,10.072,0.019,"",0.048,0.000,0.010,11.802,0.000,1.000,0.329,-0.195,0.054,11.800,0.222,0.013
3.419,11.818,40.565,-629.172,8.471,-109.472,4,10.131,0.024,"",0.099,0.000,-0.011,11.818,0.000,1.000,0.565,-0.195,0.061,11.816,-0.236,0.017
3.439,11.833,40.802,-629.176,8.473,-109.236,4,10.190,0.002,"",0.091,0.000,0.011,11.833,0.000,1.000,0.802,-0.195,0.069,11.831,0.256,0.022
3.459,11.845,41.039,-629.180,8.474,-108.999,4,10.252,0.001,"",0.084,0.000,-0.013,11.845,0.000,1.000,1.039,-0.195,0.078,11.843,-0.281,0.028
3.479,11.856,41.276,-629.184,8.476,-108.762,4,10.320,0.028,"",0.077,0.000,0.014,11.857,0.000,1.000,1.276,-0.196,0.088,11.855,0.312,0.033
3.499,11.866,41.513,-629.188,8.478,-108.525,4,10.384,0.036,"",0.072,0.000,-0.016,11.866,0.000,1.000,1.513,-0.196,0.100,11.864,-0.351,0.040
3.519,11.875,41.750,-629.192,8.480,-108.288,4,10.469,0.059,"",0.067,0.000,0.018,11.875,0.000,1.000,1.750,-0.196,0.113,11.873,0.396,0.046
3.539,11.882,41.987,-629.196,8.483,-108.051,4,10.544,0.072,"",0.063,0.000,-0.020,11.882,0.000,1.000,1.987,-0.196,0.128,11.880,-0.448,0.052
3.559,11.889,42.224,-629.200,8.486,-107.813,4,10.646,0.087,"",0.059,0.000,0.023,11.889,0.000,1.000,2.224,-0.196,0.145,11.886,0.508,0.058
3.579,11.894,42.462,-629.203,8.489,-107.576,4,10.732,0.102,"",0.056,0.000,-0.026,11.894,0.000,1.000,2.462,-0.196,0.163,11.892,-0.575,0.064
3.599,11.899,42.699,-629.207,8.493,-107.339,4,10.838,0.116,"",0.053,0.000,0.029,11.899,0.000,1.000,2.699,-0.196,0.184,11.896,0.648,0.069
3.619,11.903,42.937,-629.211,8.497,-107.101,4,10.920,0.130,"",0.050,0.000,-0.033,11.903,0.000,1.000,2.937,-0.196,0.206,11.900,-0.727,0.074
3.639,11.799,43.172,-629.215,8.501,-106.866,4,11.015,0.141,"",0.049,0.000,0.036,11.799,0.000,1.000,3.172,-0.194,0.228,11.795,0.811,0.078
3.659,11.813,43.408,-629.219,8.506,-106.630,4,11.092,0.176,"",0.100,0.000,-0.041,11.814,0.000,1.000,3.408,-0.194,0.254,11.809,-0.899,0.080
3.679,11.826,43.644,-629.223,8.512,-106.394,4,11.159,0.159,"",0.093,0.000,0.044,11.826,0.000,1.000,3.644,-0.195,0.281,11.821,0.990,0.083
3.699,11.837,43.880,-629.227,8.518,-106.158,4,11.203,0.190,"",0.087,0.000,-0.049,11.837,0.000,1.000,3.880,-0.195,0.310,11.831,-1.085,0.085
3.719,11.846,44.116,-629.231,8.525,-105.922,4,11.243,0.171,"",0.082,0.000,0.053,11.846,0.000,1.000,4.116,-0.195,0.339,11.840,1.182,0.087
3.739,11.854,44.352,-629.235,8.532,-105.686,4,11.267,0.200,"",0.077,0.000,-0.058,11.854,0.000,1.000,4.352,-0.195,0.368,11.847,-1.281,0.089
3.759,11.861,44.589,-629.239,8.540,-105.449,4,11.281,0.179,"",0.073,0.000,0.062,11.861,0.000,1.000,4.589,-0.195,0.398,11.853,1.381,0.090
3.779,11.866,44.825,-629.242,8.549,-105.213,4,11.287,0.207,"",0.070,0.000,-0.067,11.867,0.000,1.000,4.825,-0.195,0.428,11.858,-1.483,0.091
3.799,11.871,45.062,-629.246,8.558,-104.976,4,11.279,0.184,"",0.067,0.000,0.071,11.872,0.000,1.000,5.062,-0.196,0.458,11.861,1.586,0.092
3.819,11.875,45.299,-629.250,8.568,-104.740,4,11.271,0.210,"",0.064,0.000,-0.076,11.876,0.000,1.000,5.299,-0.195,0.487,11.864,-1.690,0.093
3.839,11.878,45.535,-629.254,8.578,-104.503,4,11.245,0.186,"",0.062,0.000,0.081,11.879,0.000,0.999,5.535,-0.196,0.516,11.866,1.795,0.093
3.859,11.880,45.772,-629.258,8.589,-104.266,4,11.229,0.212,"",0.061,0.000,-0.086,11.881,0.000,0.999,5.772,-0.195,0.545,11.867,-1.900,0.093
3.879,11.882,46.009,-629.262,8.600,-104.030,4,11.190,0.210,"",0.060,0.000,0.090,11.883,0.000,0.999,6.009,-0.196,0.573,11.868,2.005,0.094
3.899,11.883,46.246,-629.266,8.612,-103.793,4,11.169,0.210,"",0.059,0.000,-0.095,11.884,0.000,0.999,6.246,-0.195,0.600,11.868,-2.110,0.093
3.919,11.884,46.482,-629.270,8.625,-103.556,4,11.125,0.209,"",0.058,0.000,0.100,11.885,0.000,0.999,6.482,-0.196,0.627,11.867,2.216,0.094
3.939,11.885,46.719,-629.274,8.638,-103.319,4,11.101,0.208,"",0.058,0.000,-0.105,11.885,0.000,0.999,6.719,-0.195,0.653,11.866,-2.321,0.093
3.959,11.884,46.956,-629.278,8.651,-103.083,4,11.056,0.207,"",0.058,0.000,0.109,11.885,0.000,0.999,6.956,-0.196,0.678,11.864,2.426,0.094
3.979,11.884,47.192,-629.281,8.665,-102.846,4,11.033,0.206,"",0.058,0.000,-0.114,11.885,0.000,0.999,7.192,-0.195,0.703,11.863,-2.532,0.093
3.999,11.883,47.429,-629.285,8.680,-102.610,4,10.990,0.205,"",0.058,0.000,0.119,11.884,0.000,0.999,7.429,-0.195,0.727,11.861,2.637,0.094
4.019,11.882,47.666,-629.289,8.695,-102.373,4,10.971,0.204,"",0.058,0.000,-0.124,11.883,0.000,0.999,7.665,-0.195,0.750,11.858,-2.743,0.094
4.039,11.881,47.902,-629.293,8.710,-102.137,4,10.934,0.226,"",0.059,0.000,-0.128,11.882,0.000,0.999,7.902,-0.195,0.773,11.855,-2.848,0.111
4.059,11.880,48.138,-629.297,8.726,-101.900,4,10.918,0.200,"",0.059,0.000,0.133,11.881,0.000,0.999,8.138,-0.197,0.795,11.852,2.954,0.100
4.079,11.878,48.375,-629.301,8.742,-101.664,4,10.889,0.223,"",0.060,0.000,0.138,11.879,0.000,0.998,8.375,-0.201,0.817,11.849,3.061,0.094
4.099,11.876,48.611,-629.305,8.759,-101.428,4,10.875,0.197,"",0.061,0.000,0.142,11.877,0.000,0.998,8.611,-0.203,0.838,11.846,3.165,0.118
4.119,11.874,48.847,-629.309,8.776,-101.191,4,10.855,0.221,"",0.062,0.000,0.147,11.875,0.000,0.998,8.847,-0.202,0.860,11.842,3.269,0.149
4.139,11.872,49.084,-629.313,8.794,-100.955,4,10.844,0.195,"",0.063,0.000,-0.152,11.873,0.000,0.998,9.084,-0.197,0.881,11.839,-3.376,0.130
4.159,11.869,49.320,-629.317,8.812,-100.719,4,10.833,0.219,"",0.064,0.000,-0.157,11.871,0.000,0.998,9.320,-0.188,0.901,11.835,-3.487,0.093
4.179,11.867,49.556,-629.320,8.830,-100.483,4,10.823,0.193,"",0.065,0.000,-0.162,11.868,0.000,0.998,9.556,-0.181,0.922,11.831,-3.593,0.106
4.199,11.865,49.792,-629.324,8.849,-100.247,4,10.820,0.217,"",0.066,0.000,-0.166,11.866,0.000,0.998,9.792,-0.176,0.942,11.827,-3.694,0.142
4.219,11.862,50.027,-629.328,8.868,-100.012,4,10.811,0.191,"",0.068,0.000,-0.171,11.863,0.000,0.998,10.027,-0.177,0.963,11.823,-3.795,0.181
4.239,11.859,50.263,-629.331,8.888,-99.776,4,10.816,0.215,"",0.069,0.000,0.175,11.861,0.000,0.998,10.263,-0.185,0.983,11.818,3.902,0.160
4.259,11.857,50.499,-629.335,8.908,-99.540,4,10.806,0.190,"",0.070,0.000,0.180,11.858,0.000,0.997,10.499,-0.196,1.003,11.814,4.014,0.104
4.279,11.854,50.734,-629.339,8.928,-99.305,4,10.816,0.213,"",0.072,0.000,0.185,11.855,0.000,0.997,10.734,-0.207,1.024,11.809,4.124,0.097
4.299,11.851,50.970,-629.343,8.949,-99.069,4,10.806,0.211,"",0.073,0.000,0.190,11.852,0.000,0.997,10.970,-0.215,1.044,11.804,4.226,0.137
4.319,11.848,51.205,-629.348,8.970,-98.834,4,10.819,0.209,"",0.074,0.000,0.194,11.849,0.000,0.997,11.205,-0.218,1.065,11.799,4.324,0.183
4.339,11.845,51.441,-629.352,8.992,-98.599,4,10.809,0.207,"",0.076,0.000,-0.199,11.846,0.000,0.997,11.441,-0.213,1.085,11.795,-4.426,0.170
4.359,11.842,51.676,-629.356,9.014,-98.363,4,10.822,0.205,"",0.077,0.000,-0.204,11.843,0.000,0.997,11.676,-0.204,1.106,11.790,-4.534,0.114
4.379,11.839,51.911,-629.360,9.037,-98.128,4,10.812,0.204,"",0.079,0.000,-0.209,11.840,0.000,0.997,11.911,-0.193,1.126,11.785,-4.642,0.095
4.399,11.836,52.146,-629.364,9.060,-97.893,4,10.825,0.202,"",0.080,0.000,-0.214,11.837,0.000,0.996,12.146,-0.185,1.147,11.780,-4.745,0.139
4.419,11.833,52.381,-629.367,9.083,-97.658,4,10.816,0.224,"",0.082,0.000,-0.218,11.834,0.000,0.996,12.381,-0.183,1.168,11.775,-4.845,0.194
4.439,11.830,52.616,-629.371,9.107,-97.424,4,10.826,0.198,"",0.083,0.000,0.223,11.831,0.000,0.996,12.616,-0.188,1.189,11.770,4.949,0.187
4.459,11.827,52.850,-629.375,9.131,-97.189,4,10.820,0.221,"",0.085,0.000,0.228,11.828,0.000,0.996,12.850,-0.199,1.209,11.764,5.060,0.130
4.479,11.824,53.085,-629.379,9.155,-96.955,4,10.825,0.195,"",0.087,0.000,0.233,11.825,0.000,0.996,13.085,-0.212,1.230,11.759,5.170,0.092
4.499,11.821,53.319,-629.384,9.180,-96.720,4,10.822,0.218,"",0.088,0.000,0.237,11.822,0.000,0.996,13.319,-0.222,1.251,11.753,5.273,0.139
4.519,11.818,53.554,-629.388,9.206,-96.486,4,10.823,0.192,"",0.090,0.000,0.242,11.819,0.000,0.995,13.554,-0.226,1.272,11.748,5.369,0.202
4.539,11.815,53.788,-629.393,9.231,-96.252,4,10.823,0.216,"",0.091,0.000,0.246,11.816,0.000,0.995,13.788,-0.222,1.293,11.743,5.468,0.260
4.559,11.811,54.022,-629.397,9.258,-96.017,4,10.819,0.190,"",0.093,0.000,-0.251,11.813,0.000,0.995,14.022,-0.209,1.314,11.737,-5.576,0.250
4.579,11.808,54.256,-629.401,9.284,-95.783,4,10.822,0.213,"",0.094,0.000,-0.256,11.809,0.000,0.995,14.256,-0.188,1.335,11.732,-5.697,0.185
4.599,11.804,54.490,-629.404,9.311,-95.549,4,10.813,0.188,"",0.096,0.000,-0.262,11.806,0.000,0.995,14.490,-0.165,1.356,11.727,-5.820,0.099
4.619,11.802,54.724,-629.407,9.339,-95.316,4,10.820,0.211,"",0.098,0.000,-0.267,11.803,0.000,0.995,14.724,-0.143,1.377,11.721,-5.929,0.116
4.639,11.799,54.958,-629.409,9.367,-95.082,4,10.807,0.197,"",0.099,0.000,-0.271,11.800,0.000,0.994,14.958,-0.129,1.397,11.716,-6.022,0.188
4.659,11.796,55.191,-629.412,9.395,-94.848,4,10.816,0.208,"",0.101,0.000,-0.275,11.797,0.000,0.994,15.191,-0.123,1.418,11.710,-6.109,0.259
4.679,11.792,55.425,-629.414,9.424,-94.615,4,10.802,0.206,"",0.102,0.000,-0.279,11.793,0.000,0.994,15.425,-0.128,1.439,11.705,-6.197,0.321
4.699,11.788,55.658,-629.417,9.453,-94.382,4,10.810,0.204,"",0.104,0.000,0.283,11.790,0.000,0.994,15.658,-0.145,1.460,11.699,6.300,0.311
4.719,11.785,55.891,-629.421,9.482,-94.148,4,10.794,0.202,"",0.106,0.000,0.288,11.787,0.000,0.994,15.891,-0.171,1.481,11.692,6.421,0.244
4.739,11.781,56.124,-629.425,9.512,-93.915,4,10.801,0.200,"",0.108,0.000,0.294,11.784,0.000,0.993,16.124,-0.202,1.501,11.686,6.549,0.140
4.759,11.779,56.357,-629.429,9.543,-93.682,4,10.786,0.222,"",0.109,0.000,0.299,11.780,0.000,0.993,16.357,-0.232,1.522,11.679,6.667,0.094
4.779,11.776,56.590,-629.434,9.573,-93.450,4,10.790,0.195,"",0.111,0.000,0.304,11.777,0.000,0.993,16.590,-0.256,1.542,11.673,6.764,0.169
4.799,11.773,56.823,-629.440,9.605,-93.217,4,10.779,0.217,"",0.112,0.000,0.308,11.774,0.000,0.993,16.823,-0.269,1.563,11.667,6.847,0.254
4.819,11.770,57.056,-629.445,9.636,-92.984,4,10.779,0.191,"",0.114,0.000,0.312,11.771,0.000,0.993,17.056,-0.271,1.583,11.661,6.927,0.329
4.839,11.766,57.288,-629.450,9.668,-92.752,4,10.772,0.214,"",0.115,0.000,0.316,11.768,0.000,0.992,17.288,-0.259,1.604,11.655,7.018,0.393
4.859,11.762,57.521,-629.455,9.701,-92.519,4,10.767,0.189,"",0.117,0.000,-0.321,11.765,0.000,0.992,17.521,-0.234,1.624,11.650,-7.130,0.384
4.879,11.758,57.753,-629.459,9.733,-92.287,4,10.765,0.212,"",0.119,0.000,-0.327,11.761,0.000,0.992,17.753,-0.198,1.644,11.644,-7.267,0.316
4.899,11.754,57.985,-629.462,9.767,-92.055,4,10.756,0.186,"",0.121,0.000,-0.333,11.758,0.000,0.992,17.985,-0.156,1.665,11.638,-7.415,0.204
4.919,11.751,58.217,-629.464,9.800,-91.823,4,10.759,0.209,"",0.123,0.000,-0.340,11.754,0.000,0.991,18.217,-0.114,1.685,11.632,-7.551,0.092
4.939,11.749,58.449,-629.466,9.834,-91.591,4,10.745,0.195,"",0.124,0.000,-0.345,11.751,0.000,0.991,18.449,-0.078,1.705,11.626,-7.657,0.147
4.959,11.747,58.681,-629.467,9.869,-91.359,4,10.752,0.206,"",0.126,0.000,-0.348,11.748,0.000,0.991,18.681,-0.053,1.725,11.620,-7.735,0.248
4.979,11.744,58.912,-629.468,9.903,-91.128,4,10.736,0.203,"",0.127,0.000,-0.351,11.745,0.000,0.991,18.912,-0.041,1.745,11.614,-7.797,0.339
4.999,11.740,59.144,-629.469,9.939,-90.896,4,10.745,0.201,"",0.128,0.000,-0.355,11.742,0.000,0.990,19.144,-0.045,1.765,11.608,-7.860,0.416
5.019,11.736,59.375,-629.470,9.974,-90.665,4,10.728,0.199,"",0.130,0.000,-0.358,11.739,0.000,0.990,19.375,-0.064,1.785,11.602,-7.939,0.481
5.039,11.731,59.607,-629.472,10.010,-90.433,4,10.736,0.197,"",0.132,0.000,0.361,11.735,0.000,0.990,19.607,-0.100,1.805,11.595,8.049,0.472
5.059,11.726,59.838,-629.475,10.047,-90.202,4,10.722,0.218,"",0.134,0.000,0.367,11.732,0.000,0.990,19.838,-0.148,1.825,11.588,8.192,0.403
5.079,11.722,60.069,-629.479,10.084,-89.971,4,10.726,0.192,"",0.137,0.000,0.374,11.728,0.000,0.989,20.069,-0.203,1.845,11.580,8.354,0.288
5.099,11.720,60.300,-629.484,10.121,-89.740,4,10.716,0.214,"",0.139,0.000,0.381,11.724,0.000,0.989,20.300,-0.261,1.864,11.572,8.510,0.144
5.119,11.718,60.530,-629.490,10.158,-89.510,4,10.714,0.189,"",0.140,0.000,0.387,11.721,0.000,0.989,20.530,-0.313,1.884,11.564,8.635,0.106
5.139,11.716,60.761,-629.497,10.196,-89.279,4,10.709,0.211,"",0.141,0.000,0.391,11.718,0.000,0.989,20.761,-0.354,1.904,11.557,8.720,0.220
5.159,11.714,60.992,-629.505,10.235,-89.049,4,10.703,0.185,"",0.142,0.000,0.394,11.715,0.000,0.988,20.992,-0.379,1.923,11.550,8.777,0.331
5.179,11.711,61.222,-629.513,10.273,-88.819,4,10.703,0.208,"",0.143,0.000,0.396,11.712,0.000,0.988,21.222,-0.387,1.943,11.543,8.822,0.426
5.199,11.707,61.452,-629.520,10.313,-88.588,4,10.692,0.182,"",0.144,0.000,0.399,11.709,0.000,0.988,21.452,-0.378,1.963,11.537,8.873,0.505
5.219,11.702,61.682,-629.527,10.352,-88.358,4,10.697,0.204,"",0.146,0.000,0.403,11.706,0.000,0.988,21.682,-0.349,1.983,11.532,8.950,0.571
5.239,11.697,61.912,-629.533,10.392,-88.128,4,10.681,0.191,"",0.149,0.000,-0.407,11.703,0.000,0.987,21.912,-0.303,2.002,11.526,-9.066,0.562
5.259,11.691,62.142,-629.538,10.432,-87.899,4,10.690,0.201,"",0.152,0.000,-0.414,11.699,0.000,0.987,22.142,-0.242,2.022,11.521,-9.226,0.493
5.279,11.687,62.372,-629.541,10.473,-87.669,4,10.673,0.210,"",0.154,0.000,-0.423,11.695,0.000,0.987,22.372,-0.172,2.041,11.514,-9.411,0.377
5.299,11.683,62.601,-629.543,10.514,-87.439,4,10.681,0.196,"",0.157,0.000,-0.431,11.691,0.000,0.986,22.601,-0.098,2.060,11.508,-9.594,0.225
5.319,11.682,62.831,-629.544,10.556,-87.210,4,10.666,0.205,"",0.158,0.000,-0.438,11.687,0.000,0.986,22.831,-0.029,2.079,11.501,-9.747,0.088
5.339,11.681,63.060,-629.543,10.598,-86.981,4,10.670,0.191,"",0.159,0.000,-0.443,11.684,0.000,0.986,23.060,0.028,2.099,11.494,-9.848,0.185
5.359,11.680,63.289,-629.542,10.640,-86.752,4,10.659,0.212,"",0.160,0.000,-0.446,11.681,0.000,0.986,23.289,0.070,2.118,11.487,-9.902,0.320
5.379,11.678,63.518,-629.540,10.683,-86.523,4,10.658,0.186,"",0.160,0.000,-0.447,11.679,0.000,0.985,23.518,0.092,2.137,11.481,-9.927,0.436
5.399,11.675,63.747,-629.538,10.726,-86.294,4,10.653,0.208,"",0.161,0.000,-0.449,11.676,0.000,0.985,23.747,0.092,2.156,11.475,-9.946,0.532
5.419,11.670,63.976,-629.537,10.769,-86.065,4,10.646,0.182,"",0.163,0.000,-0.451,11.674,0.000,0.985,23.976,0.072,2.176,11.469,-9.980,0.612
5.439,11.664,64.204,-629.536,10.813,-85.836,4,10.646,0.204,"",0.165,0.000,-0.455,11.671,0.000,0.984,24.204,0.030,2.195,11.462,-10.050,0.679
5.459,11.657,64.433,-629.537,10.857,-85.608,4,10.634,0.179,"",0.168,0.000,0.455,11.667,0.000,0.984,24.433,-0.031,2.214,11.455,10.171,0.670
5.479,11.651,64.661,-629.539,10.901,-85.379,4,10.638,0.201,"",0.171,0.000,0.463,11.663,0.000,0.984,24.661,-0.109,2.233,11.446,10.349,0.601
5.499,11.645,64.889,-629.543,10.946,-85.151,4,10.622,0.188,"",0.175,0.000,0.472,11.658,0.000,0.983,24.889,-0.198,2.252,11.437,10.562,0.484
5.519,11.641,65.117,-629.549,10.992,-84.923,4,10.629,0.198,"",0.177,0.000,0.482,11.654,0.000,0.983,25.117,-0.290,2.271,11.427,10.780,0.329
5.539,11.640,65.345,-629.556,11.037,-84.696,4,10.613,0.196,"",0.179,0.000,0.491,11.649,0.000,0.983,25.345,-0.380,2.289,11.416,10.969,0.151
5.559,11.640,65.573,-629.566,11.083,-84.468,4,10.618,0.194,"",0.180,0.000,0.497,11.646,0.000,0.982,25.573,-0.459,2.308,11.406,11.104,0.128
5.579,11.640,65.800,-629.576,11.130,-84.241,4,10.604,0.202,"",0.180,0.000,0.500,11.643,0.000,0.982,25.800,-0.521,2.326,11.396,11.169,0.287
5.599,11.640,66.027,-629.587,11.177,-84.014,4,10.607,0.187,"",0.180,0.000,0.500,11.641,0.000,0.982,26.027,-0.562,2.345,11.388,11.184,0.429
5.619,11.638,66.255,-629.599,11.224,-83.786,4,10.598,0.208,"",0.180,0.000,0.500,11.639,0.000,0.982,26.255,-0.578,2.364,11.382,11.172,0.546
5.639,11.635,66.482,-629.610,11.271,-83.560,4,10.595,0.181,"",0.181,0.000,0.500,11.637,0.000,0.981,26.482,-0.570,2.383,11.376,11.161,0.643
5.659,11.629,66.709,-629.621,11.319,-83.333,4,10.591,0.202,"",0.183,0.000,0.500,11.635,0.000,0.981,26.709,-0.537,2.402,11.371,11.175,0.722
5.679,11.622,66.936,-629.630,11.368,-83.106,4,10.581,0.177,"",0.185,0.000,0.500,11.632,0.000,0.981,26.936,-0.482,2.421,11.367,11.234,0.787
5.699,11.614,67.162,-629.638,11.416,-82.879,4,10.583,0.199,"",0.189,0.000,-0.500,11.628,0.000,0.980,27.162,-0.404,2.440,11.362,-11.358,0.776
5.719,11.606,67.389,-629.644,11.465,-82.653,4,10.567,0.186,"",0.193,0.000,-0.500,11.623,0.000,0.980,27.389,-0.308,2.458,11.356,-11.548,0.704
5.739,11.599,67.615,-629.648,11.515,-82.426,4,10.573,0.196,"",0.197,0.000,-0.500,11.618,0.000,0.979,27.615,-0.200,2.477,11.349,-11.784,0.585
5.759,11.595,67.842,-629.650,11.564,-82.200,4,10.556,0.194,"",0.201,0.000,-0.500,11.613,0.000,0.979,27.842,-0.087,2.494,11.341,-12.033,0.427
5.779,11.593,68.068,-629.650,11.615,-81.974,4,10.561,0.192,"",0.203,0.000,-0.500,11.608,0.000,0.979,28.068,0.023,2.512,11.333,-12.258,0.241
5.799,11.593,68.293,-629.647,11.665,-81.748,4,10.546,0.201,"",0.204,0.000,-0.500,11.604,0.000,0.978,28.293,0.124,2.530,11.324,-12.428,0.085
5.819,11.595,68.519,-629.643,11.716,-81.522,4,10.548,0.186,"",0.203,0.000,-0.500,11.601,0.000,0.978,28.519,0.207,2.548,11.316,-12.522,0.210
5.839,11.596,68.745,-629.638,11.767,-81.297,4,10.539,0.206,"",0.203,0.000,-0.500,11.599,0.000,0.978,28.745,0.269,2.565,11.308,-12.549,0.363
5.859,11.597,68.970,-629.632,11.819,-81.071,4,10.536,0.179,"",0.202,0.000,-0.500,11.598,0.000,0.977,28.970,0.306,2.584,11.302,-12.532,0.492
5.879,11.595,69.195,-629.626,11.871,-80.846,4,10.533,0.200,"",0.202,0.000,-0.500,11.596,0.000,0.977,29.195,0.317,2.602,11.296,-12.497,0.598
5.899,11.592,69.420,-629.620,11.923,-80.621,4,10.523,0.173,"",0.202,0.000,-0.500,11.595,0.000,0.977,29.420,0.302,2.621,11.291,-12.465,0.685
5.919,11.586,69.645,-629.614,11.976,-80.396,4,10.525,0.195,"",0.204,0.000,-0.500,11.593,0.000,0.976,29.645,0.263,2.640,11.285,-12.460,0.756
5.939,11.579,69.870,-629.610,12.029,-80.171,4,10.508,0.170,"",0.207,0.000,-0.500,11.590,0.000,0.976,29.870,0.200,2.658,11.279,-12.501,0.814
5.959,11.570,70.095,-629.608,12.082,-79.946,4,10.516,0.191,"",0.211,0.000,0.500,11.586,0.000,0.976,30.095,0.115,2.677,11.272,12.603,0.797
5.979,11.562,70.320,-629.608,12.136,-79.721,4,10.497,0.200,"",0.215,0.000,0.500,11.581,0.000,0.975,30.320,0.012,2.695,11.264,12.768,0.721
5.999,11.555,70.544,-629.610,12.190,-79.497,4,10.504,0.187,"",0.219,0.000,0.500,11.576,0.000,0.975,30.544,-0.101,2.712,11.254,12.979,0.599
6.019,11.551,70.768,-629.614,12.244,-79.272,4,10.489,0.206,"",0.222,0.000,0.500,11.571,0.000,0.974,30.768,-0.220,2.730,11.242,13.206,0.438
6.039,11.550,70.993,-629.621,12.299,-79.048,4,10.489,0.182,"",0.224,0.000,0.500,11.566,0.000,0.974,30.993,-0.335,2.747,11.231,13.415,0.250
6.059,11.551,71.216,-629.630,12.354,-78.824,4,10.480,0.202,"",0.225,0.000,0.500,11.563,0.000,0.974,31.216,-0.440,2.764,11.219,13.578,0.084
6.079,11.553,71.440,-629.640,12.410,-78.601,4,10.473,0.177,"",0.224,0.000,0.500,11.560,0.000,0.973,31.440,-0.527,2.781,11.208,13.673,0.203
6.099,11.555,71.664,-629.652,12.466,-78.377,4,10.472,0.197,"",0.223,0.000,0.500,11.558,0.000,0.973,31.664,-0.593,2.799,11.199,13.710,0.356
6.119,11.556,71.887,-629.664,12.522,-78.154,4,10.459,0.171,"",0.222,0.000,0.500,11.557,0.000,0.973,31.887,-0.633,2.817,11.191,13.708,0.486
6.139,11.555,72.111,-629.677,12.578,-77.931,4,10.465,0.191,"",0.222,0.000,0.500,11.556,0.000,0.972,32.111,-0.647,2.835,11.185,13.689,0.592
6.159,11.552,72.334,-629.690,12.635,-77.708,4,10.448,0.187,"",0.222,0.000,0.500,11.555,0.000,0.972,32.334,-0.635,2.853,11.180,13.675,0.679
6.179,11.547,72.557,-629.702,12.693,-77.485,4,10.456,0.184,"",0.224,0.000,0.500,11.554,0.000,0.971,32.557,-0.598,2.871,11.175,13.685,0.751
6.199,11.540,72.780,-629.712,12.750,-77.262,4,10.440,0.204,"",0.226,0.000,0.500,11.551,0.000,0.971,32.780,-0.537,2.889,11.171,13.736,0.809
6.219,11.532,73.003,-629.721,12.808,-77.039,4,10.444,0.178,"",0.230,0.000,-0.500,11.548,0.000,0.971,33.003,-0.454,2.907,11.166,-13.841,0.793
6.239,11.524,73.226,-629.729,12.867,-76.817,4,10.433,0.199,"",0.234,0.000,-0.500,11.543,0.000,0.970,33.226,-0.353,2.924,11.161,-14.004,0.718
6.259,11.518,73.448,-629.733,12.925,-76.594,4,10.428,0.175,"",0.238,0.000,-0.500,11.538,0.000,0.970,33.448,-0.241,2.942,11.155,-14.208,0.596
6.279,11.514,73.670,-629.736,12.984,-76.372,4,10.422,0.196,"",0.241,0.000,-0.500,11.534,0.000,0.969,33.670,-0.124,2.959,11.147,-14.425,0.436
6.299,11.513,73.893,-629.736,13.044,-76.150,4,10.410,0.173,"",0.243,0.000,-0.500,11.529,0.000,0.969,33.893,-0.010,2.975,11.139,-14.625,0.248
6.319,11.514,74.115,-629.734,13.103,-75.928,4,10.412,0.193,"",0.243,0.000,-0.500,11.526,0.000,0.969,34.115,0.094,2.992,11.130,-14.781,0.083
6.339,11.517,74.336,-629.731,13.163,-75.706,4,10.397,0.189,"",0.243,0.000,-0.500,11.523,0.000,0.968,34.336,0.181,3.008,11.122,-14.876,0.202
6.359,11.519,74.558,-629.726,13.224,-75.484,4,10.402,0.185,"",0.242,0.000,-0.500,11.521,0.000,0.968,34.558,0.245,3.025,11.114,-14.915,0.355
6.379,11.519,74.780,-629.720,13.284,-75.262,4,10.386,0.182,"",0.241,0.000,-0.500,11.520,0.000,0.967,34.780,0.285,3.042,11.108,-14.918,0.484
6.399,11.519,75.001,-629.714,13.345,-75.041,4,10.391,0.179,"",0.240,0.000,-0.500,11.520,0.000,0.967,35.001,0.298,3.060,11.102,-14.904,0.591
6.419,11.516,75.222,-629.709,13.407,-74.820,4,10.380,0.197,"",0.241,0.000,-0.500,11.519,0.000,0.967,35.222,0.286,3.077,11.096,-14.893,0.678
6.439,11.511,75.443,-629.704,13.469,-74.598,4,10.378,0.171,"",0.242,0.000,-0.500,11.517,0.000,0.966,35.443,0.249,3.095,11.090,-14.904,0.749
6.459,11.504,75.664,-629.700,13.531,-74.377,4,10.373,0.191,"",0.245,0.000,-0.500,11.515,0.000,0.966,35.664,0.188,3.113,11.084,-14.952,0.807
6.479,11.496,75.885,-629.698,13.593,-74.156,4,10.362,0.167,"",0.248,0.000,0.500,11.511,0.000,0.965,35.885,0.106,3.130,11.077,15.050,0.791
6.499,11.488,76.106,-629.698,13.656,-73.935,4,10.362,0.188,"",0.252,0.000,0.500,11.507,0.000,0.965,36.106,0.005,3.148,11.068,15.200,0.716
6.519,11.482,76.327,-629.700,13.719,-73.715,4,10.344,0.185,"",0.256,0.000,0.500,11.502,0.000,0.964,36.327,-0.106,3.164,11.058,15.388,0.594
6.539,11.478,76.547,-629.704,13.783,-73.494,4,10.349,0.183,"",0.259,0.000,0.500,11.497,0.000,0.964,36.547,-0.222,3.180,11.046,15.589,0.435
6.559,11.477,76.767,-629.711,13.846,-73.274,4,10.332,0.181,"",0.261,0.000,0.500,11.493,0.000,0.964,36.767,-0.336,3.196,11.034,15.776,0.247
6.579,11.478,76.987,-629.720,13.910,-73.054,4,10.335,0.179,"",0.261,0.000,0.500,11.490,0.000,0.963,36.987,-0.439,3.212,11.023,15.925,0.081
6.599,11.481,77.207,-629.730,13.975,-72.835,4,10.323,0.197,"",0.261,0.000,0.500,11.487,0.000,0.963,37.207,-0.526,3.228,11.012,16.018,0.201
6.619,11.483,77.427,-629.742,14.040,-72.615,4,10.320,0.171,"",0.260,0.000,0.500,11.486,0.000,0.962,37.427,-0.590,3.245,11.002,16.061,0.354
6.639,11.484,77.646,-629.754,14.105,-72.396,4,10.316,0.190,"",0.259,0.000,0.500,11.485,0.000,0.962,37.646,-0.629,3.261,10.994,16.071,0.483
6.659,11.483,77.866,-629.767,14.170,-72.177,4,10.305,0.164,"",0.258,0.000,0.500,11.484,0.000,0.961,37.866,-0.643,3.278,10.987,16.067,0.589
6.679,11.480,78.085,-629.780,14.236,-71.957,4,10.308,0.183,"",0.259,0.000,0.500,11.483,0.000,0.961,38.085,-0.630,3.296,10.982,16.067,0.676
6.699,11.475,78.304,-629.791,14.302,-71.738,4,10.289,0.180,"",0.260,0.000,0.500,11.481,0.000,0.961,38.304,-0.593,3.313,10.977,16.087,0.747
6.719,11.468,78.523,-629.802,14.368,-71.519,4,10.297,0.177,"",0.262,0.000,0.500,11.479,0.000,0.960,38.523,-0.532,3.330,10.973,16.141,0.805
6.739,11.461,78.742,-629.811,14.435,-71.301,4,10.281,0.195,"",0.266,0.000,-0.500,11.476,0.000,0.960,38.742,-0.450,3.347,10.968,-16.242,0.789
6.759,11.452,78.962,-629.818,14.502,-71.081,4,8.487,2.124,"",0.270,0.000,-0.500,11.471,0.000,0.960,38.962,-0.350,3.320,10.974,-16.389,0.710
6.779,11.446,79.183,-629.823,14.567,-70.860,4,6.308,1.781,"",0.274,0.000,-0.500,11.465,0.000,0.960,39.183,-0.239,3.251,10.992,-16.476,0.601
6.799,11.443,79.405,-629.825,14.630,-70.639,3,4.457,0.789,"",0.277,0.000,-0.500,11.461,0.000,0.962,39.405,-0.124,3.149,11.020,-16.448,0.489
6.819,11.445,79.628,-629.825,14.692,-70.415,2,3.677,1.110,"",0.278,0.000,-0.500,11.460,0.000,0.963,39.628,-0.011,3.038,11.050,-16.278,0.387
6.839,11.450,79.852,-629.823,14.751,-70.191,2,3.394,1.494,"",0.278,0.000,-0.500,11.460,0.000,0.965,39.852,0.092,2.922,11.081,-15.993,0.365
6.859,11.458,80.077,-629.820,14.808,-69.966,2,3.209,1.830,"",0.275,0.000,-0.500,11.464,0.000,0.967,40.077,0.178,2.803,11.115,-15.591,0.449
6.879,11.467,80.302,-629.815,14.862,-69.740,2,3.101,2.131,"",0.271,0.000,-0.500,11.470,0.000,0.970,40.302,0.242,2.682,11.149,-15.085,0.563
6.899,11.477,80.529,-629.809,14.914,-69.513,2,3.084,2.404,"",0.266,0.000,-0.500,11.478,0.000,0.972,40.529,0.281,2.562,11.185,-14.499,0.672
6.919,11.486,80.757,-629.804,14.964,-69.286,2,3.131,2.639,"",0.262,0.000,-0.500,11.487,0.000,0.974,40.757,0.294,2.442,11.221,-13.856,0.769
6.939,11.495,80.986,-629.798,15.011,-69.057,2,3.242,2.908,"",0.257,0.000,-0.500,11.498,0.000,0.977,40.986,0.282,2.326,11.257,-13.177,0.851
6.959,11.502,81.215,-629.794,15.056,-68.827,2,3.403,3.130,"",0.253,0.000,-0.500,11.508,0.000,0.979,41.215,0.245,2.212,11.291,-12.485,0.922
6.979,11.508,81.446,-629.790,15.098,-68.596,2,2.843,0.860,"",0.249,0.000,-0.500,11.519,0.000,0.981,41.446,0.184,2.070,11.330,-11.803,1.014
6.999,11.515,81.678,-629.788,15.137,-68.364,2,0.466,0.699,"",0.246,0.000,0.493,11.531,0.000,0.984,41.678,0.101,1.881,11.376,11.089,1.007
7.019,11.525,81.911,-629.788,15.171,-68.132,2,0.000,0.739,"",0.242,0.000,0.464,11.545,0.000,0.986,41.911,0.001,1.682,11.422,10.443,0.952
7.039,11.482,82.143,-629.789,15.202,-67.899,0,0.000,0.140,"",0.238,0.000,0.437,11.513,0.000,0.988,42.143,0.001,1.485,11.417,9.870,0.946
7.059,11.440,82.376,-629.789,15.228,-67.666,0,0.000,0.157,"",0.259,0.000,0.416,11.485,0.000,0.990,42.376,0.001,1.289,11.413,9.392,0.941
7.079,11.399,82.608,-629.789,15.251,-67.434,0,0.000,0.175,"",0.280,0.000,0.399,11.460,0.000,0.992,42.608,0.001,1.092,11.408,9.023,0.935
7.099,11.359,82.841,-629.790,15.269,-67.201,0,0.000,0.195,"",0.301,0.000,0.387,11.439,0.000,0.993,42.841,0.001,0.895,11.403,8.774,0.929
7.119,11.320,83.073,-629.790,15.283,-66.969,0,0.000,0.214,"",0.321,0.000,0.381,11.420,0.000,0.994,43.073,0.001,0.699,11.399,8.654,0.922
7.139,11.282,83.305,-629.791,15.294,-66.737,0,0.000,0.234,"",0.340,0.000,0.381,11.405,0.000,0.996,43.305,0.001,0.503,11.394,8.666,0.915
7.159,11.245,83.537,-629.791,15.300,-66.505,0,0.000,0.253,"",0.359,0.000,0.387,11.394,0.000,0.997,43.537,0.001,0.306,11.390,8.807,0.908
7.179,11.209,83.768,-629.792,15.303,-66.273,0,0.000,0.272,"",0.378,0.000,0.399,11.386,0.000,0.998,43.768,0.001,0.110,11.385,9.068,0.901
7.199,11.174,84.000,-629.792,15.301,-66.042,0,0.000,0.291,"",0.396,0.000,0.415,11.381,0.000,0.998,44.000,0.001,-0.086,11.381,9.438,0.894
7.219,11.140,84.232,-629.793,15.296,-65.810,0,0.000,0.310,"",0.413,0.000,0.436,11.380,0.000,0.999,44.232,0.001,-0.282,11.376,9.901,0.886
7.239,11.108,84.463,-629.793,15.287,-65.579,0,0.000,0.328,"",0.430,0.000,0.460,11.382,0.000,0.999,44.463,0.001,-0.478,11.372,10.443,0.878
7.259,11.076,84.694,-629.794,15.273,-65.348,0,0.000,0.346,"",0.446,0.000,0.487,11.387,0.000,1.000,44.694,0.001,-0.674,11.367,11.051,0.870
7.279,11.046,84.925,-629.795,15.256,-65.117,0,0.000,0.363,"",0.462,0.000,0.500,11.396,0.000,1.000,44.925,0.001,-0.870,11.362,11.711,0.862
7.299,11.016,85.156,-629.796,15.235,-64.886,0,0.000,0.379,"",0.477,0.000,0.500,11.408,0.000,1.000,45.156,0.001,-1.066,11.358,12.413,0.854
7.319,10.988,85.386,-629.796,15.209,-64.655,0,0.000,0.395,"",0.492,0.000,0.500,11.423,0.000,1.000,45.386,0.001,-1.261,11.353,13.149,0.845
7.339,10.960,85.617,-629.797,15.180,-64.425,0,0.000,0.411,"",0.506,0.000,0.500,11.442,0.000,1.000,45.617,0.001,-1.457,11.349,13.911,0.837
7.359,10.933,85.847,-629.798,15.147,-64.195,0,0.000,0.425,"",0.520,0.000,0.500,11.464,0.000,0.999,45.847,0.001,-1.653,11.344,14.693,0.828
7.379,10.908,86.077,-629.799,15.110,-63.964,0,0.000,0.439,"",0.533,0.000,0.500,11.489,0.000,0.999,46.077,0.001,-1.848,11.340,15.490,0.820
7.399,10.883,86.307,-629.800,15.069,-63.734,0,0.000,0.453,"",0.546,0.000,0.500,11.518,0.000,0.999,46.307,0.001,-2.043,11.335,16.299,0.811
7.419,10.859,86.537,-629.801,15.024,-63.505,0,0.000,0.466,"",0.559,0.000,0.500,11.550,0.000,0.998,46.537,0.001,-2.239,11.331,17.116,0.802
7.439,10.836,86.767,-629.802,14.975,-63.275,0,0.000,0.478,"",0.571,0.000,0.500,11.585,0.000,0.997,46.767,0.001,-2.434,11.326,17.938,0.793
7.459,10.813,86.996,-629.803,14.922,-63.046,0,0.000,0.490,"",0.582,0.000,0.500,11.623,0.000,0.997,46.996,0.001,-2.629,11.322,18.763,0.784
7.479,10.792,87.225,-629.803,14.865,-62.816,0,0.000,0.501,"",0.593,0.000,0.500,11.664,0.000,0.996,47.225,0.001,-2.824,11.317,19.590,0.775
7.499,10.770,87.454,-629.804,14.805,-62.587,0,0.000,0.511,"",0.604,0.000,0.500,11.709,0.000,0.995,47.454,0.001,-3.019,11.313,20.416,0.766
7.519,10.750,87.683,-629.805,14.740,-62.358,0,0.000,0.521,"",0.615,0.000,0.500,11.756,0.000,0.994,47.683,0.001,-3.214,11.308,21.241,0.757
7.539,10.730,87.912,-629.806,14.672,-62.130,0,0.000,0.530,"",0.625,0.000,0.500,11.806,0.000,0.994,47.912,0.001,-3.409,11.304,22.064,0.748
7.559,10.710,88.140,-629.807,14.599,-61.901,0,0.000,0.538,"",0.635,0.000,0.500,11.860,0.000,0.993,48.140,0.001,-3.604,11.299,22.883,0.740
7.579,10.691,88.369,-629.808,14.523,-61.673,0,0.000,0.546,"",0.645,0.000,0.500,11.916,0.000,0.992,48.369,0.001,-3.798,11.295,23.697,0.731
7.599,10.671,88.597,-629.809,14.443,-61.445,0,0.000,0.553,"",0.655,0.000,0.500,11.975,0.000,0.991,48.597,0.001,-3.993,11.290,24.507,0.722
7.619,10.653,88.825,-629.810,14.359,-61.217,0,0.000,0.559,"",0.664,0.000,0.500,12.037,0.000,0.990,48.825,0.001,-4.188,11.285,25.312,0.714
7.639,10.634,89.052,-629.811,14.271,-60.989,0,0.000,0.565,"",0.674,0.000,0.500,12.102,0.000,0.989,49.052,0.001,-4.382,11.281,26.111,0.705
7.659,10.615,89.280,-629.812,14.179,-60.762,0,0.000,0.571,"",0.683,0.000,0.500,12.170,0.000,0.988,49.280,0.001,-4.576,11.276,26.903,0.697
7.679,10.596,89.507,-629.813,14.083,-60.534,0,0.000,0.575,"",0.693,0.000,0.500,12.240,0.000,0.987,49.507,0.001,-4.771,11.272,27.690,0.689
7.699,10.577,89.734,-629.814,13.983,-60.307,0,0.000,0.579,"",0.702,0.000,0.500,12.313,0.000,0.986,49.734,0.001,-4.965,11.267,28.469,0.681
7.719,10.558,89.961,-629.815,13.880,-60.080,0,0.000,0.583,"",0.711,0.000,0.500,12.388,0.000,0.985,49.961,0.001,-5.159,11.263,29.241,0.673
7.739,10.539,90.188,-629.816,13.773,-59.853,0,0.000,0.585,"",0.721,0.000,0.500,12.466,0.000,0.984,50.188,0.001,-5.353,11.258,30.007,0.665
7.759,10.519,90.415,-629.817,13.661,-59.627,0,0.000,0.588,"",0.731,0.000,0.500,12.547,0.000,0.983,50.415,0.001,-5.547,11.254,30.765,0.658
7.779,10.499,90.641,-629.818,13.546,-59.400,0,0.000,0.589,"",0.741,0.000,0.500,12.630,0.000,0.982,50.641,0.001,-5.741,11.249,31.515,0.650
7.799,10.478,90.868,-629.819,13.427,-59.174,0,0.000,0.591,"",0.751,0.000,0.500,12.715,0.000,0.981,50.868,0.001,-5.935,11.245,32.259,0.643
7.819,10.457,91.094,-629.820,13.304,-58.948,0,0.000,0.591,"",0.761,0.000,0.500,12.803,0.000,0.980,51.094,0.001,-6.128,11.240,32.995,0.636
7.839,10.434,91.319,-629.821,13.178,-58.722,0,0.000,0.591,"",0.772,0.000,0.500,12.892,0.000,0.979,51.319,0.001,-6.322,11.236,33.723,0.629
7.859,10.411,91.545,-629.821,13.047,-58.496,0,0.000,0.591,"",0.783,0.000,0.500,12.985,0.000,0.979,51.545,0.001,-6.516,11.231,34.444,0.623
7.879,10.388,91.771,-629.822,12.912,-58.271,0,0.000,0.590,"",0.794,0.000,0.500,13.079,0.000,0.978,51.771,0.001,-6.709,11.227,35.158,0.617
7.899,10.363,91.996,-629.823,12.774,-58.045,0,0.000,0.588,"",0.806,0.000,0.500,13.175,0.000,0.977,51.996,0.001,-6.903,11.222,35.864,0.611
7.919,10.337,92.221,-629.824,12.632,-57.820,0,0.000,0.586,"",0.819,0.000,0.500,13.274,0.000,0.976,52.221,0.001,-7.096,11.218,36.563,0.605
7.939,10.310,92.446,-629.825,12.486,-57.595,0,0.000,0.584,"",0.832,0.000,0.500,13.374,0.000,0.976,52.446,0.001,-7.289,11.213,37.255,0.600
7.959,10.282,92.671,-629.825,12.336,-57.370,0,0.000,0.581,"",0.845,0.000,0.500,13.477,0.000,0.975,52.671,0.001,-7.483,11.209,37.940,0.594
7.979,10.252,92.896,-629.826,12.182,-57.146,0,0.000,0.577,"",0.859,0.000,0.500,13.581,0.000,0.975,52.896,0.001,-7.676,11.204,38.617,0.589
7.999,10.221,93.120,-629.827,12.025,-56.921,0,0.000,0.574,"",0.874,0.000,0.500,13.688,0.000,0.974,53.120,0.001,-7.869,11.200,39.288,0.585
8.019,10.189,93.344,-629.828,11.863,-56.697,0,0.000,0.569,"",0.889,0.000,0.500,13.796,0.000,0.974,53.344,0.001,-8.062,11.196,39.952,0.580
8.039,10.154,93.568,-629.828,11.698,-56.473,0,0.000,0.565,"",0.906,0.000,0.500,13.906,0.000,0.973,53.568,0.001,-8.255,11.191,40.610,0.576
8.059,10.119,93.792,-629.829,11.529,-56.249,0,0.000,0.560,"",0.923,0.000,0.500,14.018,0.000,0.973,53.792,0.001,-8.447,11.187,41.261,0.572
8.079,10.081,94.016,-629.829,11.356,-56.025,0,0.000,0.554,"",0.941,0.000,0.500,14.131,0.000,0.973,54.016,0.001,-8.640,11.182,41.905,0.568
8.099,10.077,94.243,-629.831,11.183,-55.798,1,11.250,0.548,"",0.959,0.000,0.500,14.148,0.000,0.971,54.243,-0.025,-8.614,11.223,42.544,0.676
8.119,10.337,94.471,-629.842,11.016,-55.570,2,22.500,2.135,"",0.961,0.000,0.500,13.931,0.000,0.968,54.471,-0.599,-8.316,11.160,43.278,0.721
8.139,10.600,94.699,-629.862,10.855,-55.343,2,22.500,1.352,"",0.831,0.000,0.500,13.720,0.000,0.965,54.699,-1.150,-8.010,11.079,43.728,0.993
8.159,10.853,94.927,-629.890,10.699,-55.115,2,22.327,2.305,"",0.700,0.000,0.500,13.519,0.000,0.961,54.927,-1.676,-7.702,10.983,43.945,1.309
8.179,11.087,95.154,-629.930,10.558,-54.889,4,43.189,3.857,"",0.573,0.000,0.500,13.208,0.000,0.957,55.154,-2.216,-6.989,10.986,43.969,1.233
8.199,11.297,95.380,-629.980,10.430,-54.664,4,40.327,3.725,"",0.457,0.000,0.500,12.958,0.000,0.952,55.380,-2.723,-6.330,10.974,43.815,1.151
8.219,11.484,95.604,-630.040,10.314,-54.440,4,37.353,3.488,"",0.352,0.000,0.500,12.759,0.000,0.949,55.604,-3.202,-5.727,10.943,43.495,1.071
8.239,11.651,95.827,-630.109,10.209,-54.218,4,33.859,3.120,"",0.258,0.000,0.500,12.605,0.000,0.946,55.827,-3.658,-5.190,10.889,43.022,1.014
8.259,11.796,96.047,-630.187,10.114,-53.999,4,30.760,2.823,"",0.175,0.000,0.500,12.486,0.000,0.944,56.047,-4.094,-4.712,10.813,42.422,0.976
8.279,11.922,96.265,-630.274,10.027,-53.784,4,27.438,4.134,"",0.102,0.000,0.500,12.398,0.000,0.942,56.265,-4.512,-4.354,10.696,41.716,0.933
8.299,11.920,96.477,-630.369,9.946,-53.573,4,24.902,3.525,"",0.039,0.000,0.500,12.227,0.000,0.941,56.477,-4.857,-4.005,10.482,40.927,0.913
8.319,11.911,96.685,-630.471,9.872,-53.366,4,22.496,3.015,"",0.040,0.000,0.500,12.093,0.000,0.940,56.685,-5.168,-3.708,10.285,40.081,0.912
8.339,11.896,96.890,-630.579,9.802,-53.164,4,20.404,2.879,"",0.044,0.000,0.500,12.000,0.000,0.940,56.890,-5.398,-3.482,10.136,39.202,0.926
8.359,11.982,97.093,-630.691,9.736,-52.961,4,18.781,1.812,"",0.052,0.000,0.500,12.039,0.000,0.940,57.093,-5.625,-3.308,10.117,38.294,0.955
8.379,11.945,97.296,-630.807,9.673,-52.761,4,16.770,1.321,"",0.009,0.000,0.500,11.977,0.000,0.941,57.296,-5.730,-3.142,10.038,37.378,0.993
8.399,11.906,97.497,-630.924,9.613,-52.562,4,15.554,0.805,"Takeoff - 40m x 6m, 6.2m rise:(-0.004, 0.972, 0.235) separation=0.0198 impulse=0.000;",0.028,0.000,0.500,11.929,0.000,0.941,57.497,-5.787,-3.005,9.989,36.463,1.031
8.419,11.867,97.697,-631.043,9.556,-52.364,4,13.804,0.525,"Takeoff - 40m x 6m, 6.2m rise:(-0.004, 0.972, 0.235) separation=0.0127 impulse=0.000;",0.047,0.000,0.500,11.890,0.000,0.942,57.697,-5.805,-2.906,9.961,35.541,1.069
8.439,11.935,97.898,-631.162,9.499,-52.164,4,12.820,1.398,"Takeoff - 40m x 6m, 6.2m rise:(-0.004, 0.973, 0.232) separation=0.0143 impulse=0.000;Takeoff - 40m x 6m, 6.2m rise:(-0.004, 0.973, 0.232) separation=0.0200 impulse=0.000;Takeoff - 40m x 6m, 6.2m rise:(-0.004, 0.973, 0.232) separation=0.0145 impulse=0.000;Takeoff - 40m x 6m, 6.2m rise:(-0.004, 0.973, 0.232) separation=0.0122 impulse=0.000;Takeoff - 40m x 6m, 6.2m rise:(-0.004, 0.973, 0.232) separation=0.0077 impulse=0.000;",0.067,0.000,0.500,11.963,0.000,0.943,57.898,-5.845,-2.863,10.038,34.620,1.104
8.459,11.892,98.097,-631.282,9.450,-51.968,4,11.750,0.857,"Takeoff - 40m x 6m, 6.2m rise:(-0.004, 0.976, 0.217) separation=0.0030 impulse=0.000;Takeoff - 40m x 6m, 6.2m rise:(-0.004, 0.976, 0.217) separation=0.0187 impulse=0.000;Takeoff - 40m x 6m, 6.2m rise:(-0.222, 0.953, 0.208) separation=-0.0418 impulse=0.000;",0.033,0.000,0.500,11.921,0.000,0.947,58.097,-5.790,-2.808,10.035,33.679,1.130
8.479,11.950,98.300,-631.401,9.395,-51.766,4,11.305,1.522,"",0.054,0.000,0.500,11.988,0.000,0.948,58.300,-5.767,-2.792,10.132,32.555,1.151
8.499,11.891,98.504,-631.517,9.340,-51.565,4,10.939,1.460,"",0.025,0.000,0.500,11.939,0.000,0.949,58.504,-5.661,-2.755,10.144,31.601,1.160
8.519,11.944,98.709,-631.632,9.285,-51.361,4,9.225,1.373,"Takeoff - 40m x 6m, 6.2m rise:(-0.003, 0.980, 0.197) separation=0.0191 impulse=0.000;Takeoff - 40m x 6m, 6.2m rise:(-0.003, 0.980, 0.197) separation=0.0195 impulse=0.000;Takeoff - 40m x 6m, 6.2m rise:(-0.057, 0.949, 0.311) separation=0.0196 impulse=0.000;",0.055,0.000,0.500,12.002,0.000,0.950,58.709,-5.606,-2.770,10.245,30.645,1.187
8.539,11.830,98.911,-631.747,9.234,-51.161,4,8.546,2.047,"Takeoff - 40m x 6m, 6.2m rise:(-0.066, 0.950, 0.306) separation=0.0197 impulse=201.610;Takeoff - 40m x 6m, 6.2m rise:(-0.066, 0.950, 0.306) separation=0.0165 impulse=201.610;Takeoff - 40m x 6m, 6.2m rise:(-0.066, 0.950, 0.306) separation=0.0164 impulse=201.610;Takeoff - 40m x 6m, 6.2m rise:(-0.176, 0.984, -0.007) separation=0.0186 impulse=201.610;Takeoff - 40m x 6m, 6.2m rise:(-0.176, 0.966, 0.191) separation=0.0194 impulse=201.610;Takeoff - 40m x 6m, 6.2m rise:(-0.003, 0.980, 0.197) separation=0.0195 impulse=201.610;",0.028,0.000,0.500,11.908,0.000,0.953,58.911,-5.520,-2.603,10.225,29.656,1.354
8.559,11.889,99.115,-631.859,9.181,-50.959,4,6.457,1.600,"",0.085,0.000,0.500,11.967,0.000,0.955,59.115,-5.410,-2.666,10.336,28.477,1.347
8.579,11.938,99.322,-631.969,9.128,-50.754,4,6.698,1.710,"",0.056,0.000,0.500,12.016,0.000,0.958,59.322,-5.280,-2.719,10.445,27.297,1.349
8.599,11.872,99.528,-632.074,9.074,-50.549,4,7.373,2.151,"",0.031,0.000,0.500,11.950,0.000,0.960,59.528,-5.091,-2.734,10.459,26.085,1.345
8.619,11.917,99.737,-632.176,9.019,-50.342,4,8.153,2.222,"",0.064,0.000,0.500,11.995,0.000,0.962,59.737,-4.932,-2.757,10.581,24.847,1.346
8.639,11.847,99.946,-632.274,8.965,-50.134,4,8.970,1.999,"",0.042,0.000,0.500,11.928,0.000,0.964,59.946,-4.731,-2.737,10.602,23.568,1.354
8.659,11.888,100.158,-632.368,8.912,-49.924,4,10.588,2.448,"",0.076,0.000,0.500,11.971,0.000,0.966,60.158,-4.556,-2.709,10.733,22.241,1.341
8.679,11.921,100.372,-632.458,8.859,-49.712,4,11.407,2.271,"",0.056,0.000,0.500,12.006,0.000,0.968,60.372,-4.377,-2.655,10.860,20.894,1.345
8.699,11.840,100.586,-632.544,8.809,-49.499,4,13.400,2.392,"",0.040,0.000,0.500,11.929,0.000,0.970,60.586,-4.163,-2.551,10.884,19.502,1.331
8.719,11.811,100.801,-632.622,8.765,-49.285,4,14.343,2.989,"Ground_80_320:(-0.005, 1.000, -0.004) separation=0.0198 impulse=231.841;Takeoff - 40m x 6m, 6.2m rise:(-0.061, 0.998, -0.005) separation=0.0496 impulse=0.000;",0.080,0.000,0.500,11.905,0.000,0.973,60.801,-3.986,-2.258,10.988,18.092,1.362
8.739,11.808,101.018,-632.696,8.726,-49.069,4,15.033,2.351,"Ground_80_320:(-0.005, 1.000, -0.004) separation=0.0042 impulse=151.036;Takeoff - 40m x 6m, 6.2m rise:(-0.061, 0.998, -0.005) separation=0.0369 impulse=0.000;Takeoff - 40m x 6m, 6.2m rise:(-0.061, 0.998, -0.005) separation=0.0369 impulse=0.000;",0.094,0.000,0.500,11.904,0.000,0.977,61.018,-3.803,-2.013,11.099,16.532,1.411
8.759,11.819,101.238,-632.765,8.691,-48.851,4,15.165,3.558,"Ground_80_320:(-0.005, 1.000, -0.004) separation=0.0011 impulse=77.034;Takeoff - 40m x 6m, 6.2m rise:(-0.142, 0.977, 0.157) separation=0.0176 impulse=0.000;Takeoff - 40m x 6m, 6.2m rise:(-0.142, 0.977, 0.157) separation=-0.0022 impulse=0.000;Takeoff - 40m x 6m, 6.2m rise:(-0.061, 0.998, -0.005) separation=0.0173 impulse=0.000;Takeoff - 40m x 6m, 6.2m rise:(-0.036, 0.994, 0.100) separation=0.0174 impulse=0.000;",0.096,0.000,0.500,11.916,0.000,0.981,61.238,-3.605,-1.839,11.207,14.934,1.375
8.779,11.834,101.461,-632.830,8.659,-48.629,4,16.531,2.329,"Ground_80_320:(-0.005, 1.000, -0.004) separation=0.0004 impulse=36.164;Takeoff - 40m x 6m, 6.2m rise:(-0.134, 0.981, 0.142) separation=0.0006 impulse=0.000;",0.091,0.000,0.500,11.932,0.000,0.984,61.461,-3.405,-1.663,11.314,13.388,1.322
8.799,11.846,101.686,-632.892,8.630,-48.405,4,17.293,3.089,"Ground_80_320:(-0.005, 1.000, -0.004) separation=0.0003 impulse=26.682;Takeoff - 40m x 6m, 6.2m rise:(-0.126, 0.984, 0.128) separation=0.0032 impulse=0.000;",0.083,0.000,0.500,11.945,0.000,0.986,61.685,-3.200,-1.477,11.414,11.906,1.269
8.819,11.858,101.913,-632.950,8.604,-48.179,4,17.620,1.935,"Ground_80_320:(-0.040, 0.999, -0.004) separation=0.0031 impulse=0.000;Ground_80_320:(-0.040, 0.999, -0.004) separation=0.0012 impulse=0.000;Takeoff - 40m x 6m, 6.2m rise:(-0.119, 0.986, 0.115) separation=0.0052 impulse=0.000;",0.077,0.000,0.500,11.959,0.000,0.988,61.913,-2.989,-1.301,11.506,10.492,1.224
8.839,11.866,102.142,-633.004,8.583,-47.951,4,18.158,1.787,"Ground_80_320:(-0.040, 0.999, -0.004) separation=0.0054 impulse=0.000;Ground_80_320:(-0.040, 0.999, -0.004) separation=0.0020 impulse=0.000;Takeoff - 40m x 6m, 6.2m rise:(-0.113, 0.988, 0.104) separation=0.0067 impulse=0.000;",0.071,0.000,0.500,11.969,0.000,0.990,62.142,-2.774,-1.117,11.590,9.139,1.195
8.859,11.870,102.373,-633.053,8.564,-47.720,4,18.105,1.649,"Ground_80_320:(-0.040, 0.999, -0.004) separation=0.0082 impulse=0.000;Ground_80_320:(-0.040, 0.999, -0.004) separation=0.0036 impulse=0.000;Takeoff - 40m x 6m, 6.2m rise:(-0.109, 0.990, 0.095) separation=0.0087 impulse=0.000;",0.067,0.000,0.500,11.976,0.000,0.991,62.373,-2.553,-0.936,11.663,7.846,1.179
8.879,11.871,102.605,-633.098,8.549,-47.489,4,17.993,1.620,"Ground_80_320:(-0.033, 0.999, -0.004) separation=0.0134 impulse=0.000;Ground_80_320:(-0.033, 0.999, -0.004) separation=0.0122 impulse=0.000;Ground_80_320:(-0.033, 0.999, -0.004) separation=0.0075 impulse=0.000;Ground_80_320:(-0.033, 0.999, -0.004) separation=0.0069 impulse=0.000;Ground_80_320:(-0.033, 0.999, -0.004) separation=0.0114 impulse=0.000;Takeoff - 40m x 6m, 6.2m rise:(-0.104, 0.991, 0.085) separation=0.0121 impulse=0.000;",0.065,0.000,0.500,11.979,0.000,0.992,62.605,-2.324,-0.769,11.726,6.615,1.172
8.899,11.870,102.839,-633.139,8.538,-47.256,4,18.054,1.578,"Ground_80_320:(-0.039, 0.999, -0.004) separation=0.0180 impulse=0.000;Ground_80_320:(-0.039, 0.999, -0.004) separation=0.0122 impulse=0.000;Takeoff - 40m x 6m, 6.2m rise:(-0.100, 0.992, 0.077) separation=0.0171 impulse=0.000;",0.064,0.000,0.500,11.980,0.000,0.993,62.839,-2.092,-0.601,11.781,5.465,1.167
8.919,11.866,103.073,-633.174,8.529,-47.022,4,17.938,1.005,"Ground_80_320:(-0.039, 0.999, -0.004) separation=0.0199 impulse=0.000;",0.065,0.000,0.494,11.980,0.000,0.994,63.073,-1.857,-0.432,11.827,4.450,1.164
8.939,11.862,103.308,-633.205,8.524,-46.787,4,17.824,1.411,"",0.067,0.000,0.462,11.978,0.000,0.995,63.308,-1.617,-0.267,11.865,3.663,1.144
8.959,11.859,103.544,-633.231,8.522,-46.552,4,17.266,1.317,"",0.069,0.000,0.152,11.974,0.000,0.995,63.544,-1.375,-0.110,11.895,-3.281,1.069
8.979,11.858,103.781,-633.252,8.523,-46.315,4,16.867,1.223,"",0.071,0.000,0.151,11.971,0.000,0.996,63.781,-1.133,0.037,11.917,-3.363,0.950
8.999,11.860,104.018,-633.268,8.527,-46.079,4,16.048,1.176,"",0.071,0.000,0.135,11.967,0.000,0.997,64.018,-0.895,0.168,11.932,-3.756,0.848
9.019,11.863,104.255,-633.280,8.533,-45.842,4,15.387,0.830,"",0.070,0.000,0.112,11.963,0.000,0.997,64.255,-0.665,0.285,11.941,-4.286,0.757
9.039,11.868,104.492,-633.287,8.541,-45.605,4,14.549,1.051,"",0.069,0.000,0.088,11.960,0.000,0.998,64.492,-0.445,0.385,11.946,-4.847,0.673
9.059,11.873,104.730,-633.290,8.550,-45.367,4,13.746,0.798,"",0.066,0.000,0.063,11.957,0.000,0.998,64.730,-0.237,0.468,11.946,-5.388,0.596
9.079,11.880,104.967,-633.290,8.561,-45.130,4,12.967,0.890,"",0.063,0.000,0.041,11.955,0.000,0.998,64.967,-0.041,0.533,11.943,-5.883,0.525
9.099,11.886,105.204,-633.285,8.573,-44.892,4,12.168,0.725,"",0.060,0.000,0.021,11.952,0.000,0.999,65.204,0.140,0.582,11.937,-6.321,0.461
9.119,11.892,105.442,-633.278,8.585,-44.655,4,11.481,0.749,"",0.057,0.000,0.003,11.951,0.000,0.999,65.442,0.306,0.617,11.931,-6.697,0.401
9.139,11.899,105.679,-633.267,8.598,-44.417,4,10.782,0.677,"",0.054,0.000,-0.012,11.949,0.000,0.999,65.679,0.458,0.637,11.923,-7.013,0.346
9.159,11.905,105.916,-633.254,8.611,-44.180,4,10.169,0.648,"",0.051,0.000,-0.025,11.947,0.000,0.999,65.916,0.594,0.646,11.915,-7.270,0.296
9.179,11.803,106.151,-633.238,8.624,-43.945,4,9.594,0.609,"",0.048,0.000,-0.036,11.839,0.000,0.999,66.151,0.703,0.642,11.801,-7.471,0.251
9.199,11.819,106.386,-633.221,8.636,-43.709,4,9.076,0.565,"",0.099,0.000,-0.045,11.849,0.000,1.000,66.386,0.812,0.628,11.805,-7.622,0.211
9.219,11.834,106.622,-633.202,8.649,-43.473,4,8.613,0.518,"",0.090,0.000,-0.051,11.859,0.000,1.000,66.622,0.907,0.605,11.809,-7.726,0.177
9.239,11.847,106.857,-633.181,8.660,-43.238,4,8.221,0.469,"",0.083,0.000,-0.057,11.867,0.000,1.000,66.857,0.988,0.574,11.812,-7.789,0.150
9.259,11.859,107.093,-633.159,8.671,-43.002,4,7.903,0.420,"",0.076,0.000,-0.060,11.874,0.000,1.000,67.093,1.058,0.536,11.815,-7.816,0.129
9.279,11.869,107.328,-633.136,8.681,-42.766,4,7.661,0.372,"",0.070,0.000,-0.063,11.881,0.000,1.000,67.328,1.116,0.494,11.818,-7.811,0.115
9.299,11.878,107.564,-633.112,8.690,-42.529,4,7.495,0.325,"",0.065,0.000,-0.064,11.887,0.000,1.000,67.564,1.163,0.448,11.821,-7.779,0.106
9.319,11.886,107.800,-633.087,8.698,-42.293,4,7.800,0.270,"",0.061,0.000,-0.064,11.893,0.000,1.000,67.800,1.201,0.408,11.825,-7.725,0.110
9.339,11.893,108.036,-633.062,8.705,-42.057,4,7.712,0.268,"",0.057,0.000,-0.064,11.898,0.000,1.000,68.036,1.231,0.366,11.828,-7.651,0.113
9.359,11.899,108.272,-633.037,8.712,-41.820,4,7.694,0.262,"",0.053,0.000,-0.063,11.902,0.000,1.000,68.272,1.252,0.324,11.832,-7.563,0.115
9.379,11.905,108.508,-633.011,8.717,-41.584,4,7.732,0.252,"",0.050,0.000,-0.061,11.907,0.000,1.000,68.508,1.267,0.282,11.836,-7.463,0.117
9.399,11.802,108.742,-632.985,8.722,-41.349,4,7.809,0.155,"",0.048,0.000,-0.059,11.803,0.000,1.000,68.742,1.264,0.242,11.733,-7.354,0.119
9.419,11.818,108.976,-632.959,8.726,-41.114,4,7.908,0.146,"",0.099,0.000,-0.057,11.818,0.000,1.000,68.976,1.268,0.204,11.748,-7.239,0.119
9.439,11.832,109.211,-632.934,8.730,-40.879,4,8.038,0.135,"",0.091,0.000,-0.055,11.832,0.000,1.000,69.211,1.268,0.168,11.763,-7.119,0.118
9.459,11.844,109.446,-632.908,8.732,-40.644,4,8.188,0.123,"",0.084,0.000,-0.052,11.844,0.000,1.000,69.446,1.264,0.136,11.776,-6.997,0.116
9.479,11.855,109.681,-632.883,8.734,-40.408,4,8.351,0.109,"",0.078,0.000,-0.049,11.855,0.000,1.000,69.681,1.256,0.107,11.788,-6.874,0.114
9.499,11.864,109.917,-632.858,8.736,-40.172,4,8.523,0.097,"",0.073,0.000,-0.047,11.865,0.000,1.000,69.917,1.246,0.081,11.799,-6.752,0.111
9.519,11.873,110.152,-632.833,8.737,-39.936,4,8.697,0.085,"",0.068,0.000,-0.044,11.873,0.000,1.000,70.152,1.233,0.059,11.809,-6.631,0.108
9.539,11.880,110.388,-632.808,8.738,-39.700,4,9.272,0.071,"",0.064,0.000,-0.042,11.881,0.000,1.000,70.388,1.218,0.048,11.818,-6.512,0.106
9.559,11.887,110.625,-632.784,8.739,-39.463,4,9.341,0.047,"",0.060,0.000,-0.039,11.888,0.000,1.000,70.625,1.202,0.039,11.827,-6.396,0.104
9.579,11.893,110.861,-632.760,8.740,-39.226,4,9.398,0.058,"",0.056,0.000,-0.037,11.894,0.000,1.000,70.861,1.185,0.031,11.834,-6.283,0.102
9.599,11.898,111.097,-632.737,8.740,-38.989,4,9.449,0.074,"",0.053,0.000,-0.035,11.899,0.000,1.000,71.097,1.167,0.023,11.842,-6.173,0.098
9.619,11.903,111.334,-632.713,8.740,-38.752,4,9.497,0.085,"",0.051,0.000,-0.033,11.904,0.000,1.000,71.334,1.148,0.017,11.849,-6.067,0.095
9.639,11.801,111.569,-632.691,8.741,-38.517,4,9.546,0.090,"",0.048,0.000,-0.031,11.801,0.000,1.000,71.569,1.120,0.011,11.748,-5.966,0.090
9.659,11.817,111.804,-632.669,8.741,-38.282,4,9.594,0.091,"",0.100,0.000,-0.029,11.817,0.000,1.000,71.804,1.102,0.007,11.766,-5.869,0.086
9.679,11.831,112.039,-632.647,8.741,-38.046,4,9.645,0.089,"",0.092,0.000,-0.028,11.831,0.000,1.000,72.039,1.084,0.004,11.782,-5.777,0.081
9.699,11.844,112.275,-632.625,8.741,-37.810,4,9.696,0.085,"",0.085,0.000,-0.027,11.844,0.000,1.000,72.275,1.067,0.002,11.796,-5.689,0.077
9.719,11.855,112.511,-632.604,8.741,-37.574,4,9.745,0.079,"",0.078,0.000,-0.025,11.855,0.000,1.000,72.511,1.049,0.001,11.809,-5.605,0.073
9.739,11.865,112.747,-632.583,8.741,-37.337,4,9.792,0.072,"",0.073,0.000,-0.024,11.866,0.000,1.000,72.747,1.032,0.000,11.821,-5.525,0.069
9.759,11.874,112.983,-632.563,8.741,-37.101,4,9.835,0.066,"",0.067,0.000,-0.023,11.875,0.000,1.000,72.983,1.016,0.001,11.831,-5.449,0.065
9.779,11.882,113.220,-632.543,8.741,-36.864,4,9.874,0.058,"",0.063,0.000,-0.022,11.883,0.000,1.000,73.220,0.999,0.002,11.841,-5.377,0.062
9.799,11.889,113.456,-632.523,8.741,-36.627,4,9.908,0.051,"",0.059,0.000,-0.022,11.890,0.000,1.000,73.456,0.983,0.004,11.849,-5.307,0.059
9.819,11.896,113.693,-632.504,8.741,-36.390,4,9.936,0.045,"",0.055,0.000,-0.021,11.896,0.000,1.000,73.693,0.968,0.007,11.857,-5.241,0.056
9.839,11.902,113.930,-632.484,8.741,-36.152,4,9.959,0.038,"",0.052,0.000,-0.021,11.902,0.000,1.000,73.930,0.953,0.010,11.864,-5.177,0.054
9.859,11.800,114.165,-632.466,8.742,-35.917,4,9.976,0.032,"",0.049,0.000,-0.020,11.800,0.000,1.000,74.165,0.930,0.013,11.763,-5.116,0.052
9.879,11.816,114.400,-632.447,8.742,-35.681,4,9.987,0.027,"",0.100,0.000,-0.020,11.817,0.000,1.000,74.400,0.917,0.016,11.781,-5.057,0.050
9.899,11.831,114.636,-632.429,8.742,-35.445,4,9.993,0.022,"",0.092,0.000,-0.019,11.831,0.000,1.000,74.636,0.904,0.020,11.797,-5.000,0.048
9.919,11.844,114.872,-632.411,8.743,-35.209,4,9.995,0.018,"",0.085,0.000,-0.019,11.844,0.000,1.000,74.872,0.892,0.024,11.811,-4.945,0.047
9.939,11.855,115.108,-632.394,8.743,-34.973,4,9.992,0.014,"",0.078,0.000,-0.019,11.856,0.000,1.000,75.108,0.879,0.028,11.823,-4.891,0.046
9.959,11.866,115.344,-632.377,8.744,-34.736,4,9.986,0.010,"",0.072,0.000,-0.019,11.866,0.000,1.000,75.344,0.867,0.031,11.834,-4.839,0.045
9.979,11.875,115.581,-632.359,8.745,-34.499,4,9.976,0.007,"",0.067,0.000,-0.018,11.875,0.000,1.000,75.581,0.856,0.034,11.844,-4.788,0.044
9.999,11.883,115.818,-632.343,8.745,-34.262,4,9.964,0.005,"",0.063,0.000,-0.018,11.883,0.000,1.000,75.817,0.844,0.038,11.853,-4.738,0.043
10.019,11.890,116.054,-632.326,8.746,-34.025,4,9.951,0.003,"",0.058,0.000,-0.018,11.891,0.000,1.000,76.054,0.833,0.040,11.861,-4.689,0.042
10.039,11.897,116.292,-632.309,8.747,-33.788,4,9.936,0.001,"",0.055,0.000,-0.018,11.897,0.000,1.000,76.291,0.822,0.043,11.869,-4.641,0.041
10.059,11.903,116.529,-632.293,8.748,-33.550,4,9.920,0.001,"",0.052,0.000,-0.018,11.903,0.000,1.000,76.529,0.811,0.045,11.875,-4.593,0.041
10.079,11.801,116.764,-632.277,8.749,-33.315,4,9.904,0.002,"",0.049,0.000,-0.018,11.801,0.000,1.000,76.764,0.794,0.047,11.774,-4.546,0.040
10.099,11.817,116.999,-632.262,8.750,-33.079,4,9.889,0.003,"",0.100,0.000,-0.018,11.817,0.000,1.000,76.999,0.784,0.048,11.791,-4.500,0.040
10.119,11.832,117.235,-632.246,8.751,-32.843,4,9.874,0.003,"",0.091,0.000,-0.018,11.832,0.000,1.000,77.235,0.775,0.050,11.806,-4.454,0.040
10.139,11.845,117.471,-632.231,8.752,-32.606,4,9.859,0.004,"",0.084,0.000,-0.018,11.845,0.000,1.000,77.471,0.765,0.051,11.820,-4.409,0.039
10.159,11.856,117.708,-632.216,8.753,-32.370,4,9.846,0.004,"",0.078,0.000,-0.017,11.856,0.000,1.000,77.708,0.756,0.052,11.832,-4.364,0.039
10.179,11.866,117.944,-632.201,8.754,-32.133,4,9.834,0.004,"",0.072,0.000,-0.017,11.867,0.000,1.000,77.944,0.746,0.052,11.843,-4.320,0.039
10.199,11.876,118.181,-632.186,8.755,-31.896,4,9.823,0.004,"",0.067,0.000,-0.017,11.876,0.000,1.000,78.181,0.737,0.052,11.853,-4.276,0.038
10.219,11.884,118.418,-632.172,8.756,-31.658,4,9.814,0.004,"",0.062,0.000,-0.017,11.884,0.000,1.000,78.418,0.728,0.052,11.861,-4.232,0.038
10.239,11.891,118.655,-632.157,8.757,-31.421,4,9.806,0.004,"",0.058,0.000,-0.017,11.891,0.000,1.000,78.655,0.719,0.052,11.869,-4.189,0.038
10.259,11.897,118.892,-632.143,8.758,-31.183,4,9.474,0.003,"",0.055,0.000,-0.017,11.897,0.000,1.000,78.892,0.710,0.046,11.876,-4.145,0.039
10.279,11.903,119.130,-632.129,8.759,-30.946,4,9.222,0.042,"",0.051,0.000,-0.017,11.903,0.000,1.000,79.130,0.700,0.034,11.882,-4.102,0.043
10.299,11.801,119.366,-632.115,8.759,-30.710,4,9.295,0.094,"",0.048,0.000,-0.017,11.801,0.000,1.000,79.366,0.686,0.023,11.781,-4.058,0.047
10.319,11.818,119.602,-632.102,8.760,-30.474,4,9.357,0.128,"",0.099,0.000,-0.016,11.818,0.000,1.000,79.601,0.677,0.014,11.798,-4.015,0.048
10.339,11.833,119.838,-632.088,8.760,-30.237,4,9.413,0.148,"",0.091,0.000,-0.016,11.833,0.000,1.000,79.838,0.669,0.006,11.814,-3.972,0.048
10.359,11.846,120.074,-632.075,8.760,-30.000,4,9.469,0.156,"",0.084,0.000,-0.016,11.846,0.000,1.000,80.074,0.660,0.000,11.828,-3.929,0.047
10.379,11.858,120.311,-632.062,8.760,-29.763,4,9.527,0.159,"",0.077,0.000,-0.016,11.858,0.000,1.000,80.311,0.652,-0.006,11.840,-3.887,0.045
10.399,11.869,120.548,-632.049,8.759,-29.526,4,9.587,0.156,"",0.071,0.000,-0.016,11.869,0.000,1.000,80.548,0.644,-0.010,11.851,-3.846,0.043
10.419,11.878,120.785,-632.037,8.759,-29.289,4,9.649,0.151,"",0.066,0.000,-0.016,11.878,0.000,1.000,80.785,0.635,-0.013,11.861,-3.806,0.041
10.439,11.887,121.022,-632.024,8.759,-29.051,4,9.711,0.145,"",0.061,0.000,-0.015,11.887,0.000,1.000,81.022,0.627,-0.015,11.871,-3.766,0.039
10.459,11.895,121.260,-632.012,8.758,-28.814,4,9.772,0.137,"",0.056,0.000,-0.015,11.895,0.000,1.000,81.260,0.619,-0.016,11.879,-3.727,0.038
10.479,11.902,121.497,-632.000,8.758,-28.576,4,9.506,0.129,"",0.053,0.000,-0.015,11.902,0.000,1.000,81.497,0.611,-0.022,11.886,-3.688,0.035
10.499,11.801,121.733,-631.988,8.757,-28.340,4,9.344,0.088,"",0.049,0.000,-0.015,11.801,0.000,1.000,81.733,0.597,-0.032,11.786,-3.650,0.035
10.519,11.818,121.969,-631.976,8.757,-28.104,4,9.546,0.029,"",0.099,0.000,-0.015,11.819,0.000,1.000,81.969,0.590,-0.037,11.804,-3.611,0.039
10.539,11.834,122.205,-631.964,8.756,-27.868,4,9.735,0.024,"",0.091,0.000,-0.015,11.834,0.000,1.000,82.205,0.582,-0.038,11.820,-3.572,0.041
10.559,11.847,122.441,-631.953,8.755,-27.632,4,9.904,0.047,"",0.083,0.000,-0.015,11.848,0.000,1.000,82.441,0.575,-0.036,11.834,-3.534,0.042
10.579,11.859,122.677,-631.942,8.754,-27.395,4,10.048,0.061,"",0.076,0.000,-0.014,11.859,0.000,1.000,82.677,0.567,-0.032,11.846,-3.497,0.042
10.599,11.870,122.914,-631.930,8.754,-27.158,4,10.162,0.067,"",0.070,0.000,-0.014,11.870,0.000,1.000,82.914,0.559,-0.025,11.857,-3.460,0.041
10.619,11.879,123.151,-631.919,8.754,-26.921,4,10.247,0.067,"",0.065,0.000,-0.014,11.879,0.000,1.000,83.151,0.552,-0.016,11.866,-3.424,0.039
10.639,11.887,123.388,-631.908,8.754,-26.683,4,10.304,0.064,"",0.060,0.000,-0.014,11.887,0.000,1.000,83.388,0.544,-0.006,11.875,-3.388,0.038
10.659,11.894,123.625,-631.898,8.754,-26.446,4,10.334,0.059,"",0.056,0.000,-0.014,11.895,0.000,1.000,83.625,0.536,0.005,11.882,-3.353,0.036
10.679,11.901,123.863,-631.887,8.754,-26.208,4,10.342,0.054,"",0.053,0.000,-0.014,11.901,0.000,1.000,83.863,0.529,0.015,11.889,-3.318,0.035
10.699,11.799,124.098,-631.877,8.754,-25.972,4,10.329,0.047,"",0.050,0.000,-0.014,11.799,0.000,1.000,84.098,0.517,0.025,11.788,-3.283,0.033
10.719,11.816,124.334,-631.867,8.755,-25.736,4,10.302,0.041,"",0.100,0.000,-0.014,11.816,0.000,1.000,84.334,0.510,0.035,11.805,-3.249,0.032
10.739,11.831,124.570,-631.857,8.756,-25.500,4,10.259,0.035,"",0.092,0.000,-0.014,11.831,0.000,1.000,84.570,0.503,0.044,11.820,-3.215,0.031
10.759,11.844,124.807,-631.847,8.757,-25.263,4,10.208,0.029,"",0.085,0.000,-0.013,11.844,0.000,1.000,84.807,0.496,0.052,11.834,-3.181,0.031
10.779,11.856,125.043,-631.837,8.758,-25.027,4,10.152,0.024,"",0.078,0.000,-0.013,11.856,0.000,1.000,85.043,0.489,0.059,11.846,-3.148,0.030
10.799,11.866,125.280,-631.827,8.760,-24.790,4,10.094,0.019,"",0.072,0.000,-0.013,11.866,0.000,1.000,85.280,0.482,0.065,11.856,-3.114,0.030
10.819,11.875,125.517,-631.818,8.761,-24.552,4,10.036,0.016,"",0.067,0.000,-0.013,11.875,0.000,1.000,85.517,0.475,0.070,11.866,-3.081,0.029
10.839,11.883,125.755,-631.808,8.762,-24.315,4,9.979,0.013,"",0.062,0.000,-0.013,11.884,0.000,1.000,85.755,0.469,0.073,11.874,-3.048,0.029
10.859,11.891,125.992,-631.799,8.764,-24.077,4,9.926,0.011,"",0.058,0.000,-0.013,11.891,0.000,1.000,85.992,0.462,0.075,11.882,-3.016,0.029
10.879,11.897,126.230,-631.790,8.765,-23.839,4,9.877,0.009,"",0.055,0.000,-0.013,11.897,0.000,1.000,86.230,0.455,0.077,11.888,-2.983,0.028
10.899,11.903,126.467,-631.781,8.767,-23.602,4,9.832,0.008,"",0.051,0.000,-0.012,11.903,0.000,1.000,86.467,0.448,0.077,11.894,-2.951,0.028
10.919,11.801,126.703,-631.772,8.769,-23.366,4,9.793,0.007,"",0.049,0.000,-0.012,11.801,0.000,1.000,86.703,0.438,0.076,11.793,-2.920,0.028
10.939,11.817,126.939,-631.764,8.770,-23.130,4,9.759,0.006,"",0.100,0.000,-0.012,11.817,0.000,1.000,86.939,0.431,0.075,11.809,-2.888,0.027
10.959,11.832,127.175,-631.755,8.772,-22.893,4,9.733,0.006,"",0.091,0.000,-0.012,11.832,0.000,1.000,87.175,0.425,0.074,11.824,-2.857,0.027
10.979,11.845,127.412,-631.747,8.773,-22.656,4,9.713,0.006,"",0.084,0.000,-0.012,11.845,0.000,1.000,87.412,0.419,0.072,11.837,-2.826,0.027
10.999,11.856,127.649,-631.738,8.774,-22.419,4,9.698,0.005,"",0.078,0.000,-0.012,11.856,0.000,1.000,87.649,0.413,0.070,11.849,-2.796,0.026
11.019,11.867,127.886,-631.730,8.776,-22.182,4,9.689,0.005,"",0.072,0.000,-0.012,11.867,0.000,1.000,87.886,0.406,0.067,11.859,-2.765,0.026
11.039,11.876,128.123,-631.722,8.777,-21.945,4,9.684,0.005,"",0.067,0.000,-0.011,11.876,0.000,1.000,88.123,0.400,0.065,11.869,-2.736,0.026
11.059,11.884,128.360,-631.714,8.778,-21.707,4,9.682,0.005,"",0.062,0.000,-0.011,11.884,0.000,1.000,88.360,0.394,0.062,11.877,-2.706,0.026
11.079,11.891,128.598,-631.707,8.779,-21.470,4,9.684,0.005,"",0.058,0.000,-0.011,11.891,0.000,1.000,88.598,0.388,0.060,11.884,-2.677,0.025
11.099,11.897,128.836,-631.699,8.781,-21.232,4,9.688,0.005,"",0.055,0.000,-0.011,11.897,0.000,1.000,88.836,0.382,0.057,11.891,-2.648,0.025
11.119,11.903,129.073,-631.692,8.782,-20.994,4,9.696,0.005,"",0.051,0.000,-0.011,11.903,0.000,1.000,89.073,0.376,0.055,11.897,-2.620,0.025
11.139,11.801,129.309,-631.684,8.783,-20.758,4,9.705,0.005,"",0.048,0.000,-0.011,11.801,0.000,1.000,89.309,0.367,0.053,11.795,-2.592,0.024
11.159,11.817,129.545,-631.677,8.784,-20.522,4,9.716,0.004,"",0.100,0.000,-0.011,11.817,0.000,1.000,89.545,0.361,0.051,11.812,-2.564,0.024
11.179,11.832,129.782,-631.670,8.785,-20.285,4,9.728,0.004,"",0.091,0.000,-0.011,11.832,0.000,1.000,89.782,0.355,0.049,11.827,-2.536,0.024
11.199,11.845,130.018,-631.663,8.786,-20.048,4,9.740,0.004,"",0.084,0.000,-0.010,11.845,0.000,1.000,90.018,0.350,0.048,11.840,-2.509,0.024
11.219,11.856,130.255,-631.656,8.787,-19.811,4,9.751,0.003,"",0.078,0.000,-0.010,11.856,0.000,1.000,90.255,0.344,0.047,11.851,-2.482,0.023
11.239,11.867,130.492,-631.649,8.788,-19.574,4,9.762,0.004,"",0.072,0.000,-0.010,11.867,0.000,1.000,90.492,0.339,0.046,11.862,-2.456,0.023
11.259,11.876,130.730,-631.643,8.788,-19.337,4,9.772,0.004,"",0.067,0.000,-0.010,11.876,0.000,1.000,90.729,0.333,0.045,11.871,-2.430,0.023
11.279,11.884,130.967,-631.636,8.789,-19.099,4,9.782,0.004,"",0.062,0.000,-0.010,11.884,0.000,1.000,90.967,0.328,0.045,11.879,-2.404,0.022
11.299,11.891,131.205,-631.630,8.790,-18.861,4,9.791,0.004,"",0.058,0.000,-0.010,11.891,0.000,1.000,91.204,0.322,0.044,11.887,-2.378,0.022
11.319,11.897,131.442,-631.623,8.791,-18.623,4,9.800,0.003,"",0.055,0.000,-0.010,11.897,0.000,1.000,91.442,0.317,0.044,11.893,-2.353,0.022
11.339,11.903,131.680,-631.617,8.792,-18.385,4,9.807,0.003,"",0.051,0.000,-0.010,11.903,0.000,1.000,91.680,0.311,0.044,11.899,-2.328,0.022
11.359,11.801,131.916,-631.611,8.793,-18.150,4,9.814,0.003,"",0.048,0.000,-0.010,11.801,0.000,1.000,91.916,0.304,0.044,11.797,-2.303,0.022
11.379,11.817,132.152,-631.605,8.794,-17.913,4,9.819,0.003,"",0.099,0.000,-0.009,11.817,0.000,1.000,92.152,0.299,0.044,11.814,-2.278,0.021
11.399,11.832,132.389,-631.599,8.795,-17.677,4,9.823,0.003,"",0.091,0.000,-0.009,11.832,0.000,1.000,92.388,0.294,0.044,11.828,-2.254,0.021
11.419,11.845,132.625,-631.593,8.796,-17.440,4,9.825,0.003,"",0.084,0.000,-0.009,11.845,0.000,1.000,92.625,0.289,0.045,11.841,-2.230,0.021
11.439,11.856,132.862,-631.588,8.796,-17.203,4,9.827,0.003,"",0.078,0.000,-0.009,11.856,0.000,1.000,92.862,0.284,0.045,11.853,-2.206,0.021
11.459,11.867,133.099,-631.582,8.797,-16.966,4,9.829,0.003,"",0.072,0.000,-0.009,11.867,0.000,1.000,93.099,0.279,0.045,11.863,-2.183,0.020
11.479,11.876,133.337,-631.577,8.798,-16.728,4,9.830,0.003,"",0.067,0.000,-0.009,11.876,0.000,1.000,93.337,0.274,0.046,11.873,-2.160,0.020
11.499,11.884,133.574,-631.571,8.799,-16.490,4,9.830,0.003,"",0.062,0.000,-0.009,11.884,0.000,1.000,93.574,0.269,0.046,11.881,-2.137,0.020
11.519,11.891,133.812,-631.566,8.800,-16.253,4,9.830,0.003,"",0.058,0.000,-0.009,11.891,0.000,1.000,93.812,0.264,0.047,11.888,-2.114,0.020
11.539,11.897,134.050,-631.561,8.801,-16.015,4,9.829,0.002,"",0.054,0.000,-0.009,11.897,0.000,1.000,94.049,0.259,0.047,11.895,-2.092,0.020
11.559,11.903,134.287,-631.556,8.802,-15.777,4,9.828,0.002,"",0.051,0.000,-0.009,11.903,0.000,1.000,94.287,0.254,0.047,11.900,-2.070,0.019
11.579,11.801,134.523,-631.551,8.803,-15.541,4,9.826,0.003,"",0.048,0.000,-0.009,11.801,0.000,1.000,94.523,0.248,0.047,11.798,-2.048,0.019
11.599,11.817,134.759,-631.546,8.804,-15.305,4,9.824,0.003,"",0.099,0.000,-0.008,11.817,0.000,1.000,94.759,0.243,0.048,11.815,-2.026,0.019
11.619,11.832,134.996,-631.541,8.805,-15.068,4,9.822,0.003,"",0.091,0.000,-0.008,11.832,0.000,1.000,94.996,0.239,0.048,11.830,-2.004,0.019
11.639,11.845,135.233,-631.536,8.806,-14.831,4,9.821,0.003,"",0.084,0.000,-0.008,11.845,0.000,1.000,95.233,0.234,0.048,11.843,-1.983,0.019
11.659,11.856,135.470,-631.532,8.807,-14.594,4,9.819,0.002,"",0.078,0.000,-0.008,11.856,0.000,1.000,95.470,0.230,0.049,11.854,-1.962,0.018
11.679,11.867,135.707,-631.527,8.808,-14.357,4,9.817,0.002,"",0.072,0.000,-0.008,11.867,0.000,1.000,95.707,0.226,0.049,11.864,-1.941,0.018
11.699,11.876,135.944,-631.523,8.809,-14.119,4,9.816,0.002,"",0.067,0.000,-0.008,11.876,0.000,1.000,95.944,0.221,0.049,11.874,-1.921,0.018
11.719,11.884,136.182,-631.518,8.810,-13.882,4,9.815,0.002,"",0.062,0.000,-0.008,11.884,0.000,1.000,96.182,0.217,0.049,11.882,-1.900,0.018
11.739,11.891,136.419,-631.514,8.811,-13.644,4,9.813,0.002,"",0.058,0.000,-0.008,11.891,0.000,1.000,96.419,0.212,0.049,11.889,-1.880,0.018
11.759,11.897,136.657,-631.510,8.812,-13.406,4,9.812,0.002,"",0.054,0.000,-0.008,11.897,0.000,1.000,96.657,0.208,0.049,11.896,-1.860,0.017
11.779,11.903,136.895,-631.506,8.813,-13.168,4,9.810,0.002,"",0.051,0.000,-0.008,11.903,0.000,1.000,96.895,0.204,0.049,11.901,-1.840,0.017
11.799,11.801,137.131,-631.502,8.814,-12.932,4,9.810,0.002,"",0.048,0.000,-0.008,11.801,0.000,1.000,97.131,0.198,0.049,11.799,-1.821,0.017
11.819,11.817,137.367,-631.498,8.815,-12.696,4,9.809,0.002,"",0.099,0.000,-0.007,11.817,0.000,1.000,97.367,0.194,0.049,11.816,-1.801,0.017
11.839,11.832,137.604,-631.494,8.816,-12.459,4,9.808,0.002,"",0.091,0.000,-0.007,11.832,0.000,1.000,97.604,0.190,0.049,11.830,-1.782,0.017
11.859,11.845,137.841,-631.491,8.817,-12.222,4,9.809,0.002,"",0.084,0.000,-0.007,11.845,0.000,1.000,97.840,0.186,0.049,11.843,-1.763,0.016
11.879,11.856,138.078,-631.487,8.818,-11.985,4,9.808,0.002,"",0.078,0.000,-0.007,11.856,0.000,1.000,98.077,0.182,0.049,11.855,-1.745,0.016
11.899,11.867,138.315,-631.483,8.819,-11.748,4,9.808,0.002,"",0.072,0.000,-0.007,11.867,0.000,1.000,98.315,0.178,0.049,11.865,-1.726,0.016
11.919,11.876,138.552,-631.480,8.820,-11.510,4,9.808,0.002,"",0.067,0.000,-0.007,11.876,0.000,1.000,98.552,0.174,0.049,11.874,-1.708,0.016
11.939,11.884,138.790,-631.476,8.820,-11.273,4,9.807,0.002,"",0.062,0.000,-0.007,11.884,0.000,1.000,98.790,0.170,0.049,11.883,-1.690,0.016
11.959,11.891,139.027,-631.473,8.821,-11.035,4,9.807,0.002,"",0.058,0.000,-0.007,11.891,0.000,1.000,99.027,0.167,0.049,11.890,-1.672,0.016
11.979,11.897,139.265,-631.470,8.822,-10.797,4,9.808,0.002,"",0.054,0.000,-0.007,11.897,0.000,1.000,99.265,0.163,0.049,11.896,-1.654,0.015
11.999,11.903,139.503,-631.467,8.823,-10.559,4,9.808,0.001,"",0.051,0.000,-0.007,11.903,0.000,1.000,99.503,0.159,0.049,11.902,-1.637,0.015
12.019,11.801,139.739,-631.464,8.824,-10.323,4,9.808,0.001,"",0.048,0.000,-0.007,11.801,0.000,1.000,99.739,0.154,0.048,11.800,-1.619,0.015
12.039,11.817,139.975,-631.461,8.825,-10.087,4,9.809,0.001,"",0.099,0.000,-0.007,11.817,0.000,1.000,99.975,0.150,0.048,11.816,-1.602,0.015
12.059,11.832,140.212,-631.458,8.826,-9.850,4,9.809,0.001,"",0.091,0.000,-0.007,11.832,0.000,1.000,100.212,0.147,0.048,11.831,-1.585,0.015
12.079,11.845,140.449,-631.455,8.827,-9.613,4,9.809,0.001,"",0.084,0.000,-0.007,11.845,0.000,1.000,100.449,0.143,0.049,11.844,-1.568,0.015
12.099,11.856,140.686,-631.452,8.828,-9.376,4,9.809,0.001,"",0.078,0.000,-0.006,11.856,0.000,1.000,100.686,0.140,0.049,11.856,-1.552,0.014
12.119,11.867,140.923,-631.449,8.829,-9.139,4,9.809,0.001,"",0.072,0.000,-0.006,11.867,0.000,1.000,100.923,0.136,0.049,11.866,-1.535,0.014
12.139,11.876,141.160,-631.447,8.830,-8.901,4,9.810,0.001,"",0.067,0.000,-0.006,11.876,0.000,1.000,101.160,0.133,0.049,11.875,-1.519,0.014
12.159,11.884,141.398,-631.444,8.831,-8.663,4,9.810,0.001,"",0.062,0.000,-0.006,11.884,0.000,1.000,101.398,0.129,0.049,11.883,-1.503,0.014
12.179,11.891,141.636,-631.442,8.832,-8.426,4,9.810,0.001,"",0.058,0.000,-0.006,11.891,0.000,1.000,101.636,0.126,0.049,11.890,-1.487,0.014
12.199,11.897,141.874,-631.439,8.833,-8.188,4,9.811,0.001,"",0.054,0.000,-0.006,11.897,0.000,1.000,101.874,0.122,0.049,11.897,-1.471,0.014
12.219,11.903,142.112,-631.437,8.834,-7.950,4,9.811,0.001,"",0.051,0.000,-0.006,11.903,0.000,1.000,102.112,0.119,0.049,11.902,-1.456,0.014
12.239,11.801,142.347,-631.434,8.835,-7.714,4,9.811,0.001,"",0.048,0.000,-0.006,11.801,0.000,1.000,102.347,0.115,0.048,11.800,-1.441,0.013
12.259,11.817,142.584,-631.432,8.836,-7.477,4,9.811,0.001,"",0.099,0.000,-0.006,11.817,0.000,1.000,102.584,0.111,0.048,11.817,-1.425,0.013
12.279,11.832,142.820,-631.430,8.837,-7.241,4,9.811,0.001,"",0.091,0.000,-0.006,11.832,0.000,1.000,102.820,0.108,0.049,11.831,-1.410,0.013
12.299,11.845,143.057,-631.428,8.838,-7.004,4,9.811,0.001,"",0.084,0.000,-0.006,11.845,0.000,1.000,103.057,0.105,0.049,11.844,-1.395,0.013
12.319,11.856,143.294,-631.426,8.839,-6.767,4,9.811,0.001,"",0.078,0.000,-0.006,11.856,0.000,1.000,103.294,0.102,0.049,11.856,-1.381,0.013
12.339,11.867,143.531,-631.424,8.840,-6.529,4,9.811,0.001,"",0.072,0.000,-0.006,11.867,0.000,1.000,103.531,0.099,0.049,11.866,-1.366,0.013
12.359,11.876,143.769,-631.422,8.841,-6.292,4,9.811,0.001,"",0.067,0.000,-0.006,11.876,0.000,1.000,103.769,0.096,0.049,11.875,-1.352,0.013
12.379,11.884,144.006,-631.420,8.842,-6.054,4,9.811,0.001,"",0.062,0.000,-0.006,11.884,0.000,1.000,104.006,0.092,0.049,11.883,-1.337,0.012
12.399,11.891,144.244,-631.419,8.843,-5.816,4,9.811,0.001,"",0.058,0.000,-0.006,11.891,0.000,1.000,104.244,0.089,0.049,11.891,-1.323,0.012
12.419,11.897,144.482,-631.417,8.844,-5.578,4,9.811,0.001,"",0.054,0.000,-0.005,11.897,0.000,1.000,104.482,0.086,0.049,11.897,-1.310,0.012
12.439,11.903,144.720,-631.415,8.845,-5.340,4,9.811,0.001,"",0.051,0.000,-0.005,11.903,0.000,1.000,104.720,0.083,0.049,11.903,-1.296,0.012
12.459,11.801,144.956,-631.414,8.846,-5.104,4,9.811,0.001,"",0.048,0.000,-0.005,11.801,0.000,1.000,104.956,0.080,0.049,11.801,-1.282,0.012
12.479,11.817,145.192,-631.412,8.847,-4.868,4,9.811,0.001,"",0.099,0.000,-0.005,11.817,0.000,1.000,105.192,0.077,0.049,11.817,-1.268,0.012
12.499,11.832,145.429,-631.411,8.848,-4.631,4,9.811,0.001,"",0.091,0.000,-0.005,11.832,0.000,1.000,105.429,0.074,0.049,11.832,-1.255,0.012
12.519,11.845,145.666,-631.409,8.849,-4.394,4,9.811,0.001,"",0.084,0.000,-0.005,11.845,0.000,1.000,105.666,0.071,0.049,11.845,-1.242,0.012
12.539,11.856,145.903,-631.408,8.850,-4.157,4,9.811,0.000,"",0.078,0.000,-0.005,11.856,0.000,1.000,105.903,0.068,0.049,11.856,-1.229,0.011
12.559,11.867,146.140,-631.407,8.851,-3.920,4,9.811,0.001,"",0.072,0.000,-0.005,11.867,0.000,1.000,106.140,0.065,0.049,11.866,-1.216,0.011
12.579,11.876,146.378,-631.405,8.852,-3.683,4,9.811,0.001,"",0.067,0.000,-0.005,11.876,0.000,1.000,106.378,0.063,0.049,11.875,-1.203,0.011
12.599,11.884,146.615,-631.404,8.853,-3.445,4,9.811,0.001,"",0.062,0.000,-0.005,11.884,0.000,1.000,106.615,0.060,0.049,11.884,-1.191,0.011
12.619,11.891,146.853,-631.403,8.854,-3.207,4,9.810,0.001,"",0.058,0.000,-0.005,11.891,0.000,1.000,106.853,0.057,0.049,11.891,-1.178,0.011
12.639,11.897,147.091,-631.402,8.855,-2.969,4,9.810,0.001,"",0.054,0.000,-0.005,11.897,0.000,1.000,107.091,0.054,0.049,11.897,-1.166,0.011
12.659,11.903,147.329,-631.401,8.856,-2.731,4,9.810,0.000,"",0.051,0.000,-0.005,11.903,0.000,1.000,107.329,0.052,0.049,11.903,-1.154,0.011
12.679,11.801,147.565,-631.400,8.857,-2.495,4,9.810,0.000,"",0.048,0.000,-0.005,11.801,0.000,1.000,107.565,0.049,0.049,11.801,-1.142,0.011
12.699,11.817,147.801,-631.399,8.858,-2.259,4,9.811,0.000,"",0.099,0.000,-0.005,11.817,0.000,1.000,107.801,0.046,0.049,11.817,-1.130,0.011
12.719,11.832,148.038,-631.398,8.859,-2.022,4,9.811,0.000,"",0.091,0.000,-0.005,11.832,0.000,1.000,108.038,0.043,0.049,11.832,-1.118,0.010
12.739,11.845,148.275,-631.397,8.859,-1.785,4,9.811,0.000,"",0.084,0.000,-0.005,11.845,0.000,1.000,108.275,0.041,0.049,11.845,-1.106,0.010
12.759,11.856,148.512,-631.396,8.860,-1.548,4,9.810,0.000,"",0.078,0.000,-0.005,11.856,0.000,1.000,108.512,0.038,0.049,11.856,-1.095,0.010
12.779,11.867,148.749,-631.396,8.861,-1.311,4,9.810,0.000,"",0.072,0.000,-0.005,11.867,0.000,1.000,108.749,0.036,0.049,11.866,-1.083,0.010
12.799,11.876,148.986,-631.395,8.862,-1.073,4,9.810,0.000,"",0.067,0.000,-0.004,11.876,0.000,1.000,108.986,0.033,0.049,11.876,-1.072,0.010
12.819,11.884,149.224,-631.394,8.863,-0.835,4,9.810,0.000,"",0.062,0.000,-0.004,11.884,0.000,1.000,109.224,0.031,0.049,11.884,-1.061,0.010
12.839,11.891,149.462,-631.394,8.864,-0.598,4,9.810,0.000,"",0.058,0.000,-0.004,11.891,0.000,1.000,109.462,0.028,0.049,11.891,-1.050,0.010
12.859,11.897,149.700,-631.393,8.865,-0.360,4,9.810,0.000,"",0.055,0.000,-0.004,11.897,0.000,1.000,109.700,0.026,0.049,11.897,-1.039,0.010
12.879,11.903,149.938,-631.393,8.866,-0.122,4,9.811,0.000,"",0.051,0.000,-0.004,11.903,0.000,1.000,109.938,0.023,0.049,11.903,-1.028,0.010
12.899,11.801,150.174,-631.392,8.867,0.114,4,9.811,0.000,"",0.048,0.000,-0.004,11.801,0.000,1.000,110.174,0.021,0.049,11.801,-1.017,0.010
