time,speed,travel,x,y,z,grounded,lift,torque,contact
0.017,35.662,0.713,-628.516,8.342,-149.319,4,7.800,0.042,"Ground_80_320:(0.00, 1.00, 0.00)"
0.037,35.661,1.426,-628.528,8.341,-148.606,4,8.393,0.006,""
0.057,35.660,2.139,-628.539,8.339,-147.893,4,8.946,0.017,""
0.077,35.659,2.852,-628.551,8.337,-147.180,4,9.449,0.032,""
0.097,35.658,3.565,-628.563,8.335,-146.467,4,9.885,0.039,""
0.117,35.657,4.279,-628.575,8.334,-145.754,4,10.248,0.042,""
0.137,35.656,4.992,-628.587,8.332,-145.041,4,10.536,0.042,""
0.157,35.654,5.705,-628.598,8.331,-144.328,4,10.751,0.040,""
0.177,35.653,6.418,-628.610,8.331,-143.615,4,10.898,0.037,""
0.197,35.652,7.130,-628.622,8.331,-142.903,4,10.984,0.033,""
0.217,35.651,7.843,-628.634,8.331,-142.190,4,11.017,0.029,""
0.237,35.650,8.556,-628.645,8.332,-141.477,4,11.004,0.025,""
0.257,35.649,9.269,-628.657,8.333,-140.764,4,10.955,0.021,""
0.277,35.648,9.982,-628.669,8.335,-140.051,4,10.877,0.017,""
0.297,35.647,10.695,-628.681,8.337,-139.338,4,10.778,0.014,""
0.317,35.646,11.408,-628.693,8.340,-138.626,4,10.665,0.012,""
0.337,35.645,12.121,-628.704,8.342,-137.913,4,10.543,0.009,""
0.357,35.644,12.834,-628.716,8.345,-137.200,4,10.418,0.007,""
0.377,35.643,13.547,-628.728,8.349,-136.487,4,10.295,0.006,""
0.397,35.643,14.260,-628.740,8.352,-135.775,4,10.177,0.004,""
0.417,35.642,14.972,-628.752,8.355,-135.062,4,10.066,0.003,""
0.437,35.641,15.685,-628.763,8.359,-134.349,4,9.965,0.003,""
0.457,35.640,16.398,-628.775,8.363,-133.636,4,9.875,0.002,""
0.477,35.640,17.111,-628.787,8.366,-132.924,4,9.797,0.001,""
0.497,35.639,17.824,-628.799,8.370,-132.211,4,9.731,0.001,""
0.517,35.638,18.536,-628.810,8.373,-131.498,4,9.678,0.001,""
0.537,35.638,19.249,-628.822,8.376,-130.786,4,9.636,0.000,""
0.557,35.637,19.962,-628.834,8.380,-130.073,4,9.605,0.000,""
0.577,35.636,20.674,-628.846,8.383,-129.360,4,9.584,0.000,""
0.597,35.636,21.387,-628.858,8.386,-128.648,4,9.573,0.000,""
0.617,35.635,22.100,-628.869,8.389,-127.935,4,9.569,0.000,""
0.637,35.635,22.813,-628.881,8.392,-127.223,4,9.572,0.000,""
0.657,35.634,23.525,-628.893,8.395,-126.510,4,9.581,0.000,""
0.677,35.634,24.238,-628.904,8.398,-125.798,4,9.595,0.000,""
0.697,35.633,24.951,-628.916,8.400,-125.085,4,9.612,0.000,""
0.717,35.633,25.663,-628.928,8.403,-124.372,4,9.631,0.000,""
0.737,35.632,26.376,-628.940,8.405,-123.660,4,9.652,0.000,""
0.757,35.632,27.089,-628.951,8.408,-122.947,4,9.675,0.000,""
0.777,35.632,27.801,-628.963,8.410,-122.235,4,9.697,0.000,""
0.797,35.631,28.514,-628.975,8.413,-121.522,4,9.718,0.000,""
0.817,35.631,29.226,-628.987,8.415,-120.810,4,9.739,0.000,""
0.837,35.631,29.939,-628.998,8.418,-120.097,4,10.343,0.000,""
0.857,35.630,30.651,-629.010,8.420,-119.385,4,10.338,0.064,""
0.877,35.630,31.364,-629.022,8.424,-118.673,4,10.372,0.106,""
0.897,35.629,32.076,-629.034,8.427,-117.960,4,10.998,0.132,""
0.917,35.629,32.789,-629.046,8.431,-117.248,4,10.831,0.082,""
0.937,35.628,33.501,-629.057,8.435,-116.535,4,10.610,0.045,""
0.957,35.627,34.214,-629.069,8.440,-115.823,4,10.367,0.019,""
0.977,35.627,34.926,-629.081,8.444,-115.111,4,10.125,0.002,""
0.997,35.626,35.639,-629.093,8.449,-114.398,4,9.900,0.010,""
1.017,35.626,36.352,-629.104,8.453,-113.686,4,9.701,0.017,""
1.037,35.626,37.064,-629.116,8.458,-112.973,4,9.535,0.020,""
1.057,35.625,37.777,-629.128,8.462,-112.261,4,9.404,0.022,""
1.077,35.625,38.489,-629.140,8.466,-111.548,4,9.308,0.022,""
1.097,35.625,39.202,-629.151,8.470,-110.836,4,9.244,0.020,""
1.117,35.624,39.914,-629.163,8.474,-110.123,4,9.242,0.054,""
1.137,35.624,40.627,-629.175,8.477,-109.411,4,9.398,0.068,""
1.157,35.624,41.339,-629.187,8.480,-108.699,4,9.693,0.065,""
1.177,35.624,42.051,-629.198,8.484,-107.987,4,10.147,0.073,""
1.197,35.624,42.763,-629.210,8.488,-107.275,4,10.825,0.037,""
1.217,35.623,43.475,-629.222,8.493,-106.563,4,11.742,0.000,""
1.237,35.622,44.187,-629.234,8.499,-105.851,4,12.883,0.054,""
1.257,35.621,44.898,-629.245,8.506,-105.140,4,14.148,0.138,""
1.277,35.619,45.610,-629.257,8.516,-104.429,4,15.509,0.176,""
1.297,35.617,46.321,-629.269,8.529,-103.718,4,16.885,0.261,""
1.317,35.614,47.031,-629.281,8.545,-103.007,4,18.226,0.293,""
1.337,35.611,47.742,-629.292,8.566,-102.297,4,19.505,0.369,""
1.357,35.608,48.452,-629.304,8.590,-101.587,4,20.653,0.412,""
1.377,35.604,49.162,-629.316,8.619,-100.877,4,21.682,0.449,""
1.397,35.600,49.871,-629.328,8.653,-100.168,4,22.537,0.504,""
1.417,35.595,50.580,-629.340,8.693,-99.459,4,23.238,0.504,""
1.437,35.591,51.289,-629.351,8.738,-98.750,4,23.768,0.549,""
1.457,35.586,51.997,-629.363,8.789,-98.042,4,24.126,0.540,""
1.477,35.560,52.703,-629.375,8.847,-97.336,4,24.350,0.577,""
1.497,35.542,53.408,-629.388,8.913,-96.632,4,24.283,1.131,"Takeoff - 40m x 6m, 6.2m rise:(0.00, 0.99, -0.11)"
1.517,35.538,54.112,-629.400,8.985,-95.927,4,24.596,1.304,"Takeoff - 40m x 6m, 6.2m rise:(0.00, 0.99, -0.12)"
1.537,35.532,54.816,-629.411,9.063,-95.223,4,24.867,1.075,"Takeoff - 40m x 6m, 6.2m rise:(0.00, 0.99, -0.12)"
1.557,35.525,55.519,-629.421,9.147,-94.520,4,24.698,0.861,"Takeoff - 40m x 6m, 6.2m rise:(0.00, 0.99, -0.13)"
1.577,35.516,56.222,-629.432,9.236,-93.817,4,24.264,0.747,"Takeoff - 40m x 6m, 6.2m rise:(0.00, 0.99, -0.13)"
1.597,35.505,56.925,-629.443,9.330,-93.115,4,23.432,0.633,"Takeoff - 40m x 6m, 6.2m rise:(0.00, 0.99, -0.14)"
1.617,35.493,57.626,-629.456,9.430,-92.414,4,22.522,0.554,"Takeoff - 40m x 6m, 6.2m rise:(0.00, 0.99, -0.15)"
1.637,35.483,58.327,-629.470,9.534,-91.713,4,21.522,0.521,"Takeoff - 40m x 6m, 6.2m rise:(0.00, 0.99, -0.15)"
1.657,35.474,59.027,-629.485,9.642,-91.013,4,20.606,0.464,"Takeoff - 40m x 6m, 6.2m rise:(0.00, 0.99, -0.16)"
1.677,35.464,59.727,-629.501,9.755,-90.314,4,19.802,0.472,"Takeoff - 40m x 6m, 6.2m rise:(0.00, 0.99, -0.16)"
1.697,35.450,60.425,-629.516,9.870,-89.615,4,19.111,0.465,"Takeoff - 40m x 6m, 6.2m rise:(0.00, 0.99, -0.17)"
1.717,35.433,61.123,-629.530,9.990,-88.918,4,18.575,0.467,"Takeoff - 40m x 6m, 6.2m rise:(0.00, 0.98, -0.17)"
1.737,35.415,61.820,-629.541,10.113,-88.221,4,18.148,0.496,"Takeoff - 40m x 6m, 6.2m rise:(0.00, 0.98, -0.18)"
1.757,35.400,62.515,-629.549,10.238,-87.525,4,17.847,0.481,"Takeoff - 40m x 6m, 6.2m rise:(0.00, 0.98, -0.18)"
1.777,35.389,63.210,-629.553,10.367,-86.830,4,17.653,0.514,"Takeoff - 40m x 6m, 6.2m rise:(0.00, 0.98, -0.19)"
1.797,35.381,63.904,-629.555,10.499,-86.136,4,17.533,0.510,"Takeoff - 40m x 6m, 6.2m rise:(0.00, 0.98, -0.20)"
1.817,35.372,64.597,-629.555,10.634,-85.443,4,17.514,0.529,"Takeoff - 40m x 6m, 6.2m rise:(0.00, 0.98, -0.20)"
1.837,35.356,65.290,-629.555,10.772,-84.751,4,17.536,0.556,"Takeoff - 40m x 6m, 6.2m rise:(0.00, 0.98, -0.20)"
1.857,35.331,65.981,-629.557,10.913,-84.060,4,17.607,0.536,"Takeoff - 40m x 6m, 6.2m rise:(0.00, 0.98, -0.21)"
1.877,35.299,66.671,-629.562,11.057,-83.369,4,17.717,0.563,""
1.897,35.263,67.360,-629.572,11.205,-82.680,4,17.826,0.576,""
1.917,35.232,68.048,-629.587,11.355,-81.992,4,17.963,0.566,""
1.937,35.209,68.735,-629.610,11.509,-81.306,4,18.086,0.589,""
1.957,35.198,69.420,-629.638,11.665,-80.621,4,18.196,0.576,""
1.977,35.192,70.104,-629.671,11.825,-79.937,4,18.312,0.584,"Takeoff - 40m x 6m, 6.2m rise:(0.00, 0.97, -0.24)"
1.997,35.186,70.787,-629.708,11.989,-79.255,4,18.396,0.599,"Takeoff - 40m x 6m, 6.2m rise:(0.00, 0.97, -0.24)"
2.017,35.175,71.468,-629.746,12.156,-78.574,4,18.475,0.567,"Takeoff - 40m x 6m, 6.2m rise:(0.00, 0.97, -0.25)"
2.037,35.154,72.149,-629.784,12.326,-77.895,4,18.538,0.582,"Takeoff - 40m x 6m, 6.2m rise:(0.00, 0.97, -0.25)"
2.057,35.122,72.828,-629.820,12.499,-77.216,4,18.563,0.585,"Takeoff - 40m x 6m, 6.2m rise:(0.00, 0.97, -0.26)"
2.077,35.078,73.506,-629.851,12.676,-76.538,4,18.591,0.566,"Takeoff - 40m x 6m, 6.2m rise:(0.00, 0.96, -0.26)"
2.097,35.029,74.183,-629.876,12.857,-75.862,4,18.586,0.583,"Takeoff - 40m x 6m, 6.2m rise:(0.00, 0.96, -0.27)"
2.117,34.983,74.858,-629.894,13.041,-75.187,4,18.549,0.578,"Takeoff - 40m x 6m, 6.2m rise:(0.00, 0.96, -0.27)"
2.137,34.948,75.532,-629.904,13.228,-74.513,4,18.513,0.574,"Takeoff - 40m x 6m, 6.2m rise:(0.00, 0.96, -0.28)"
2.157,34.928,76.204,-629.906,13.418,-73.841,4,18.447,0.590,"Takeoff - 40m x 6m, 6.2m rise:(0.00, 0.96, -0.28)"
2.177,34.921,76.874,-629.900,13.612,-73.170,4,18.366,0.581,""
2.197,34.920,77.543,-629.888,13.809,-72.501,4,18.292,0.571,""
2.217,34.917,78.210,-629.873,14.009,-71.834,4,18.201,0.581,""
2.237,34.908,78.876,-629.855,14.212,-71.167,4,18.106,0.545,""
2.257,34.887,79.542,-629.838,14.417,-70.501,4,15.637,2.513,""
2.277,34.848,80.209,-629.822,14.623,-69.834,4,8.122,2.311,""
2.297,34.792,80.878,-629.811,14.827,-69.165,2,6.437,0.924,""
2.317,34.724,81.547,-629.806,15.030,-68.496,2,5.025,1.606,""
2.337,34.659,82.216,-629.809,15.229,-67.826,2,0.000,2.074,""
2.357,34.521,82.886,-629.812,15.423,-67.156,1,0.000,0.305,""
2.377,34.369,83.555,-629.816,15.614,-66.487,0,0.000,0.289,""
2.397,34.203,84.224,-629.819,15.801,-65.818,0,0.000,0.273,""
2.417,34.024,84.893,-629.822,15.983,-65.149,0,0.000,0.258,""
2.437,33.831,85.562,-629.826,16.162,-64.480,0,0.000,0.244,""
2.457,33.626,86.230,-629.829,16.336,-63.812,0,0.000,0.231,""
2.477,33.408,86.898,-629.833,16.507,-63.144,0,0.000,0.218,""
2.497,33.178,87.566,-629.836,16.674,-62.476,0,0.000,0.207,""
2.517,32.936,88.234,-629.839,16.836,-61.809,0,0.000,0.197,""
2.537,32.683,88.901,-629.843,16.995,-61.141,0,0.000,0.189,""
2.557,32.418,89.568,-629.847,17.149,-60.474,0,0.000,0.182,""
2.577,32.143,90.235,-629.850,17.300,-59.807,0,0.000,0.177,""
2.597,31.858,90.901,-629.854,17.447,-59.141,0,0.000,0.173,""
2.617,31.562,91.567,-629.857,17.589,-58.475,0,0.000,0.172,""
2.637,31.257,92.233,-629.861,17.728,-57.809,0,0.000,0.171,""
2.657,30.943,92.899,-629.865,17.862,-57.143,0,0.000,0.173,""
2.677,30.619,93.564,-629.869,17.993,-56.478,0,0.000,0.176,""
2.697,30.287,94.229,-629.872,18.119,-55.813,0,0.000,0.180,""
2.717,29.946,94.894,-629.876,18.242,-55.148,0,0.000,0.185,""
2.737,29.597,95.558,-629.880,18.360,-54.484,0,0.000,0.191,""
2.757,29.241,96.222,-629.884,18.475,-53.820,0,0.000,0.198,""
2.777,28.877,96.886,-629.887,18.585,-53.156,0,0.000,0.205,""
2.797,28.506,97.549,-629.891,18.692,-52.492,0,0.000,0.213,""
2.817,28.128,98.213,-629.895,18.795,-51.829,0,0.000,0.221,""
2.837,27.743,98.876,-629.899,18.893,-51.166,0,0.000,0.230,""
2.857,27.352,99.538,-629.903,18.988,-50.503,0,0.000,0.238,""
2.877,26.956,100.200,-629.907,19.078,-49.841,0,0.000,0.247,""
2.897,26.553,100.862,-629.911,19.165,-49.179,0,0.000,0.255,""
2.917,26.145,101.524,-629.915,19.248,-48.517,0,0.000,0.264,""
2.937,25.732,102.185,-629.919,19.326,-47.856,0,0.000,0.272,""
2.957,25.314,102.846,-629.923,19.401,-47.195,0,0.000,0.280,""
2.977,24.892,103.507,-629.927,19.472,-46.534,0,0.000,0.288,""
2.997,24.465,104.168,-629.931,19.539,-45.874,0,0.000,0.295,""
3.017,24.033,104.828,-629.935,19.602,-45.214,0,0.000,0.303,""
3.037,23.598,105.487,-629.939,19.661,-44.554,0,0.000,0.310,""
3.057,23.159,106.147,-629.943,19.715,-43.895,0,0.000,0.316,""
3.077,22.717,106.806,-629.947,19.766,-43.235,0,0.000,0.323,""
3.097,22.271,107.465,-629.951,19.814,-42.577,0,0.000,0.329,""
3.117,21.822,108.123,-629.954,19.857,-41.918,0,0.000,0.335,""
3.137,21.370,108.781,-629.958,19.896,-41.260,0,0.000,0.340,""
3.157,20.916,109.439,-629.962,19.931,-40.602,0,0.000,0.345,""
3.177,20.458,110.097,-629.966,19.962,-39.945,0,0.000,0.350,""
3.197,19.999,110.754,-629.970,19.989,-39.287,0,0.000,0.354,""
3.217,19.537,111.411,-629.974,20.013,-38.631,0,0.000,0.358,""
3.237,19.073,112.067,-629.978,20.032,-37.974,0,0.000,0.362,""
3.257,18.608,112.723,-629.982,20.048,-37.318,0,0.000,0.365,""
3.277,18.140,113.379,-629.985,20.059,-36.662,0,0.000,0.368,""
3.297,17.671,114.035,-629.989,20.067,-36.006,0,0.000,0.370,""
3.317,17.200,114.690,-629.993,20.071,-35.351,0,0.000,0.372,""
3.337,16.728,115.345,-629.997,20.070,-34.696,0,0.000,0.374,""
3.357,16.255,116.000,-630.001,20.066,-34.041,0,0.000,0.376,""
3.377,15.781,116.654,-630.004,20.058,-33.387,0,0.000,0.377,""
3.397,15.306,117.308,-630.008,20.046,-32.733,0,0.000,0.377,""
3.417,14.829,117.962,-630.012,20.030,-32.079,0,0.000,0.378,""
3.437,14.352,118.615,-630.015,20.011,-31.426,0,0.000,0.378,""
3.457,13.875,119.268,-630.019,19.987,-30.773,0,0.000,0.378,""
3.477,13.396,119.921,-630.023,19.959,-30.120,0,0.000,0.377,""
3.497,12.917,120.573,-630.026,19.928,-29.468,0,0.000,0.376,""
3.517,12.438,121.225,-630.030,19.892,-28.816,0,0.000,0.375,""
3.537,11.959,121.877,-630.033,19.853,-28.164,0,0.000,0.373,""
3.557,11.479,122.528,-630.037,19.810,-27.512,0,0.000,0.372,""
3.577,10.999,123.180,-630.040,19.763,-26.861,0,0.000,0.369,""
3.597,10.519,123.830,-630.044,19.712,-26.210,0,0.000,0.367,""
3.617,10.038,124.481,-630.047,19.657,-25.560,0,0.000,0.364,""
3.637,9.558,125.131,-630.051,19.598,-24.909,0,0.000,0.361,""
3.657,9.078,125.781,-630.054,19.535,-24.260,0,0.000,0.358,""
3.677,8.599,126.431,-630.057,19.469,-23.610,0,0.000,0.355,""
3.697,8.119,127.080,-630.061,19.398,-22.961,0,0.000,0.351,""
3.717,7.640,127.729,-630.064,19.324,-22.311,0,0.000,0.347,""
3.737,7.161,128.378,-630.067,19.246,-21.663,0,0.000,0.343,""
3.757,6.683,129.026,-630.070,19.164,-21.014,0,0.000,0.338,""
3.777,6.205,129.674,-630.074,19.078,-20.366,0,0.000,0.334,""
3.797,5.727,130.322,-630.077,18.988,-19.718,0,0.000,0.329,""
3.817,5.251,130.970,-630.080,18.894,-19.071,0,0.000,0.324,""
3.837,4.775,131.617,-630.083,18.796,-18.423,0,0.000,0.318,""
3.857,4.299,132.264,-630.086,18.695,-17.776,0,0.000,0.313,""
3.877,3.825,132.910,-630.089,18.589,-17.130,0,0.000,0.307,""
3.897,3.351,133.557,-630.092,18.480,-16.483,0,0.000,0.301,""
3.917,2.879,134.203,-630.095,18.367,-15.837,0,0.000,0.295,""
3.937,2.407,134.849,-630.098,18.250,-15.191,0,0.000,0.289,""
3.957,1.937,135.494,-630.101,18.129,-14.546,0,0.000,0.283,""
3.977,1.467,136.139,-630.104,18.004,-13.901,0,0.000,0.277,""
3.997,0.999,136.784,-630.106,17.876,-13.256,0,0.000,0.270,""
4.017,0.532,137.429,-630.109,17.743,-12.611,0,0.000,0.264,""
4.037,0.066,138.074,-630.112,17.607,-11.966,0,0.000,0.257,""
4.057,-0.398,138.718,-630.115,17.467,-11.322,0,0.000,0.250,""
4.077,-0.861,139.361,-630.117,17.322,-10.678,0,0.000,0.243,""
4.097,-1.322,140.005,-630.120,17.175,-10.035,0,0.000,0.236,""
4.117,-1.782,140.648,-630.123,17.023,-9.391,0,0.000,0.229,""
4.137,-2.240,141.291,-630.125,16.867,-8.748,0,0.000,0.222,""
4.157,-2.697,141.934,-630.128,16.708,-8.105,0,0.000,0.214,""
4.177,-3.151,142.577,-630.130,16.544,-7.463,0,0.000,0.207,""
4.197,-3.604,143.219,-630.133,16.377,-6.821,0,0.000,0.200,""
4.217,-4.055,143.861,-630.135,16.206,-6.179,0,0.000,0.192,""
4.237,-4.504,144.502,-630.138,16.031,-5.537,0,0.000,0.185,""
4.257,-4.951,145.144,-630.140,15.852,-4.895,0,0.000,0.178,""
4.277,-5.395,145.785,-630.142,15.669,-4.254,0,0.000,0.170,""
4.297,-5.838,146.426,-630.145,15.483,-3.613,0,0.000,0.163,""
4.317,-6.278,147.067,-630.147,15.293,-2.973,0,0.000,0.155,""
4.337,-6.716,147.707,-630.149,15.098,-2.332,0,0.000,0.148,""
4.357,-7.151,148.347,-630.152,14.900,-1.692,0,0.000,0.140,""
4.377,-7.584,148.987,-630.154,14.698,-1.052,0,0.000,0.133,""
4.397,-8.014,149.627,-630.156,14.493,-0.412,0,0.000,0.125,""
4.417,-8.441,150.266,-630.159,14.283,0.227,0,0.000,0.118,""
4.437,-8.866,150.905,-630.161,14.070,0.866,0,0.000,0.111,""
4.457,-9.288,151.544,-630.163,13.853,1.505,0,0.000,0.103,""
4.477,-9.707,152.182,-630.165,13.631,2.144,0,0.000,0.096,""
4.497,-10.123,152.821,-630.167,13.407,2.782,0,0.000,0.089,""
4.517,-10.536,153.459,-630.169,13.178,3.420,0,0.000,0.082,""
4.537,-10.946,154.097,-630.172,12.945,4.058,0,0.000,0.075,""
4.557,-11.353,154.734,-630.174,12.709,4.696,0,0.000,0.068,""
4.577,-11.756,155.372,-630.176,12.469,5.333,0,0.000,0.061,""
4.597,-12.156,156.009,-630.178,12.225,5.970,0,0.000,0.054,""
4.617,-12.553,156.646,-630.180,11.977,6.607,0,0.000,0.047,""
4.637,-12.946,157.282,-630.182,11.725,7.244,0,0.000,0.041,""
4.657,-13.336,157.919,-630.184,11.469,7.880,0,0.000,0.035,""
4.677,-13.722,158.555,-630.186,11.210,8.516,0,0.000,0.029,""
4.697,-14.104,159.191,-630.189,10.947,9.152,0,0.000,0.023,""
4.717,-14.483,159.826,-630.191,10.680,9.788,0,0.000,0.018,""
4.737,-14.857,160.462,-630.193,10.409,10.423,0,0.000,0.015,""
4.757,-15.228,161.097,-630.195,10.134,11.059,0,0.000,0.013,""
4.777,-15.595,161.732,-630.197,9.856,11.694,0,0.000,0.015,""
4.797,-15.958,162.366,-630.199,9.573,12.328,0,0.000,0.018,""
4.817,-16.317,163.001,-630.201,9.287,12.963,0,0.000,0.022,""
4.837,-16.672,163.635,-630.203,8.997,13.597,0,0.000,0.027,""
4.857,-16.611,164.255,-630.208,8.722,14.218,4,45.000,0.189,""
