time,name,streetDistance,routeIsStreet,recoveries,x,y,z
3.00,Traffic 1,2.662,True,0,533.60,58.38,-182.65
3.00,Traffic 2,2.679,True,0,-1.11,34.60,-497.87
3.00,Traffic 3,2.680,True,0,-624.53,8.68,-47.06
3.00,Traffic 4,2.150,True,0,-20.41,8.52,530.88
4.00,Traffic 1,2.680,True,0,536.30,54.59,-189.35
4.00,Traffic 2,2.702,True,0,-1.09,33.92,-491.10
4.00,Traffic 3,2.797,True,0,-624.52,8.70,-40.63
4.00,Traffic 4,2.147,True,0,-26.85,8.52,530.88
5.00,Traffic 1,2.648,True,0,541.30,47.28,-202.28
5.00,Traffic 2,2.739,True,0,-1.23,32.49,-475.58
5.00,Traffic 3,3.249,True,0,-624.32,8.76,-25.08
5.00,Traffic 4,2.136,True,0,-44.17,8.54,530.95
6.00,Traffic 1,2.628,True,0,545.94,40.72,-215.59
6.00,Traffic 2,2.679,True,0,-1.16,31.62,-459.71
6.00,Traffic 3,3.338,True,0,-624.52,8.83,-8.72
6.00,Traffic 4,2.146,True,0,-69.18,8.59,531.10
7.00,Traffic 1,2.597,True,0,550.21,35.73,-229.62
7.00,Traffic 2,2.543,True,0,-0.40,31.87,-445.45
7.00,Traffic 3,3.279,True,0,-624.88,8.90,7.62
7.00,Traffic 4,2.168,True,0,-97.58,8.68,531.17
8.00,Traffic 1,2.633,True,0,554.04,32.11,-244.19
8.00,Traffic 2,2.626,True,0,0.77,33.31,-431.02
8.00,Traffic 3,3.257,True,0,-625.21,8.97,23.97
8.00,Traffic 4,2.153,True,0,-126.23,8.85,531.14
9.00,Traffic 1,2.595,True,0,556.98,29.94,-258.90
9.00,Traffic 2,2.687,True,0,2.13,35.61,-415.53
9.00,Traffic 3,3.262,True,0,-625.50,9.04,40.30
9.00,Traffic 4,2.145,True,0,-154.88,9.06,531.16
10.00,Traffic 1,2.500,True,0,558.54,28.61,-274.25
10.00,Traffic 2,2.667,True,0,3.76,38.06,-400.11
10.00,Traffic 3,3.266,True,0,-625.80,9.10,56.64
10.00,Traffic 4,2.145,True,0,-183.52,9.26,531.24
11.00,Traffic 1,2.512,True,0,558.37,27.31,-289.68
11.00,Traffic 2,2.637,True,0,6.00,40.03,-384.66
11.00,Traffic 3,3.263,True,0,-626.11,9.17,72.99
11.00,Traffic 4,2.144,True,0,-212.17,9.45,531.41
12.00,Traffic 1,2.412,True,0,556.27,26.20,-305.00
12.00,Traffic 2,2.573,True,0,9.15,40.73,-369.09
12.00,Traffic 3,2.897,True,0,-626.78,9.24,89.33
12.00,Traffic 4,2.141,True,0,-240.86,9.58,531.69
13.00,Traffic 1,2.471,True,0,552.72,25.53,-320.05
13.00,Traffic 2,2.614,True,0,13.01,39.87,-353.64
13.00,Traffic 3,2.632,True,0,-627.35,9.31,105.67
13.00,Traffic 4,2.139,True,0,-269.51,9.65,532.13
14.00,Traffic 1,2.607,True,0,548.72,25.23,-335.05
14.00,Traffic 2,2.632,True,0,17.46,38.22,-338.38
14.00,Traffic 3,2.641,True,0,-627.62,9.37,122.06
14.00,Traffic 4,2.131,True,0,-298.26,9.62,532.78
15.00,Traffic 1,2.701,True,0,545.13,25.31,-350.17
15.00,Traffic 2,2.597,True,0,22.83,36.44,-323.44
15.00,Traffic 3,2.680,True,0,-627.85,9.43,138.46
15.00,Traffic 4,2.134,True,0,-327.03,9.51,533.65
16.02,Traffic 1,2.786,True,0,542.55,25.76,-365.51
16.02,Traffic 2,2.503,True,0,29.97,35.54,-309.25
16.02,Traffic 3,2.684,True,0,-628.11,9.49,154.85
16.02,Traffic 4,2.142,True,0,-355.78,9.35,534.64
17.02,Traffic 1,2.830,True,0,541.15,26.96,-381.00
17.02,Traffic 2,2.299,True,0,39.87,37.84,-297.12
17.02,Traffic 3,2.679,True,0,-628.35,9.55,171.35
17.02,Traffic 4,2.146,True,0,-384.74,9.17,535.72
18.02,Traffic 1,2.766,True,0,540.46,28.69,-396.29
18.02,Traffic 2,2.129,True,0,52.34,42.37,-289.25
18.02,Traffic 3,2.677,True,0,-628.57,9.60,187.73
18.02,Traffic 4,2.149,True,0,-413.48,8.98,536.81
19.02,Traffic 1,2.706,True,0,539.93,30.58,-411.52
19.02,Traffic 2,2.151,True,0,67.35,44.73,-285.81
19.02,Traffic 3,2.677,True,0,-628.75,9.64,204.09
19.02,Traffic 4,2.153,True,0,-442.17,8.79,537.86
20.02,Traffic 1,2.675,True,0,539.18,32.31,-426.79
20.02,Traffic 2,2.222,True,0,83.27,43.44,-286.05
20.02,Traffic 3,2.676,True,0,-628.93,9.67,220.47
20.02,Traffic 4,2.170,True,0,-470.91,8.65,538.81
21.04,Traffic 1,2.647,True,0,537.78,33.49,-442.12
21.04,Traffic 2,2.389,True,0,98.82,40.97,-288.62
21.04,Traffic 3,2.686,True,0,-629.15,9.70,236.83
21.04,Traffic 4,2.106,True,0,-499.60,8.59,539.97
22.04,Traffic 1,2.535,True,0,535.23,33.48,-457.47
22.04,Traffic 2,2.554,True,0,114.20,38.73,-292.28
22.04,Traffic 3,2.686,True,0,-629.42,9.73,253.22
22.04,Traffic 4,2.138,True,0,-528.28,8.73,541.78
23.04,Traffic 1,2.560,True,0,531.59,32.03,-472.61
23.04,Traffic 2,2.615,True,0,129.61,37.60,-296.46
23.04,Traffic 3,2.683,True,0,-629.71,9.75,269.68
23.04,Traffic 4,2.204,True,0,-556.29,8.74,543.38
24.04,Traffic 1,2.595,True,0,527.16,29.68,-487.31
24.04,Traffic 2,2.649,True,0,144.50,38.51,-300.84
24.04,Traffic 3,2.681,True,0,-630.00,9.76,286.04
24.04,Traffic 4,2.227,True,0,-577.70,8.74,543.15
25.04,Traffic 1,2.580,True,0,521.77,26.94,-501.71
25.04,Traffic 2,2.641,True,0,158.10,40.70,-305.26
25.04,Traffic 3,2.678,True,0,-630.27,9.77,302.49
25.04,Traffic 4,2.250,True,0,-591.20,8.74,541.07
26.06,Traffic 1,2.534,True,0,515.43,24.73,-514.80
26.06,Traffic 2,2.620,True,0,172.56,43.47,-310.61
26.06,Traffic 3,2.675,True,0,-630.48,9.77,318.84
26.06,Traffic 4,2.101,True,0,-600.35,8.74,537.38
27.06,Traffic 1,2.496,True,0,507.56,23.68,-527.00
27.06,Traffic 2,2.611,True,0,186.84,45.75,-316.74
27.06,Traffic 3,2.672,True,0,-630.60,9.77,335.19
27.06,Traffic 4,2.284,True,0,-607.09,8.72,530.26
28.06,Traffic 1,2.598,True,0,498.80,23.38,-536.84
28.06,Traffic 2,2.614,True,0,201.00,46.71,-323.81
28.06,Traffic 3,2.667,True,0,-630.59,9.76,351.54
28.06,Traffic 4,4.222,True,0,-611.00,8.58,515.33
29.06,Traffic 1,2.611,True,0,490.66,23.16,-541.91
29.06,Traffic 2,2.541,True,0,214.80,45.76,-332.03
29.06,Traffic 3,2.662,True,0,-630.37,9.73,368.03
29.06,Traffic 4,2.794,True,0,-612.85,8.67,498.51
30.06,Traffic 1,1.337,True,0,481.28,24.05,-541.66
30.06,Traffic 2,2.535,True,0,227.79,43.69,-341.05
30.06,Traffic 3,2.655,True,0,-629.87,9.70,384.37
30.06,Traffic 4,2.183,True,0,-617.40,8.86,482.36
31.08,Traffic 1,0.650,True,0,471.56,25.79,-531.20
31.08,Traffic 2,2.611,True,0,240.52,41.14,-350.58
31.08,Traffic 3,2.646,True,0,-628.96,9.65,400.84
31.08,Traffic 4,2.602,True,0,-622.79,9.09,466.28
32.56,Traffic 1,2.570,True,0,462.90,28.48,-510.29
32.56,Traffic 2,2.673,True,0,259.23,37.42,-364.62
32.56,Traffic 3,2.605,True,0,-626.44,9.53,425.00
32.56,Traffic 4,2.819,True,0,-628.87,9.39,442.09
33.56,Traffic 1,2.906,True,0,455.56,30.22,-496.81
33.56,Traffic 2,2.699,True,0,272.31,35.73,-373.65
33.56,Traffic 3,2.588,True,0,-623.69,9.38,441.21
33.56,Traffic 4,2.786,True,0,-631.66,9.53,425.44
34.56,Traffic 1,2.887,True,0,447.08,31.99,-484.10
34.56,Traffic 2,2.780,True,0,285.93,36.17,-381.82
34.56,Traffic 3,2.580,True,0,-620.06,9.20,457.18
34.56,Traffic 4,2.766,True,0,-633.58,9.63,408.74
35.58,Traffic 1,2.674,True,0,438.39,33.99,-471.38
35.58,Traffic 2,2.720,True,0,299.78,39.25,-388.93
35.58,Traffic 3,2.577,True,0,-615.53,8.97,473.10
35.58,Traffic 4,2.763,True,0,-634.78,9.68,391.80
36.58,Traffic 1,2.648,True,0,429.92,35.90,-458.74
36.58,Traffic 2,2.807,True,0,314.02,42.46,-394.40
36.58,Traffic 3,2.590,True,0,-610.52,8.76,488.66
36.58,Traffic 4,2.737,True,0,-635.43,9.72,375.04
37.58,Traffic 1,2.686,True,0,421.30,37.54,-446.12
37.58,Traffic 2,2.828,True,0,329.59,41.77,-397.42
37.58,Traffic 3,2.556,True,0,-605.87,8.62,504.32
37.58,Traffic 4,2.715,True,0,-635.75,9.75,358.27
38.58,Traffic 1,2.714,True,0,412.22,38.59,-433.61
38.58,Traffic 2,3.271,True,0,345.03,37.49,-396.85
38.58,Traffic 3,2.957,True,0,-603.78,8.57,517.61
38.58,Traffic 4,2.704,True,0,-635.83,9.77,341.45
39.58,Traffic 1,2.781,True,0,402.66,38.07,-421.38
39.58,Traffic 2,2.960,True,0,359.71,32.56,-395.53
39.58,Traffic 3,3.266,True,0,-602.44,8.61,527.37
39.58,Traffic 4,2.698,True,0,-635.75,9.77,324.67
40.58,Traffic 1,2.661,True,0,392.96,35.15,-409.58
40.58,Traffic 2,1.880,True,0,374.11,30.57,-398.70
40.58,Traffic 3,1.090,True,0,-595.89,8.74,536.48
40.58,Traffic 4,2.692,True,0,-635.56,9.77,307.90
41.58,Traffic 1,2.690,True,0,382.26,31.63,-398.96
41.58,Traffic 2,1.606,True,0,386.14,33.70,-408.11
41.58,Traffic 3,0.789,True,0,-577.37,8.74,540.82
41.58,Traffic 4,2.688,True,0,-635.30,9.77,291.13
42.60,Traffic 1,2.726,True,0,369.42,30.70,-391.56
42.60,Traffic 2,2.281,True,0,395.58,37.25,-420.23
42.60,Traffic 3,2.046,True,0,-551.20,8.74,539.24
42.60,Traffic 4,2.684,True,0,-635.00,9.75,274.13
43.60,Traffic 1,3.370,True,0,354.92,33.97,-389.37
43.60,Traffic 2,2.738,True,0,404.98,38.72,-432.91
43.60,Traffic 3,2.249,True,0,-523.25,8.74,537.36
43.60,Traffic 4,2.681,True,0,-634.70,9.73,257.27
44.62,Traffic 1,3.288,True,0,340.67,38.65,-390.89
44.62,Traffic 2,2.715,True,0,414.60,37.92,-445.71
44.62,Traffic 3,2.146,True,0,-495.19,8.59,535.67
44.62,Traffic 4,2.679,True,0,-634.41,9.71,240.42
45.62,Traffic 1,2.758,True,0,326.04,42.43,-391.76
45.62,Traffic 2,2.606,True,0,423.79,36.31,-458.76
45.62,Traffic 3,2.233,True,0,-467.08,8.67,534.49
45.62,Traffic 4,2.676,True,0,-634.16,9.68,223.55
46.62,Traffic 1,2.100,True,0,310.94,41.72,-388.49
46.62,Traffic 2,2.629,True,0,432.59,34.35,-471.94
46.62,Traffic 3,2.152,True,0,-439.08,8.81,533.65
46.62,Traffic 4,2.671,True,0,-633.97,9.64,206.74
47.70,Traffic 1,2.281,True,0,296.20,37.76,-381.79
47.70,Traffic 2,2.667,True,0,441.92,32.15,-486.10
47.70,Traffic 3,2.132,True,0,-409.11,9.01,532.56
47.70,Traffic 4,2.679,True,0,-633.78,9.60,188.74
48.70,Traffic 1,2.500,True,0,282.90,35.63,-374.11
48.70,Traffic 2,2.760,True,0,450.65,30.27,-499.36
48.70,Traffic 3,2.151,True,0,-381.08,9.19,531.48
48.70,Traffic 4,2.684,True,0,-633.56,9.55,171.91
49.70,Traffic 1,2.630,True,0,269.89,36.24,-365.84
49.70,Traffic 2,2.551,True,0,458.73,28.43,-512.98
49.70,Traffic 3,2.155,True,0,-353.15,9.37,530.45
49.70,Traffic 4,2.683,True,0,-633.32,9.49,155.14
50.70,Traffic 1,2.563,True,0,257.41,38.30,-356.98
50.70,Traffic 2,2.525,True,0,466.25,26.54,-526.99
50.70,Traffic 3,2.157,True,0,-325.04,9.52,529.49
50.70,Traffic 4,2.682,True,0,-633.05,9.43,138.26
51.72,Traffic 1,2.615,True,0,245.35,40.76,-347.88
51.72,Traffic 2,2.525,True,0,472.75,25.07,-537.58
51.72,Traffic 3,2.161,True,0,-297.04,9.62,528.66
51.72,Traffic 4,2.681,True,0,-632.77,9.37,121.46
52.72,Traffic 1,2.677,True,0,233.17,43.23,-338.73
52.72,Traffic 2,2.179,True,0,479.41,24.04,-544.32
52.72,Traffic 3,2.170,True,0,-268.79,9.65,528.01
52.72,Traffic 4,2.681,True,0,-632.48,9.30,104.52
53.72,Traffic 1,2.708,True,0,220.80,45.32,-329.94
53.72,Traffic 2,2.297,True,0,488.17,23.34,-547.20
53.72,Traffic 3,2.168,True,0,-240.82,9.58,527.59
53.72,Traffic 4,2.681,True,0,-632.18,9.24,87.75
54.72,Traffic 1,2.736,True,0,207.84,46.59,-321.70
54.72,Traffic 2,3.810,True,0,500.34,23.34,-543.56
54.72,Traffic 3,2.161,True,0,-212.83,9.45,527.31
54.72,Traffic 4,2.681,True,0,-631.87,9.17,70.97
55.72,Traffic 1,2.831,True,0,194.14,46.29,-314.38
55.72,Traffic 2,3.909,True,0,511.39,23.53,-532.30
55.72,Traffic 3,2.159,True,0,-184.82,9.27,527.14
55.72,Traffic 4,1.006,True,0,-628.20,9.10,54.78
56.72,Traffic 1,2.802,True,0,180.08,44.46,-308.02
56.72,Traffic 2,3.054,True,0,519.48,24.62,-518.68
56.72,Traffic 3,2.157,True,0,-156.81,9.07,527.06
56.72,Traffic 4,6.093,True,0,-622.62,9.03,38.98
57.72,Traffic 1,2.772,True,0,165.83,41.85,-302.44
57.72,Traffic 2,2.777,True,0,526.20,26.76,-504.60
57.72,Traffic 3,2.155,True,0,-128.84,8.87,527.04
57.72,Traffic 4,6.991,True,0,-621.40,8.94,22.28
58.72,Traffic 1,2.753,True,0,151.35,39.26,-297.48
58.72,Traffic 2,2.810,True,0,531.73,29.46,-490.17
58.72,Traffic 3,2.152,True,0,-100.83,8.70,527.04
58.72,Traffic 4,6.389,True,0,-621.70,8.87,5.50
59.72,Traffic 1,2.734,True,0,136.61,37.68,-293.03
59.72,Traffic 2,2.798,True,0,536.24,31.84,-475.31
59.72,Traffic 3,2.146,True,0,-72.82,8.60,527.02
59.72,Traffic 4,6.172,True,0,-621.61,8.81,-11.28
60.72,Traffic 1,2.708,True,0,121.73,38.08,-288.94
60.72,Traffic 2,2.773,True,0,539.93,33.39,-460.03
60.72,Traffic 3,2.135,True,0,-44.86,8.54,526.88
60.72,Traffic 4,6.223,True,0,-621.26,8.74,-28.04
61.74,Traffic 1,2.698,True,0,106.90,39.87,-285.30
61.74,Traffic 2,2.753,True,0,542.76,33.57,-444.36
61.74,Traffic 3,2.154,True,0,-16.90,8.52,526.78
61.74,Traffic 4,6.259,True,0,-620.94,8.68,-44.80
62.74,Traffic 1,2.721,True,0,92.06,42.19,-282.40
62.74,Traffic 2,2.838,True,0,544.42,32.45,-428.55
62.74,Traffic 3,2.190,True,0,11.07,8.57,527.20
62.74,Traffic 4,6.256,True,0,-620.67,8.61,-61.57
63.74,Traffic 1,2.739,True,0,76.83,44.23,-280.83
63.74,Traffic 2,2.794,True,0,545.23,30.69,-412.59
63.74,Traffic 3,2.187,True,0,37.80,8.73,529.27
63.74,Traffic 4,6.253,True,0,-620.41,8.55,-78.49
64.74,Traffic 1,2.901,True,0,61.41,44.41,-281.81
64.74,Traffic 2,2.718,True,0,545.77,28.73,-396.79
64.74,Traffic 3,2.875,True,0,62.11,9.33,535.41
64.74,Traffic 4,6.255,True,0,-620.16,8.49,-95.25
65.74,Traffic 1,2.980,True,0,46.87,41.34,-286.28
65.74,Traffic 2,2.667,True,0,546.51,26.93,-380.99
65.74,Traffic 3,1.708,True,0,87.35,9.71,541.67
65.74,Traffic 4,6.257,True,0,-619.91,8.43,-112.01
66.74,Traffic 1,3.147,True,0,34.58,37.33,-294.79
66.74,Traffic 2,2.627,True,0,547.89,25.70,-365.18
66.74,Traffic 3,1.762,True,0,115.11,9.78,543.69
66.74,Traffic 4,6.257,True,0,-619.67,8.37,-128.79
67.74,Traffic 1,3.123,True,0,25.04,35.52,-306.72
67.74,Traffic 2,2.526,True,0,550.44,25.28,-349.49
67.74,Traffic 3,2.200,True,0,143.04,9.74,544.93
67.74,Traffic 4,6.255,True,0,-619.44,8.32,-145.56
68.74,Traffic 1,3.049,True,0,18.10,36.35,-320.49
68.74,Traffic 2,2.519,True,0,554.11,25.25,-334.01
68.74,Traffic 3,2.269,True,0,170.89,9.62,547.38
68.74,Traffic 4,6.253,True,0,-619.21,8.26,-162.32
69.74,Traffic 1,2.896,True,0,12.94,38.00,-334.90
69.74,Traffic 2,2.607,True,0,558.16,25.62,-318.58
69.74,Traffic 3,2.265,True,0,198.64,9.33,551.16
69.74,Traffic 4,6.250,True,0,-618.97,8.20,-179.10
70.74,Traffic 1,2.781,True,0,8.68,39.62,-349.59
70.74,Traffic 2,2.692,True,0,561.68,26.37,-303.07
70.74,Traffic 3,2.212,True,0,226.06,9.09,555.34
70.74,Traffic 4,6.248,True,0,-618.74,8.14,-195.87
71.76,Traffic 1,2.744,True,0,4.89,40.64,-364.73
71.76,Traffic 2,2.808,True,0,563.69,27.55,-287.18
71.76,Traffic 3,2.248,True,0,250.15,8.78,558.40
71.76,Traffic 4,5.556,True,0,-619.19,8.09,-212.81
72.76,Traffic 1,2.715,True,0,1.60,40.36,-379.96
72.76,Traffic 2,2.900,True,0,563.64,28.82,-271.34
72.76,Traffic 3,2.400,True,0,269.15,8.70,559.53
72.76,Traffic 4,0.830,True,0,-624.99,8.04,-228.61
73.76,Traffic 1,2.779,True,0,-0.93,38.68,-395.20
73.76,Traffic 2,2.854,True,0,561.83,30.21,-255.66
73.76,Traffic 3,2.574,True,0,285.71,8.70,559.26
73.76,Traffic 4,3.411,True,0,-627.56,7.98,-245.17
74.76,Traffic 1,2.778,True,0,-2.71,36.35,-410.45
74.76,Traffic 2,2.843,True,0,558.62,32.61,-240.46
74.76,Traffic 3,2.536,True,0,298.94,8.73,558.01
74.76,Traffic 4,3.066,True,0,-626.94,7.92,-261.93
75.76,Traffic 1,2.736,True,0,-4.03,33.99,-425.72
75.76,Traffic 2,2.787,True,0,554.59,36.41,-225.92
75.76,Traffic 3,2.530,True,0,307.18,8.70,557.05
75.76,Traffic 4,2.631,True,0,-626.20,7.85,-278.68
76.76,Traffic 1,2.700,True,0,-5.18,32.18,-441.07
76.76,Traffic 2,2.695,True,0,550.25,41.52,-212.08
76.76,Traffic 3,3.029,True,0,314.80,8.70,554.82
76.76,Traffic 4,2.621,True,0,-625.88,7.79,-295.45
77.76,Traffic 1,2.628,True,0,-6.20,31.56,-456.50
77.76,Traffic 2,2.731,True,0,545.69,48.01,-199.09
77.76,Traffic 3,0.775,True,0,320.38,9.51,544.68
77.76,Traffic 4,2.681,True,0,-625.60,7.72,-312.23
78.76,Traffic 1,2.764,True,0,-6.61,32.22,-471.96
78.76,Traffic 2,2.731,True,0,540.86,55.03,-186.62
78.76,Traffic 3,1.293,True,0,319.06,12.51,529.63
78.76,Traffic 4,2.693,True,0,-625.24,7.65,-328.99
79.76,Traffic 1,2.773,True,0,-6.45,33.54,-487.33
79.76,Traffic 2,2.710,True,0,535.82,62.18,-174.32
79.76,Traffic 3,2.781,True,0,317.00,15.72,514.08
79.76,Traffic 4,2.683,True,0,-624.85,7.58,-345.75
80.76,Traffic 1,2.701,True,0,-6.40,35.08,-502.63
80.76,Traffic 2,2.701,True,0,530.59,69.13,-161.98
80.76,Traffic 3,2.887,True,0,316.38,19.19,498.48
80.76,Traffic 4,2.675,True,0,-624.50,7.50,-362.51
81.76,Traffic 1,2.637,True,0,-7.32,36.39,-517.96
81.76,Traffic 2,2.699,True,0,525.16,75.58,-149.36
81.76,Traffic 3,2.737,True,0,316.34,22.93,482.95
81.76,Traffic 4,2.677,True,0,-624.17,7.42,-379.29
82.78,Traffic 1,2.377,True,0,-10.38,36.52,-533.17
82.78,Traffic 2,2.697,True,0,519.47,81.04,-136.24
82.78,Traffic 3,2.678,True,0,316.33,26.97,467.51
82.78,Traffic 4,2.679,True,0,-623.85,7.33,-396.08
83.78,Traffic 1,2.490,True,0,-15.63,34.95,-547.69
83.78,Traffic 2,2.671,True,0,513.34,84.84,-122.53
83.78,Traffic 3,2.664,True,0,316.23,31.15,452.17
83.78,Traffic 4,2.681,True,0,-623.51,7.24,-412.84
84.78,Traffic 1,2.323,True,0,-23.76,32.39,-560.74
84.78,Traffic 2,2.762,True,0,506.47,87.32,-108.54
84.78,Traffic 3,2.677,True,0,316.09,35.44,436.74
84.78,Traffic 4,2.682,True,0,-623.15,7.15,-429.73
85.78,Traffic 1,1.937,True,0,-35.76,30.62,-570.21
85.78,Traffic 2,2.752,True,0,499.13,88.72,-94.61
85.78,Traffic 3,2.685,True,0,316.01,39.72,421.44
85.78,Traffic 4,2.684,True,0,-622.72,7.06,-446.49
86.78,Traffic 1,1.934,True,0,-50.39,30.24,-575.05
86.78,Traffic 2,2.695,True,0,491.76,89.29,-80.51
86.78,Traffic 3,2.687,True,0,315.99,43.98,406.13
86.78,Traffic 4,2.687,True,0,-622.22,6.96,-463.25
87.78,Traffic 1,2.279,True,0,-65.86,30.30,-576.76
87.78,Traffic 2,2.638,True,0,484.89,89.24,-66.05
87.78,Traffic 3,2.690,True,0,316.09,48.21,390.71
87.78,Traffic 4,2.691,True,0,-621.57,6.87,-480.10
88.78,Traffic 1,2.557,True,0,-81.35,30.49,-577.32
88.78,Traffic 2,2.572,True,0,479.20,88.83,-51.18
88.78,Traffic 3,2.701,True,0,316.35,52.31,375.34
88.78,Traffic 4,2.697,True,0,-620.70,6.78,-496.84
89.78,Traffic 1,2.656,True,0,-96.84,30.64,-577.68
89.78,Traffic 2,2.442,True,0,475.58,88.02,-35.71
89.78,Traffic 3,2.694,True,0,316.68,56.38,359.96
89.78,Traffic 4,2.705,True,0,-619.46,6.69,-513.55
90.78,Traffic 1,2.702,True,0,-112.33,30.65,-578.18
90.78,Traffic 2,2.331,True,0,474.54,85.71,-19.97
90.78,Traffic 3,2.668,True,0,316.97,60.50,344.60
90.78,Traffic 4,2.776,True,0,-617.92,6.62,-528.34
91.78,Traffic 1,2.710,True,0,-127.80,30.75,-578.85
91.78,Traffic 2,2.440,True,0,475.23,82.68,-4.33
91.78,Traffic 3,2.677,True,0,317.28,64.61,329.23
91.78,Traffic 4,2.683,True,0,-616.88,6.57,-537.27
92.78,Traffic 1,2.672,True,0,-143.37,31.06,-579.46
92.78,Traffic 2,2.598,True,0,476.27,79.77,11.35
92.78,Traffic 3,2.693,True,0,317.75,68.65,313.78
92.78,Traffic 4,2.027,True,0,-615.26,6.67,-544.23
93.80,Traffic 1,2.658,True,0,-158.92,31.37,-579.85
93.80,Traffic 2,2.728,True,0,476.27,77.86,27.14
93.80,Traffic 3,2.705,True,0,318.57,72.49,298.31
93.80,Traffic 4,1.592,True,0,-610.32,6.74,-549.84
94.80,Traffic 1,2.657,True,0,-174.43,31.54,-580.00
94.80,Traffic 2,2.941,True,0,474.77,77.81,41.05
94.80,Traffic 3,2.718,True,0,319.93,76.01,282.78
94.80,Traffic 4,4.468,True,0,-596.31,6.72,-554.49
95.80,Traffic 1,2.654,True,0,-190.03,31.44,-579.86
95.80,Traffic 2,2.747,True,0,472.31,79.46,55.59
95.80,Traffic 3,2.774,True,0,322.21,79.01,267.07
95.80,Traffic 4,3.275,True,0,-579.43,6.79,-554.91
96.80,Traffic 1,2.649,True,0,-205.52,30.97,-579.40
96.80,Traffic 2,2.697,True,0,469.19,82.24,70.69
96.80,Traffic 3,2.778,True,0,325.49,81.16,251.42
96.80,Traffic 4,2.764,True,0,-562.68,6.98,-554.14
97.80,Traffic 1,2.645,True,0,-221.01,30.03,-578.56
97.80,Traffic 2,2.765,True,0,465.06,84.96,85.59
97.80,Traffic 3,2.761,True,0,329.86,82.42,235.78
97.80,Traffic 4,2.682,True,0,-545.87,7.16,-553.30
98.80,Traffic 1,2.633,True,0,-236.40,28.46,-577.26
98.80,Traffic 2,2.829,True,0,459.40,86.57,100.22
98.80,Traffic 3,2.797,True,0,335.70,82.88,220.51
98.80,Traffic 4,2.679,True,0,-529.11,7.33,-552.56
99.80,Traffic 1,2.619,True,0,-251.66,26.24,-575.48
99.80,Traffic 2,2.882,True,0,452.08,86.29,114.38
99.80,Traffic 3,2.850,True,0,343.54,82.77,206.23
99.80,Traffic 4,2.651,True,0,-512.34,7.49,-552.19
100.80,Traffic 1,2.635,True,0,-266.83,23.61,-573.34
100.80,Traffic 2,2.850,True,0,443.57,84.64,127.78
100.80,Traffic 3,2.830,True,0,354.15,82.24,194.47
100.80,Traffic 4,2.598,True,0,-495.53,7.65,-552.49
101.80,Traffic 1,2.653,True,0,-281.90,20.76,-571.00
101.80,Traffic 2,2.785,True,0,434.33,82.41,140.57
101.80,Traffic 3,3.435,True,0,368.29,80.07,186.64
101.80,Traffic 4,2.598,True,0,-478.80,7.64,-553.46
102.80,Traffic 1,2.666,True,0,-296.96,17.86,-568.56
102.80,Traffic 2,2.754,True,0,424.52,80.01,152.91
102.80,Traffic 3,3.163,True,0,383.60,77.60,181.41
102.80,Traffic 4,2.658,True,0,-462.06,7.41,-554.70
103.80,Traffic 1,2.676,True,0,-312.02,15.06,-566.11
103.80,Traffic 2,2.746,True,0,414.13,77.85,164.79
103.80,Traffic 3,2.287,True,0,397.99,76.54,173.95
103.80,Traffic 4,2.671,True,0,-445.35,7.13,-556.04
104.86,Traffic 1,2.685,True,0,-328.00,12.36,-563.60
104.86,Traffic 2,2.633,True,0,402.24,76.57,176.58
104.86,Traffic 3,2.029,True,0,410.37,77.78,162.08
104.86,Traffic 4,2.667,True,0,-427.69,6.88,-557.58
105.86,Traffic 1,2.693,True,0,-343.19,10.21,-561.40
105.86,Traffic 2,2.936,True,0,389.15,77.21,185.48
105.86,Traffic 3,2.527,True,0,420.53,79.99,149.69
105.86,Traffic 4,2.666,True,0,-411.00,6.80,-559.15
106.86,Traffic 1,2.711,True,0,-358.52,8.62,-559.46
106.86,Traffic 2,3.219,True,0,374.64,79.32,191.33
106.86,Traffic 3,2.674,True,0,430.33,82.46,137.07
106.86,Traffic 4,2.667,True,0,-394.27,6.97,-560.83
107.86,Traffic 1,2.709,True,0,-373.88,7.63,-557.74
107.86,Traffic 2,2.886,True,0,360.43,81.79,196.95
107.86,Traffic 3,2.632,True,0,439.64,84.75,124.09
107.86,Traffic 4,2.668,True,0,-377.59,7.48,-562.59
108.86,Traffic 1,2.686,True,0,-389.27,7.07,-556.12
108.86,Traffic 2,1.829,True,0,348.52,82.75,206.91
108.86,Traffic 3,2.603,True,0,448.22,86.38,110.44
108.86,Traffic 4,2.672,True,0,-360.98,8.47,-564.44
109.86,Traffic 1,2.683,True,0,-404.68,6.83,-554.56
109.86,Traffic 2,1.951,True,0,340.62,82.89,220.72
109.86,Traffic 3,2.551,True,0,455.65,86.45,95.87
109.86,Traffic 4,2.658,True,0,-344.52,10.13,-566.47
110.86,Traffic 1,2.686,True,0,-420.09,6.83,-553.06
110.86,Traffic 2,2.416,True,0,335.16,82.51,235.67
110.86,Traffic 3,2.462,True,0,461.34,84.40,80.66
110.86,Traffic 4,2.638,True,0,-328.40,12.42,-568.76
111.88,Traffic 1,2.688,True,0,-435.54,6.98,-551.66
111.88,Traffic 2,2.555,True,0,330.91,81.33,250.99
111.88,Traffic 3,2.465,True,0,465.33,81.36,65.07
111.88,Traffic 4,2.651,True,0,-312.29,15.16,-571.30
112.88,Traffic 1,2.690,True,0,-450.98,7.23,-550.36
112.88,Traffic 2,2.576,True,0,327.59,79.27,266.45
112.88,Traffic 3,2.524,True,0,468.17,78.66,49.20
112.88,Traffic 4,2.668,True,0,-296.29,18.15,-573.91
113.88,Traffic 1,2.691,True,0,-466.58,7.49,-549.16
113.88,Traffic 2,2.579,True,0,325.18,76.29,282.08
113.88,Traffic 3,2.655,True,0,470.39,77.58,32.96
113.88,Traffic 4,2.680,True,0,-280.17,21.25,-576.51
114.88,Traffic 1,2.694,True,0,-482.05,7.66,-548.12
114.88,Traffic 2,2.558,True,0,323.72,72.75,297.57
114.88,Traffic 3,2.523,True,0,471.44,78.94,16.79
114.88,Traffic 4,2.691,True,0,-264.14,24.23,-578.95
115.88,Traffic 1,2.676,True,0,-497.54,7.63,-547.29
115.88,Traffic 2,2.602,True,0,322.92,68.89,313.04
115.88,Traffic 3,2.428,True,0,470.85,81.69,0.93
115.88,Traffic 4,2.703,True,0,-247.99,26.92,-581.15
116.88,Traffic 1,2.737,True,0,-513.04,7.49,-546.96
116.88,Traffic 2,2.641,True,0,322.45,64.85,328.48
116.88,Traffic 3,2.596,True,0,469.87,84.76,-14.81
116.88,Traffic 4,2.720,True,0,-231.65,29.08,-582.93
117.88,Traffic 1,2.761,True,0,-528.53,7.34,-547.26
117.88,Traffic 2,2.660,True,0,322.15,60.72,343.89
117.88,Traffic 3,2.756,True,0,470.02,87.35,-30.69
117.88,Traffic 4,2.747,True,0,-215.08,30.47,-584.16
118.88,Traffic 1,2.733,True,0,-544.02,7.18,-547.94
118.88,Traffic 2,2.672,True,0,321.90,56.58,359.31
118.88,Traffic 3,2.885,True,0,472.44,88.69,-46.68
118.88,Traffic 4,2.738,True,0,-198.36,31.25,-584.88
119.88,Traffic 1,2.701,True,0,-559.50,7.02,-548.70
119.88,Traffic 2,2.695,True,0,321.60,52.50,374.73
119.88,Traffic 3,2.988,True,0,477.40,89.11,-62.25
119.88,Traffic 4,2.725,True,0,-181.56,31.54,-585.19
120.88,Traffic 1,2.675,True,0,-574.98,6.85,-549.14
120.88,Traffic 2,2.684,True,0,321.31,48.39,390.13
120.88,Traffic 3,2.893,True,0,484.08,89.33,-77.18
120.88,Traffic 4,2.718,True,0,-164.80,31.46,-585.15
121.88,Traffic 1,2.665,True,0,-590.07,6.82,-548.47
121.88,Traffic 2,2.659,True,0,321.18,44.16,405.52
121.88,Traffic 3,2.783,True,0,491.55,89.02,-91.74
121.88,Traffic 4,2.712,True,0,-148.03,31.17,-584.82
122.88,Traffic 1,2.282,True,0,-599.65,6.74,-547.14
122.88,Traffic 2,2.663,True,0,321.19,39.87,420.89
122.88,Traffic 3,2.722,True,0,499.22,87.92,-106.15
122.88,Traffic 4,2.705,True,0,-131.28,30.81,-584.25
123.88,Traffic 1,2.680,True,0,-606.72,6.73,-546.13
123.88,Traffic 2,2.671,True,0,321.28,35.56,436.27
123.88,Traffic 3,2.678,True,0,506.66,85.72,-120.59
123.88,Traffic 4,2.701,True,0,-114.52,30.63,-583.53
124.88,Traffic 1,0.870,True,0,-613.20,6.60,-542.01
124.88,Traffic 2,2.676,True,0,321.40,31.28,451.66
124.88,Traffic 3,2.583,True,0,513.43,82.09,-135.10
124.88,Traffic 4,2.671,True,0,-97.74,30.65,-582.87
125.88,Traffic 1,0.871,True,0,-615.77,6.62,-528.51
125.88,Traffic 2,2.678,True,0,321.53,27.08,467.05
125.88,Traffic 3,2.630,True,0,519.53,76.57,-149.30
125.88,Traffic 4,2.639,True,0,-80.98,30.49,-582.34
126.90,Traffic 1,2.262,True,0,-614.70,6.69,-513.03
126.90,Traffic 2,2.690,True,0,321.61,23.04,482.49
126.90,Traffic 3,2.694,True,0,525.38,69.67,-163.04
126.90,Traffic 4,2.681,True,0,-64.23,30.29,-581.43
127.90,Traffic 1,3.000,True,0,-615.11,6.77,-497.43
127.90,Traffic 2,2.673,True,0,321.78,19.25,498.10
127.90,Traffic 3,2.686,True,0,531.10,62.05,-176.57
127.90,Traffic 4,2.739,True,0,-47.51,30.26,-579.03
128.90,Traffic 1,2.757,True,0,-616.19,6.86,-481.92
128.90,Traffic 2,2.628,True,0,322.25,15.76,513.71
128.90,Traffic 3,2.663,True,0,536.57,54.21,-189.98
128.90,Traffic 4,2.878,True,0,-31.74,30.76,-573.34
129.90,Traffic 1,2.622,True,0,-616.95,6.94,-466.44
129.90,Traffic 2,2.641,True,0,322.74,12.56,529.31
129.90,Traffic 3,2.645,True,0,541.77,46.59,-203.56
129.90,Traffic 4,3.090,True,0,-19.01,32.56,-563.32
130.90,Traffic 1,2.643,True,0,-617.43,7.03,-450.94
130.90,Traffic 2,2.621,True,0,322.51,10.07,542.55
130.90,Traffic 3,2.620,True,0,546.62,39.83,-217.67
130.90,Traffic 4,3.271,True,0,-10.32,35.00,-549.54
131.90,Traffic 1,2.672,True,0,-617.81,7.12,-435.43
131.90,Traffic 2,2.588,True,0,321.27,8.83,550.96
131.90,Traffic 3,2.598,True,0,551.05,34.85,-232.61
131.90,Traffic 4,3.127,True,0,-5.04,36.56,-533.86
132.90,Traffic 1,2.677,True,0,-618.16,7.20,-419.94
132.90,Traffic 2,2.293,True,0,317.79,8.71,557.77
132.90,Traffic 3,2.626,True,0,554.93,31.39,-248.09
132.90,Traffic 4,2.860,True,0,-1.89,36.33,-517.38
133.90,Traffic 1,2.676,True,0,-618.49,7.29,-404.44
133.90,Traffic 2,3.870,True,0,308.40,8.70,563.13
133.90,Traffic 3,2.562,True,0,557.63,29.47,-263.52
133.90,Traffic 4,2.953,True,0,-0.86,34.89,-500.69
134.90,Traffic 1,2.677,True,0,-618.79,7.37,-388.93
134.90,Traffic 2,3.787,True,0,292.73,8.71,564.95
134.90,Traffic 3,2.466,True,0,558.70,28.19,-279.78
134.90,Traffic 4,2.831,True,0,-1.04,33.23,-483.99
135.90,Traffic 1,2.679,True,0,-619.09,7.45,-373.42
135.90,Traffic 2,2.865,True,0,276.77,8.70,564.70
135.90,Traffic 3,2.450,True,0,557.76,26.79,-296.04
135.90,Traffic 4,2.695,True,0,-1.29,31.93,-467.27
136.92,Traffic 1,2.680,True,0,-619.39,7.52,-357.91
136.92,Traffic 2,2.811,True,0,260.10,8.70,564.07
136.92,Traffic 3,2.397,True,0,554.75,25.83,-312.08
136.92,Traffic 4,2.594,True,0,-0.85,31.61,-451.98
137.92,Traffic 1,2.682,True,0,-619.72,7.59,-342.41
137.92,Traffic 2,3.680,True,0,240.55,8.88,563.06
137.92,Traffic 3,2.530,True,0,550.64,25.33,-327.88
137.92,Traffic 4,2.573,True,0,0.21,32.54,-437.68
138.92,Traffic 1,2.685,True,0,-620.07,7.66,-326.93
138.92,Traffic 2,5.270,True,0,216.62,9.19,561.32
138.92,Traffic 3,2.665,True,0,546.57,25.23,-343.68
138.92,Traffic 4,2.679,True,0,1.60,34.68,-421.44
139.92,Traffic 1,2.680,True,0,-620.41,7.73,-311.43
139.92,Traffic 2,6.319,True,0,189.89,9.43,558.43
139.92,Traffic 3,2.753,True,0,543.37,25.54,-359.72
139.92,Traffic 4,2.679,True,0,3.18,37.27,-405.17
140.92,Traffic 1,2.676,True,0,-620.73,7.79,-295.79
140.92,Traffic 2,6.212,True,0,162.66,9.66,554.87
140.92,Traffic 3,2.843,True,0,541.48,26.49,-376.06
140.92,Traffic 4,2.642,True,0,5.33,39.60,-388.76
141.92,Traffic 1,2.677,True,0,-621.02,7.85,-280.29
141.92,Traffic 2,6.017,True,0,135.53,9.76,552.53
141.92,Traffic 3,2.797,True,0,540.60,28.20,-392.18
141.92,Traffic 4,2.579,True,0,8.40,40.75,-372.40
142.92,Traffic 1,2.678,True,0,-621.29,7.91,-264.78
142.92,Traffic 2,6.134,True,0,108.31,9.77,551.02
142.92,Traffic 3,2.721,True,0,540.05,30.17,-408.24
142.92,Traffic 4,2.599,True,0,12.35,40.08,-356.08
143.92,Traffic 1,2.679,True,0,-621.55,7.96,-249.28
143.92,Traffic 2,6.206,True,0,81.70,9.67,548.84
143.92,Traffic 3,2.679,True,0,539.33,32.05,-424.32
143.92,Traffic 4,2.630,True,0,16.94,38.42,-340.01
144.92,Traffic 1,2.678,True,0,-621.79,8.02,-233.77
144.92,Traffic 2,6.601,True,0,57.14,9.30,543.59
144.92,Traffic 3,2.648,True,0,537.98,33.41,-440.47
144.92,Traffic 4,2.595,True,0,22.48,36.54,-324.29
145.92,Traffic 1,2.679,True,0,-622.03,8.07,-218.27
145.92,Traffic 2,6.170,True,0,34.32,8.69,537.08
145.92,Traffic 3,2.531,True,0,535.41,33.53,-456.63
145.92,Traffic 4,2.494,True,0,29.89,35.53,-309.35
146.92,Traffic 1,2.680,True,0,-622.25,8.13,-202.78
146.92,Traffic 2,5.530,True,0,8.06,8.56,534.69
146.92,Traffic 3,2.549,True,0,531.64,32.05,-472.48
146.92,Traffic 4,2.262,True,0,40.22,37.96,-296.77
147.92,Traffic 1,3.018,True,0,-622.13,8.18,-187.27
147.92,Traffic 2,6.098,True,0,-19.17,8.52,534.89
147.92,Traffic 3,2.589,True,0,526.95,29.56,-487.97
147.92,Traffic 4,2.087,True,0,53.42,42.69,-288.79
148.92,Traffic 1,3.303,True,0,-622.06,8.24,-171.77
148.92,Traffic 2,6.212,True,0,-46.42,8.54,535.10
148.92,Traffic 3,2.571,True,0,521.22,26.68,-503.03
148.92,Traffic 4,2.139,True,0,69.43,44.74,-285.60
149.94,Traffic 1,3.308,True,0,-622.27,8.29,-156.17
149.94,Traffic 2,6.184,True,0,-73.86,8.60,535.22
149.94,Traffic 3,2.515,True,0,514.63,24.57,-516.21
149.94,Traffic 4,2.208,True,0,86.24,43.01,-286.36
150.94,Traffic 1,3.267,True,0,-622.53,8.34,-140.59
150.94,Traffic 2,6.199,True,0,-101.25,8.70,535.26
150.94,Traffic 3,2.517,True,0,506.21,23.65,-528.77
150.94,Traffic 4,2.418,True,0,102.61,40.36,-289.43
151.94,Traffic 1,3.259,True,0,-622.76,8.40,-125.08
151.94,Traffic 2,6.189,True,0,-128.48,8.87,535.25
151.94,Traffic 3,2.603,True,0,497.63,23.31,-537.82
151.94,Traffic 4,2.571,True,0,118.73,38.23,-293.46
152.94,Traffic 1,3.264,True,0,-622.97,8.45,-109.55
152.94,Traffic 2,6.182,True,0,-155.77,9.06,535.26
152.94,Traffic 3,2.579,True,0,489.48,23.23,-542.28
152.94,Traffic 4,2.627,True,0,134.86,37.65,-297.97
153.94,Traffic 1,3.266,True,0,-623.19,8.51,-94.05
153.94,Traffic 2,6.181,True,0,-183.00,9.26,535.34
153.94,Traffic 3,1.027,True,0,479.81,24.25,-540.89
153.94,Traffic 4,2.651,True,0,149.45,39.21,-302.40
154.94,Traffic 1,3.266,True,0,-623.43,8.56,-78.55
154.94,Traffic 2,6.180,True,0,-210.24,9.43,535.50
154.94,Traffic 3,0.684,True,0,470.45,26.08,-529.02
154.94,Traffic 4,2.627,True,0,164.55,41.94,-307.55
155.94,Traffic 1,3.266,True,0,-623.67,8.62,-63.04
155.94,Traffic 2,6.177,True,0,-237.49,9.57,535.76
155.94,Traffic 3,2.209,True,0,464.50,28.00,-514.09
155.94,Traffic 4,2.610,True,0,179.68,44.73,-313.54
156.94,Traffic 1,3.266,True,0,-623.92,8.68,-47.54
156.94,Traffic 2,6.173,True,0,-264.73,9.64,536.15
156.94,Traffic 3,2.894,True,0,457.33,29.85,-499.70
156.94,Traffic 4,2.603,True,0,194.66,46.50,-320.50
157.94,Traffic 1,3.266,True,0,-624.19,8.74,-32.03
157.94,Traffic 2,6.167,True,0,-291.99,9.63,536.72
157.94,Traffic 3,2.955,True,0,448.55,31.66,-486.19
157.94,Traffic 4,2.581,True,0,209.37,46.34,-328.60
158.94,Traffic 1,3.266,True,0,-624.46,8.80,-16.53
158.94,Traffic 2,6.167,True,0,-319.24,9.54,537.50
158.94,Traffic 3,2.700,True,0,439.47,33.74,-472.96
158.94,Traffic 4,2.509,True,0,223.31,44.49,-337.81
159.96,Traffic 1,3.266,True,0,-624.74,8.86,-0.99
159.96,Traffic 2,6.175,True,0,-346.57,9.41,538.42
159.96,Traffic 3,2.641,True,0,430.49,35.78,-459.60
159.96,Traffic 4,2.580,True,0,236.70,41.93,-347.67
160.96,Traffic 1,3.266,True,0,-625.02,8.93,14.60
160.96,Traffic 2,6.179,True,0,-373.98,9.24,539.42
160.96,Traffic 3,2.684,True,0,421.36,37.53,-446.21
160.96,Traffic 4,2.649,True,0,249.97,39.18,-357.74
161.96,Traffic 1,3.266,True,0,-625.31,8.99,30.10
161.96,Traffic 2,6.182,True,0,-401.23,9.06,540.45
161.96,Traffic 3,2.723,True,0,411.81,38.61,-433.06
161.96,Traffic 4,2.677,True,0,263.34,36.75,-367.58
162.96,Traffic 1,3.265,True,0,-625.60,9.06,45.60
162.96,Traffic 2,6.185,True,0,-428.50,8.88,541.47
162.96,Traffic 3,2.774,True,0,401.71,37.87,-420.17
162.96,Traffic 4,2.774,True,0,277.27,35.54,-376.77
163.96,Traffic 1,3.265,True,0,-625.89,9.12,61.10
163.96,Traffic 2,6.190,True,0,-455.76,8.72,542.43
163.96,Traffic 3,2.655,True,0,391.41,34.59,-407.84
163.96,Traffic 4,2.752,True,0,291.67,37.19,-384.94
164.96,Traffic 1,3.226,True,0,-626.21,9.19,76.60
164.96,Traffic 2,6.210,True,0,-483.02,8.62,543.33
164.96,Traffic 3,2.705,True,0,379.96,31.13,-397.18
164.96,Traffic 4,2.748,True,0,306.19,40.96,-391.66
165.96,Traffic 1,2.811,True,0,-626.92,9.25,92.08
165.96,Traffic 2,6.140,True,0,-510.21,8.80,544.69
165.96,Traffic 3,2.792,True,0,366.83,31.03,-390.77
165.96,Traffic 4,2.741,True,0,321.88,42.73,-396.41
166.96,Traffic 1,2.623,True,0,-627.39,9.32,107.57
166.96,Traffic 2,6.164,True,0,-537.40,8.73,546.51
166.96,Traffic 3,3.474,True,0,351.67,34.98,-389.49
166.96,Traffic 4,3.186,True,0,338.35,39.61,-397.48
167.96,Traffic 1,2.649,True,0,-627.63,9.38,123.08
167.96,Traffic 2,6.282,True,0,-563.22,8.68,547.70
167.96,Traffic 3,3.215,True,0,336.72,39.89,-391.35
167.96,Traffic 4,3.185,True,0,354.16,34.36,-395.85
168.96,Traffic 1,2.682,True,0,-627.85,9.43,138.58
168.96,Traffic 2,6.118,True,0,-582.21,8.71,546.71
168.96,Traffic 3,2.402,True,0,321.21,42.78,-391.18
168.96,Traffic 4,2.470,True,0,368.58,30.61,-396.66
169.96,Traffic 1,2.684,True,0,-628.10,9.49,154.08
169.96,Traffic 2,5.390,True,0,-594.04,8.74,543.59
169.96,Traffic 3,2.090,True,0,305.73,40.46,-386.50
169.96,Traffic 4,1.440,True,0,382.59,32.39,-404.43
170.96,Traffic 1,2.679,True,0,-628.33,9.54,169.57
170.96,Traffic 2,4.167,True,0,-602.37,8.74,538.68
170.96,Traffic 3,2.325,True,0,291.56,36.71,-379.27
170.96,Traffic 4,2.001,True,0,392.93,36.35,-416.47
171.96,Traffic 1,2.677,True,0,-628.54,9.59,185.07
171.96,Traffic 2,3.400,True,0,-608.13,8.73,530.78
171.96,Traffic 3,2.585,True,0,277.65,35.56,-370.89
171.96,Traffic 4,2.629,True,0,402.58,38.63,-429.70
172.96,Traffic 1,2.677,True,0,-628.72,9.63,200.57
172.96,Traffic 2,4.472,True,0,-611.20,8.58,516.04
172.96,Traffic 3,2.584,True,0,264.19,37.08,-361.91
172.96,Traffic 4,2.765,True,0,412.67,38.17,-443.12
173.96,Traffic 1,2.674,True,0,-628.88,9.66,216.07
173.96,Traffic 2,2.906,True,0,-612.46,8.66,500.16
173.96,Traffic 3,2.573,True,0,251.34,39.51,-352.44
173.96,Traffic 4,2.614,True,0,422.40,36.59,-456.72
174.96,Traffic 1,2.683,True,0,-629.07,9.69,231.57
174.96,Traffic 2,2.135,True,0,-616.57,8.83,484.77
174.96,Traffic 3,2.649,True,0,238.67,42.14,-342.83
174.96,Traffic 4,2.618,True,0,431.69,34.56,-470.56
175.98,Traffic 1,2.686,True,0,-629.31,9.72,247.08
175.98,Traffic 2,2.541,True,0,-621.73,9.04,469.70
175.98,Traffic 3,2.700,True,0,225.79,44.55,-333.40
175.98,Traffic 4,2.661,True,0,440.85,32.39,-484.47
176.98,Traffic 1,2.684,True,0,-629.58,9.74,262.59
176.98,Traffic 2,2.793,True,0,-626.13,9.25,454.37
176.98,Traffic 3,2.726,True,0,212.40,46.29,-324.45
176.98,Traffic 4,2.764,True,0,450.02,30.39,-498.39
177.98,Traffic 1,2.681,True,0,-629.87,9.76,278.20
177.98,Traffic 2,2.800,True,0,-629.50,9.42,438.68
177.98,Traffic 3,2.833,True,0,198.08,46.57,-316.34
177.98,Traffic 4,2.550,True,0,458.63,28.46,-512.79
178.98,Traffic 1,2.679,True,0,-630.13,9.77,293.70
178.98,Traffic 2,2.771,True,0,-631.99,9.55,422.95
178.98,Traffic 3,2.824,True,0,183.34,44.98,-309.39
178.98,Traffic 4,2.515,True,0,466.42,26.50,-527.27
179.98,Traffic 1,2.677,True,0,-630.37,9.77,309.19
179.98,Traffic 2,2.761,True,0,-633.72,9.63,407.12
179.98,Traffic 3,2.785,True,0,168.34,42.33,-303.36
179.98,Traffic 4,2.515,True,0,472.86,25.05,-537.71
180.98,Traffic 1,2.674,True,0,-630.54,9.77,324.70
180.98,Traffic 2,2.757,True,0,-634.81,9.68,391.23
180.98,Traffic 3,2.761,True,0,153.12,39.54,-298.05
180.98,Traffic 4,2.174,True,0,479.46,24.03,-544.35
181.98,Traffic 1,2.671,True,0,-630.61,9.77,340.21
181.98,Traffic 2,2.732,True,0,-635.42,9.72,375.30
181.98,Traffic 3,2.739,True,0,137.60,37.73,-293.30
181.98,Traffic 4,2.293,True,0,488.16,23.34,-547.19
182.98,Traffic 1,2.667,True,0,-630.55,9.75,355.71
182.98,Traffic 2,2.713,True,0,-635.73,9.75,359.38
182.98,Traffic 3,2.710,True,0,121.88,38.06,-288.98
182.98,Traffic 4,3.819,True,0,500.38,23.34,-543.54
183.98,Traffic 1,2.662,True,0,-630.29,9.73,371.20
183.98,Traffic 2,2.703,True,0,-635.83,9.76,343.47
183.98,Traffic 3,2.701,True,0,106.24,39.96,-285.15
183.98,Traffic 4,3.936,True,0,511.90,23.56,-531.70
184.98,Traffic 1,2.655,True,0,-629.77,9.70,386.68
184.98,Traffic 2,2.697,True,0,-635.77,9.77,327.55
184.98,Traffic 3,2.725,True,0,90.58,42.42,-282.17
184.98,Traffic 4,3.036,True,0,520.26,24.76,-517.29
185.98,Traffic 1,2.648,True,0,-628.86,9.65,402.16
185.98,Traffic 2,2.692,True,0,-635.61,9.77,311.62
185.98,Traffic 3,2.750,True,0,74.61,44.43,-280.78
185.98,Traffic 4,2.789,True,0,527.14,27.17,-502.39
186.98,Traffic 1,2.622,True,0,-627.39,9.58,417.58
186.98,Traffic 2,2.688,True,0,-635.38,9.77,295.70
186.98,Traffic 3,2.935,True,0,58.37,44.02,-282.38
186.98,Traffic 4,2.817,True,0,532.74,30.00,-487.12
187.98,Traffic 1,2.602,True,0,-625.20,9.46,432.93
187.98,Traffic 2,2.685,True,0,-635.10,9.76,279.78
187.98,Traffic 3,3.047,True,0,43.48,40.28,-288.03
187.98,Traffic 4,2.800,True,0,537.28,32.35,-471.38
188.98,Traffic 1,2.593,True,0,-622.22,9.31,448.14
188.98,Traffic 2,2.682,True,0,-634.81,9.74,263.85
188.98,Traffic 3,3.228,True,0,31.31,36.43,-298.15
188.98,Traffic 4,2.773,True,0,540.93,33.62,-455.16
189.98,Traffic 1,2.586,True,0,-618.45,9.11,463.16
189.98,Traffic 2,2.679,True,0,-634.53,9.72,247.94
189.98,Traffic 3,3.131,True,0,22.22,35.62,-311.57
189.98,Traffic 4,2.801,True,0,543.51,33.27,-438.57
190.98,Traffic 1,2.586,True,0,-613.98,8.90,478.01
190.98,Traffic 2,2.678,True,0,-634.28,9.69,232.01
190.98,Traffic 3,3.017,True,0,15.76,37.00,-326.45
190.98,Traffic 4,2.844,True,0,544.84,31.77,-421.90
191.98,Traffic 1,2.602,True,0,-609.18,8.71,492.73
191.98,Traffic 2,2.676,True,0,-634.07,9.66,216.09
191.98,Traffic 3,2.845,True,0,10.84,38.80,-341.79
191.98,Traffic 4,2.764,True,0,545.49,29.78,-405.25
192.98,Traffic 1,2.621,True,0,-605.16,8.60,507.60
192.98,Traffic 2,2.672,True,0,-633.90,9.63,200.17
192.98,Traffic 3,2.760,True,0,6.66,40.27,-357.41
192.98,Traffic 4,2.690,True,0,546.11,27.75,-388.61
193.98,Traffic 1,3.045,True,0,-603.59,8.57,519.70
193.98,Traffic 2,2.681,True,0,-633.72,9.59,184.25
193.98,Traffic 3,2.724,True,0,2.95,40.70,-373.32
193.98,Traffic 4,2.641,True,0,547.18,26.12,-371.96
195.00,Traffic 1,3.267,True,0,-601.75,8.65,529.13
195.00,Traffic 2,2.684,True,0,-633.51,9.54,168.32
195.00,Traffic 3,2.761,True,0,-0.06,39.44,-389.37
195.00,Traffic 4,2.561,True,0,549.32,25.40,-355.37
196.00,Traffic 1,1.159,True,0,-592.52,8.74,537.53
196.00,Traffic 2,2.683,True,0,-633.28,9.48,152.40
196.00,Traffic 3,2.795,True,0,-2.20,37.15,-405.44
196.00,Traffic 4,2.491,True,0,552.83,25.22,-338.98
197.00,Traffic 1,2.934,True,0,-572.07,8.74,538.52
197.00,Traffic 2,2.681,True,0,-633.02,9.43,136.49
197.00,Traffic 3,2.755,True,0,-3.71,34.61,-421.53
197.00,Traffic 4,2.571,True,0,557.06,25.48,-322.77
198.00,Traffic 1,6.014,True,0,-546.42,8.74,534.93
198.00,Traffic 2,2.681,True,0,-632.75,9.37,120.34
198.00,Traffic 3,2.709,True,0,-4.95,32.47,-437.91
198.00,Traffic 4,2.676,True,0,561.05,26.18,-306.24
199.00,Traffic 1,6.420,True,0,-520.01,8.74,532.86
199.00,Traffic 2,2.681,True,0,-632.48,9.30,104.42
199.00,Traffic 3,2.620,True,0,-6.07,31.55,-454.17
199.00,Traffic 4,2.778,True,0,563.51,27.33,-289.76
200.00,Traffic 1,6.175,True,0,-493.51,8.55,531.47
200.00,Traffic 2,2.681,True,0,-632.19,9.24,88.50
200.00,Traffic 3,2.756,True,0,-6.60,32.11,-470.46
200.00,Traffic 4,2.924,True,0,563.76,28.69,-273.14
201.00,Traffic 1,6.247,True,0,-466.99,8.67,530.41
201.00,Traffic 2,2.680,True,0,-631.90,9.17,72.59
201.00,Traffic 3,2.784,True,0,-6.47,33.47,-486.68
201.00,Traffic 4,2.873,True,0,562.01,30.10,-256.62
202.00,Traffic 1,6.189,True,0,-440.48,8.80,529.59
202.00,Traffic 2,0.661,True,0,-629.14,9.11,57.08
202.00,Traffic 3,2.704,True,0,-6.40,35.10,-502.83
202.00,Traffic 4,2.856,True,0,558.67,32.57,-240.59
203.00,Traffic 1,6.166,True,0,-413.98,8.97,528.64
203.00,Traffic 2,5.517,True,0,-623.26,9.04,42.29
203.00,Traffic 3,2.629,True,0,-7.45,36.45,-518.99
203.00,Traffic 4,2.792,True,0,554.41,36.60,-225.29
204.00,Traffic 1,6.183,True,0,-387.50,9.15,527.62
204.00,Traffic 2,7.025,True,0,-621.45,8.95,26.51
204.00,Traffic 3,2.354,True,0,-10.87,36.42,-534.96
204.00,Traffic 4,2.700,True,0,549.82,42.11,-210.77
205.00,Traffic 1,6.188,True,0,-361.01,9.32,526.63
205.00,Traffic 2,6.507,True,0,-621.67,8.89,10.60
205.00,Traffic 3,2.479,True,0,-16.76,34.55,-550.11
205.00,Traffic 4,2.737,True,0,544.98,49.05,-197.18
206.02,Traffic 1,6.190,True,0,-334.49,9.48,525.70
206.02,Traffic 2,6.189,True,0,-621.70,8.83,-5.34
206.02,Traffic 3,2.198,True,0,-26.05,31.86,-563.22
206.02,Traffic 4,2.730,True,0,539.84,56.51,-184.06
207.02,Traffic 1,6.193,True,0,-307.85,9.59,524.86
207.02,Traffic 2,6.207,True,0,-621.40,8.77,-21.33
207.02,Traffic 3,1.851,True,0,-39.66,30.43,-572.06
207.02,Traffic 4,2.709,True,0,534.45,64.06,-171.04
208.02,Traffic 1,6.198,True,0,-281.34,9.65,524.17
208.02,Traffic 2,6.254,True,0,-621.07,8.71,-37.25
208.02,Traffic 3,1.970,True,0,-55.49,30.23,-575.91
208.02,Traffic 4,2.701,True,0,528.87,71.28,-157.96
209.02,Traffic 1,6.204,True,0,-254.79,9.63,523.68
209.02,Traffic 2,6.257,True,0,-620.81,8.65,-53.17
209.02,Traffic 3,2.380,True,0,-71.80,30.37,-577.07
209.02,Traffic 4,2.701,True,0,523.05,77.78,-144.50
210.02,Traffic 1,6.197,True,0,-228.27,9.53,523.35
210.02,Traffic 2,6.253,True,0,-620.55,8.59,-69.09
210.02,Traffic 3,2.612,True,0,-88.14,30.57,-577.48
210.02,Traffic 4,2.670,True,0,516.92,82.90,-130.43
211.02,Traffic 1,6.193,True,0,-201.73,9.38,523.13
211.02,Traffic 2,6.254,True,0,-620.31,8.53,-85.00
211.02,Traffic 3,2.677,True,0,-104.49,30.67,-577.89
211.02,Traffic 4,2.724,True,0,510.15,86.18,-115.85
212.02,Traffic 1,6.192,True,0,-175.18,9.20,523.01
212.02,Traffic 2,6.257,True,0,-620.07,8.47,-100.92
212.02,Traffic 3,2.722,True,0,-120.82,30.65,-578.54
212.02,Traffic 4,2.775,True,0,502.64,88.18,-101.21
213.02,Traffic 1,6.190,True,0,-148.63,9.01,522.95
213.02,Traffic 2,6.257,True,0,-619.84,8.41,-116.84
213.02,Traffic 3,2.687,True,0,-137.15,30.93,-579.23
213.02,Traffic 4,2.725,True,0,494.83,89.14,-86.47
214.02,Traffic 1,6.188,True,0,-122.09,8.83,522.94
214.02,Traffic 2,6.257,True,0,-619.62,8.36,-132.75
214.02,Traffic 3,2.659,True,0,-153.52,31.27,-579.74
214.02,Traffic 4,2.658,True,0,487.33,89.32,-71.45
215.02,Traffic 1,6.186,True,0,-95.53,8.68,522.95
215.02,Traffic 2,6.255,True,0,-619.40,8.30,-148.68
215.02,Traffic 3,2.654,True,0,-169.90,31.51,-579.98
215.02,Traffic 4,2.589,True,0,480.83,88.99,-55.98
216.02,Traffic 1,6.177,True,0,-68.99,8.59,522.91
216.02,Traffic 2,6.252,True,0,-619.18,8.25,-164.60
216.02,Traffic 3,2.652,True,0,-186.26,31.50,-579.92
216.02,Traffic 4,2.484,True,0,476.27,88.39,-39.87
217.02,Traffic 1,6.171,True,0,-42.45,8.54,522.76
217.02,Traffic 2,6.250,True,0,-618.96,8.20,-180.52
217.02,Traffic 3,2.648,True,0,-202.59,31.10,-579.51
217.02,Traffic 4,2.309,True,0,474.54,86.29,-23.30
218.02,Traffic 1,6.191,True,0,-15.92,8.52,522.68
218.02,Traffic 2,6.248,True,0,-618.73,8.14,-196.44
218.02,Traffic 3,2.642,True,0,-218.90,30.19,-578.70
218.02,Traffic 4,2.391,True,0,475.03,83.18,-6.81
219.02,Traffic 1,6.223,True,0,10.60,8.57,523.08
219.02,Traffic 2,5.658,True,0,-619.09,8.09,-212.33
219.02,Traffic 3,2.633,True,0,-235.13,28.63,-577.39
219.02,Traffic 4,2.570,True,0,476.17,80.05,9.64
220.02,Traffic 1,6.203,True,0,36.47,8.71,524.95
220.02,Traffic 2,0.673,True,0,-624.67,8.04,-227.23
220.02,Traffic 3,2.614,True,0,-251.22,26.31,-575.55
220.02,Traffic 4,2.721,True,0,476.33,77.92,26.24
221.02,Traffic 1,6.806,True,0,60.87,9.24,530.75
221.02,Traffic 2,3.324,True,0,-627.51,7.99,-242.86
221.02,Traffic 3,2.631,True,0,-267.20,23.54,-573.29
221.02,Traffic 4,2.958,True,0,474.83,77.80,40.80
222.02,Traffic 1,5.798,True,0,85.41,9.70,537.26
222.02,Traffic 2,3.136,True,0,-627.06,7.93,-258.76
222.02,Traffic 3,2.652,True,0,-283.09,20.53,-570.81
222.02,Traffic 4,2.751,True,0,472.29,79.47,55.70
223.02,Traffic 1,5.717,True,0,111.74,9.77,539.44
223.02,Traffic 2,2.664,True,0,-626.30,7.87,-274.67
223.02,Traffic 3,2.667,True,0,-298.96,17.48,-568.23
223.02,Traffic 4,2.702,True,0,468.98,82.41,71.59
224.02,Traffic 1,6.210,True,0,138.25,9.76,540.53
224.02,Traffic 2,2.612,True,0,-625.96,7.81,-290.58
224.02,Traffic 3,2.677,True,0,-314.85,14.56,-565.65
224.02,Traffic 4,2.780,True,0,464.52,85.21,87.23
225.02,Traffic 1,6.276,True,0,164.71,9.66,542.59
225.02,Traffic 2,2.673,True,0,-625.71,7.75,-306.51
225.02,Traffic 3,2.687,True,0,-330.81,11.93,-563.17
225.02,Traffic 4,2.853,True,0,458.31,86.67,102.59
226.02,Traffic 1,6.310,True,0,191.07,9.43,545.91
226.02,Traffic 2,2.691,True,0,-625.39,7.68,-322.43
226.02,Traffic 3,2.697,True,0,-346.85,9.77,-560.91
226.02,Traffic 4,2.901,True,0,450.33,86.02,117.36
227.02,Traffic 1,6.231,True,0,217.31,9.10,549.89
227.02,Traffic 2,2.688,True,0,-625.02,7.61,-338.34
227.02,Traffic 3,2.722,True,0,-363.00,8.28,-558.94
227.02,Traffic 4,2.845,True,0,441.15,84.08,131.29
228.02,Traffic 1,5.981,True,0,241.59,8.84,553.57
228.02,Traffic 2,2.677,True,0,-624.67,7.54,-354.26
228.02,Traffic 3,2.701,True,0,-379.21,7.39,-557.17
228.02,Traffic 4,2.779,True,0,431.23,81.63,144.61
229.02,Traffic 1,4.719,True,0,261.15,8.70,556.75
229.02,Traffic 2,2.675,True,0,-624.35,7.46,-370.17
229.02,Traffic 3,2.684,True,0,-395.45,6.94,-555.49
229.02,Traffic 4,2.755,True,0,420.71,79.14,157.42
230.02,Traffic 1,3.308,True,0,277.42,8.70,558.73
230.02,Traffic 2,2.678,True,0,-624.04,7.38,-386.09
230.02,Traffic 3,2.685,True,0,-411.71,6.80,-553.87
230.02,Traffic 4,2.744,True,0,409.48,77.14,169.70
231.02,Traffic 1,2.526,True,0,292.76,8.71,558.78
231.02,Traffic 2,2.680,True,0,-623.73,7.30,-402.01
231.02,Traffic 3,2.688,True,0,-427.98,6.89,-552.34
231.02,Traffic 4,2.668,True,0,396.95,76.62,180.74
232.02,Traffic 1,2.274,True,0,303.20,8.73,557.64
232.02,Traffic 2,2.681,True,0,-623.41,7.21,-417.92
232.02,Traffic 3,2.690,True,0,-444.27,7.11,-550.91
232.02,Traffic 4,3.166,True,0,382.34,78.08,188.58
233.02,Traffic 1,3.083,True,0,310.99,8.70,556.49
233.02,Traffic 2,2.683,True,0,-623.05,7.13,-433.83
233.02,Traffic 3,2.692,True,0,-460.61,7.39,-549.60
233.02,Traffic 4,3.163,True,0,367.06,80.66,194.04
234.02,Traffic 1,1.160,True,0,318.04,8.75,551.48
234.02,Traffic 2,2.685,True,0,-622.63,7.04,-449.75
234.02,Traffic 3,2.694,True,0,-476.94,7.62,-548.44
234.02,Traffic 4,2.407,True,0,353.62,82.61,201.59
235.02,Traffic 1,0.675,True,0,320.30,10.86,538.24
235.02,Traffic 2,2.687,True,0,-622.13,6.95,-465.65
235.02,Traffic 3,2.688,True,0,-493.25,7.67,-547.48
235.02,Traffic 4,1.706,True,0,343.46,82.86,214.66
236.02,Traffic 1,2.134,True,0,318.00,13.74,523.53
236.02,Traffic 2,2.691,True,0,-621.50,6.86,-481.55
236.02,Traffic 3,2.723,True,0,-509.58,7.52,-546.97
236.02,Traffic 4,2.229,True,0,336.94,82.73,230.11
237.02,Traffic 1,2.919,True,0,316.67,16.88,508.74
237.02,Traffic 2,2.696,True,0,-620.67,6.77,-497.45
237.02,Traffic 3,2.769,True,0,-525.93,7.36,-547.16
237.02,Traffic 4,2.522,True,0,332.12,81.80,246.16
238.02,Traffic 1,2.805,True,0,316.37,20.25,493.97
238.02,Traffic 2,2.702,True,0,-619.48,6.69,-513.33
238.02,Traffic 3,2.743,True,0,-542.26,7.20,-547.85
238.02,Traffic 4,2.567,True,0,328.37,79.90,262.42
239.02,Traffic 1,2.715,True,0,316.36,23.86,479.29
239.02,Traffic 2,2.774,True,0,-617.96,6.62,-527.96
239.02,Traffic 3,2.706,True,0,-558.58,7.03,-548.66
239.02,Traffic 4,2.587,True,0,325.60,77.00,278.72
240.02,Traffic 1,2.673,True,0,316.32,27.73,464.70
240.02,Traffic 2,2.686,True,0,-616.91,6.58,-537.03
240.02,Traffic 3,2.675,True,0,-574.91,6.85,-549.14
240.02,Traffic 4,2.546,True,0,323.90,73.36,295.03
241.02,Traffic 1,2.668,True,0,316.21,31.71,450.16
241.02,Traffic 2,2.086,True,0,-615.36,6.66,-543.99
241.02,Traffic 3,2.667,True,0,-590.28,6.82,-548.44
241.02,Traffic 4,2.588,True,0,322.98,69.33,311.32
242.04,Traffic 1,2.679,True,0,316.09,35.75,435.65
242.04,Traffic 2,1.433,True,0,-610.67,6.74,-549.60
242.04,Traffic 3,2.286,True,0,-599.76,6.74,-547.12
242.04,Traffic 4,2.635,True,0,322.47,65.09,327.57
243.04,Traffic 1,2.684,True,0,316.00,39.82,421.08
243.04,Traffic 2,4.527,True,0,-597.24,6.72,-554.35
243.04,Traffic 3,2.706,True,0,-606.84,6.73,-546.10
243.04,Traffic 4,2.658,True,0,322.15,60.72,343.87
244.04,Traffic 1,2.687,True,0,315.99,43.86,406.57
244.04,Traffic 2,3.320,True,0,-581.34,6.77,-554.91
244.04,Traffic 3,0.833,True,0,-613.27,6.60,-541.89
244.04,Traffic 4,2.671,True,0,321.89,56.37,360.10
245.04,Traffic 1,2.689,True,0,316.08,47.85,392.03
245.04,Traffic 2,2.781,True,0,-565.43,6.95,-554.26
245.04,Traffic 3,0.832,True,0,-615.77,6.62,-527.97
245.04,Traffic 4,2.701,True,0,321.56,52.08,376.34
246.04,Traffic 1,2.695,True,0,316.30,51.76,377.46
246.04,Traffic 2,2.686,True,0,-549.51,7.12,-553.48
246.04,Traffic 3,2.362,True,0,-614.72,6.69,-511.66
246.04,Traffic 4,2.678,True,0,321.28,47.72,392.58
247.04,Traffic 1,2.699,True,0,316.62,55.60,362.88
247.04,Traffic 2,2.686,True,0,-533.60,7.29,-552.74
247.04,Traffic 3,2.999,True,0,-615.24,6.78,-495.32
247.04,Traffic 4,2.657,True,0,321.17,43.25,408.77
248.04,Traffic 1,2.671,True,0,316.91,59.50,348.32
248.04,Traffic 2,2.663,True,0,-517.69,7.44,-552.25
248.04,Traffic 3,2.730,True,0,-616.35,6.87,-479.01
248.04,Traffic 4,2.664,True,0,321.20,38.73,424.96
249.04,Traffic 1,2.673,True,0,317.18,63.41,333.76
249.04,Traffic 2,2.631,True,0,-501.77,7.59,-552.29
249.04,Traffic 3,2.617,True,0,-617.09,6.96,-462.68
249.04,Traffic 4,2.672,True,0,321.31,34.21,441.14
250.04,Traffic 1,2.687,True,0,317.56,67.25,319.17
250.04,Traffic 2,2.583,True,0,-485.85,7.68,-553.01
250.04,Traffic 3,2.648,True,0,-617.55,7.06,-446.35
250.04,Traffic 4,2.676,True,0,321.45,29.72,457.33
251.04,Traffic 1,2.699,True,0,318.19,70.97,304.55
251.04,Traffic 2,2.640,True,0,-469.97,7.53,-554.10
251.04,Traffic 3,2.674,True,0,-617.94,7.15,-430.00
251.04,Traffic 4,2.679,True,0,321.57,25.35,473.56
252.04,Traffic 1,2.709,True,0,319.23,74.45,289.87
252.04,Traffic 2,2.670,True,0,-454.11,7.27,-555.32
252.04,Traffic 3,2.677,True,0,-618.30,7.24,-413.65
252.04,Traffic 4,2.705,True,0,321.66,21.22,489.84
253.04,Traffic 1,2.726,True,0,320.92,77.58,275.08
253.04,Traffic 2,2.670,True,0,-438.21,7.01,-556.65
253.04,Traffic 3,2.676,True,0,-618.63,7.32,-397.28
253.04,Traffic 4,2.640,True,0,321.99,17.39,506.22
254.04,Traffic 1,2.786,True,0,323.52,80.06,260.27
254.04,Traffic 2,2.667,True,0,-422.37,6.84,-558.07
254.04,Traffic 3,2.678,True,0,-618.94,7.41,-380.94
254.04,Traffic 4,2.628,True,0,322.56,13.90,522.61
255.04,Traffic 1,2.758,True,0,327.03,81.74,245.43
255.04,Traffic 2,2.668,True,0,-406.53,6.82,-559.59
255.04,Traffic 3,2.680,True,0,-619.26,7.49,-364.60
255.04,Traffic 4,2.643,True,0,322.73,10.87,538.13
256.04,Traffic 1,2.760,True,0,331.60,82.65,230.70
256.04,Traffic 2,2.669,True,0,-390.70,7.05,-561.20
256.04,Traffic 3,2.681,True,0,-619.59,7.57,-348.26
256.04,Traffic 4,2.560,True,0,321.86,9.10,548.09
257.04,Traffic 1,2.803,True,0,337.66,82.89,216.42
257.04,Traffic 2,2.669,True,0,-374.86,7.61,-562.89
257.04,Traffic 3,2.683,True,0,-619.95,7.64,-331.92
257.04,Traffic 4,2.467,True,0,319.45,8.67,555.54
258.04,Traffic 1,2.819,True,0,345.71,82.70,203.22
258.04,Traffic 2,2.676,True,0,-359.10,8.62,-564.66
258.04,Traffic 3,2.682,True,0,-620.32,7.71,-315.57
258.04,Traffic 4,2.518,True,0,313.31,8.70,561.14
259.04,Traffic 1,2.938,True,0,356.78,81.90,192.54
259.04,Traffic 2,2.657,True,0,-343.49,10.26,-566.60
259.04,Traffic 3,2.676,True,0,-620.67,7.78,-299.22
259.04,Traffic 4,4.271,True,0,298.40,8.74,564.79
260.04,Traffic 1,3.411,True,0,370.58,79.68,185.85
260.04,Traffic 2,2.641,True,0,-328.06,12.47,-568.82
260.04,Traffic 3,2.676,True,0,-620.98,7.84,-282.87
260.04,Traffic 4,3.094,True,0,281.62,8.70,564.88
261.04,Traffic 1,3.044,True,0,385.10,77.41,180.90
261.04,Traffic 2,2.653,True,0,-312.77,15.07,-571.22
261.04,Traffic 3,2.678,True,0,-621.26,7.90,-266.53
261.04,Traffic 4,2.717,True,0,264.50,8.70,564.22
262.04,Traffic 1,2.259,True,0,398.58,76.56,173.48
262.04,Traffic 2,2.668,True,0,-297.57,17.91,-573.70
262.04,Traffic 3,2.678,True,0,-621.53,7.96,-250.17
262.04,Traffic 4,2.711,True,0,244.90,8.83,562.59
263.04,Traffic 1,2.057,True,0,409.65,77.66,162.81
263.04,Traffic 2,2.679,True,0,-282.40,20.82,-576.15
263.04,Traffic 3,2.678,True,0,-621.79,8.02,-233.83
263.04,Traffic 4,2.516,True,0,220.83,9.14,559.10
264.04,Traffic 1,2.516,True,0,419.36,79.71,151.12
264.04,Traffic 2,2.688,True,0,-267.20,23.67,-578.50
264.04,Traffic 3,2.679,True,0,-622.04,8.08,-217.49
264.04,Traffic 4,2.153,True,0,193.18,9.38,554.63
265.04,Traffic 1,2.671,True,0,428.69,82.05,139.23
265.04,Traffic 2,2.698,True,0,-251.91,26.31,-580.65
265.04,Traffic 3,2.685,True,0,-622.27,8.13,-201.15
265.04,Traffic 4,2.078,True,0,164.81,9.66,550.86
266.04,Traffic 1,2.641,True,0,437.63,84.28,127.02
266.04,Traffic 2,2.711,True,0,-236.45,28.52,-582.46
266.04,Traffic 3,3.066,True,0,-622.12,8.19,-184.79
266.04,Traffic 4,2.009,True,0,136.25,9.76,548.49
267.04,Traffic 1,2.611,True,0,445.97,86.04,114.25
267.04,Traffic 2,2.739,True,0,-220.78,30.08,-583.80
267.04,Traffic 3,3.316,True,0,-622.09,8.25,-168.45
267.04,Traffic 4,2.106,True,0,107.62,9.77,546.87
268.04,Traffic 1,2.587,True,0,453.41,86.68,100.68
268.04,Traffic 2,2.739,True,0,-204.94,31.01,-584.65
268.04,Traffic 3,3.301,True,0,-622.33,8.30,-152.09
268.04,Traffic 4,2.165,True,0,80.23,9.66,544.52
269.06,Traffic 1,2.498,True,0,459.40,85.35,86.42
269.06,Traffic 2,2.725,True,0,-189.01,31.46,-585.09
269.06,Traffic 3,3.263,True,0,-622.60,8.36,-135.75
269.06,Traffic 4,2.725,True,0,55.72,9.21,538.90
270.06,Traffic 1,2.472,True,0,463.79,82.70,71.76
270.06,Traffic 2,2.717,True,0,-173.07,31.53,-585.21
270.06,Traffic 3,3.259,True,0,-622.84,8.42,-119.39
270.06,Traffic 4,1.942,True,0,31.41,8.66,532.41
271.06,Traffic 1,2.508,True,0,466.91,79.82,56.78
271.06,Traffic 2,2.713,True,0,-157.09,31.34,-585.03
271.06,Traffic 3,3.265,True,0,-623.07,8.48,-102.99
271.06,Traffic 4,1.609,True,0,3.39,8.55,530.54
272.06,Traffic 1,2.567,True,0,469.27,77.88,41.61
272.06,Traffic 2,2.707,True,0,-141.18,31.02,-584.61
272.06,Traffic 3,3.266,True,0,-623.30,8.53,-86.64
272.06,Traffic 4,2.111,True,0,-25.26,8.52,530.84
