time,x,y,z,speed,wheels,up,target
0.020,809.996,153.258,190.005,0.290,4,1.000,1
0.040,809.988,153.256,190.014,0.578,4,1.000,1
0.060,809.977,153.252,190.028,0.865,4,1.000,1
0.080,809.962,153.247,190.046,1.151,4,1.000,1
0.100,809.943,153.242,190.069,1.435,4,1.000,1
0.120,809.921,153.236,190.095,1.718,4,1.000,1
0.140,809.895,153.230,190.127,2.000,4,1.000,1
0.160,809.865,153.224,190.162,2.280,4,1.000,1
0.180,809.832,153.218,190.202,2.559,4,1.000,1
0.200,809.795,153.213,190.246,2.836,4,1.000,1
0.220,809.755,153.207,190.294,3.111,4,1.000,1
0.240,809.712,153.202,190.346,3.385,4,1.000,1
0.260,809.665,153.197,190.402,3.658,4,1.000,1
0.280,809.614,153.192,190.463,3.928,4,1.000,1
0.300,809.560,153.188,190.528,4.198,4,1.000,1
0.320,809.503,153.184,190.596,4.466,4,1.000,1
0.340,809.442,153.180,190.669,4.732,4,1.000,1
0.360,809.378,153.176,190.746,4.997,4,1.000,1
0.380,809.310,153.172,190.827,5.260,4,1.000,1
0.400,809.239,153.169,190.912,5.522,4,1.000,1
0.420,809.165,153.165,191.001,5.782,4,1.000,1
0.440,809.088,153.161,191.094,6.041,4,1.000,1
0.460,809.007,153.158,191.191,6.299,4,1.000,1
0.480,808.923,153.154,191.292,6.554,4,1.000,1
0.500,808.836,153.150,191.396,6.775,4,1.000,1
0.520,808.747,153.146,191.503,6.962,4,0.999,1
0.540,808.655,153.142,191.613,7.121,4,0.999,1
0.560,808.562,153.138,191.725,7.255,4,0.999,1
0.580,808.468,153.133,191.838,7.369,4,0.999,1
0.600,808.372,153.129,191.953,7.466,4,0.999,1
0.620,808.276,153.124,192.069,7.549,4,0.999,1
0.640,808.178,153.119,192.186,7.619,4,0.999,1
0.660,808.080,153.114,192.305,7.679,4,0.999,1
0.680,807.980,153.108,192.423,7.730,4,0.999,1
0.700,807.881,153.102,192.543,7.774,4,0.999,1
0.720,807.781,153.096,192.663,7.812,4,0.999,1
0.740,807.680,153.090,192.784,7.844,4,0.999,1
0.760,807.580,153.084,192.904,7.871,4,0.999,1
0.780,807.479,153.077,193.026,7.895,4,0.999,1
0.800,807.377,153.070,193.147,7.915,4,0.999,1
0.820,807.276,153.063,193.269,7.932,4,0.999,1
0.840,807.175,153.057,193.390,7.875,4,0.999,1
0.860,807.074,153.050,193.511,7.898,4,0.999,1
0.880,806.973,153.043,193.633,7.918,4,0.999,1
0.900,806.872,153.036,193.753,7.863,4,0.999,1
0.920,806.771,153.029,193.874,7.888,4,0.999,1
0.940,806.670,153.022,193.996,7.909,4,0.999,1
0.960,806.569,153.015,194.118,7.927,4,0.999,1
0.980,806.468,153.008,194.238,7.871,4,0.999,1
1.000,806.367,153.001,194.360,7.895,4,0.999,1
1.020,806.266,152.994,194.481,7.915,4,0.999,1
1.040,806.164,152.988,194.603,7.932,4,0.999,1
1.060,806.064,152.981,194.724,7.875,4,0.999,1
1.080,805.963,152.974,194.845,7.898,4,0.999,1
1.100,805.861,152.968,194.966,7.918,4,0.999,1
1.120,805.761,152.961,195.087,7.863,4,0.999,1
1.140,805.660,152.955,195.208,7.888,4,0.999,1
1.160,805.559,152.948,195.330,7.909,4,0.999,1
1.180,805.457,152.942,195.451,7.927,4,0.999,1
1.200,805.356,152.935,195.572,7.871,4,0.999,1
1.220,805.255,152.929,195.693,7.895,4,0.999,1
1.240,805.154,152.923,195.815,7.915,4,0.999,1
1.260,805.053,152.916,195.937,7.932,4,0.999,1
1.280,804.952,152.910,196.058,7.875,4,0.999,1
1.300,804.851,152.904,196.179,7.898,4,0.999,1
1.320,804.749,152.897,196.300,7.918,4,0.999,1
1.340,804.649,152.891,196.421,7.863,4,0.999,1
1.360,804.548,152.885,196.542,7.888,4,0.999,1
1.380,804.447,152.878,196.664,7.909,4,0.999,1
1.400,804.345,152.872,196.785,7.927,4,0.999,1
1.420,804.245,152.866,196.906,7.871,4,0.999,1
1.440,804.144,152.860,197.027,7.895,4,0.999,1
1.460,804.042,152.853,197.149,7.915,4,0.999,1
1.480,803.941,152.847,197.271,7.932,4,0.999,1
1.500,803.840,152.841,197.392,7.875,4,0.999,1
1.520,803.739,152.834,197.513,7.898,4,0.999,1
1.540,803.638,152.828,197.634,7.918,4,0.999,1
1.560,803.537,152.821,197.755,7.863,4,0.999,1
1.580,803.436,152.815,197.876,7.888,4,0.999,1
1.600,803.335,152.809,197.998,7.909,4,0.999,1
1.620,803.234,152.802,198.119,7.927,4,0.999,1
1.640,803.133,152.796,198.240,7.871,4,0.999,1
1.660,803.032,152.790,198.361,7.895,4,0.999,1
1.680,802.931,152.783,198.483,7.915,4,0.999,1
1.700,802.829,152.777,198.605,7.932,4,0.999,1
1.720,802.728,152.770,198.726,7.875,4,0.999,1
1.740,802.627,152.764,198.847,7.898,4,0.999,1
1.760,802.526,152.758,198.968,7.918,4,0.999,1
1.780,802.425,152.751,199.089,7.863,4,0.999,1
1.800,802.324,152.745,199.210,7.888,4,0.999,1
1.820,802.223,152.738,199.332,7.909,4,0.999,1
1.840,802.122,152.732,199.453,7.927,4,0.999,1
1.860,802.021,152.726,199.574,7.871,4,0.999,1
1.880,801.920,152.719,199.695,7.895,4,0.999,1
1.900,801.819,152.713,199.817,7.915,4,0.999,1
1.920,801.717,152.706,199.939,7.932,4,0.999,1
1.940,801.617,152.700,200.060,7.875,4,0.999,1
1.960,801.515,152.694,200.181,7.898,4,0.999,1
1.980,801.414,152.687,200.302,7.918,4,0.999,1
2.000,801.314,152.681,200.423,7.863,4,0.999,1
2.020,801.213,152.674,200.544,7.888,4,0.999,1
2.040,801.112,152.668,200.666,7.909,4,0.999,1
2.060,801.010,152.662,200.787,7.927,4,0.999,1
2.080,800.909,152.655,200.908,7.871,4,0.999,1
2.100,800.808,152.649,201.029,7.895,4,0.999,1
2.120,800.707,152.642,201.151,7.915,4,0.999,1
2.140,800.606,152.636,201.273,7.932,4,0.999,1
2.160,800.505,152.630,201.394,7.875,4,0.999,1
2.180,800.404,152.623,201.515,7.898,4,0.999,1
2.200,800.302,152.617,201.636,7.918,4,0.999,1
2.220,800.202,152.611,201.757,7.863,4,0.999,1
2.240,800.101,152.604,201.878,7.888,4,0.999,1
2.260,800.000,152.598,202.000,7.909,4,0.999,1
2.280,799.898,152.591,202.121,7.927,4,0.999,1
2.300,799.798,152.585,202.242,7.871,4,0.999,1
2.320,799.697,152.579,202.363,7.895,4,0.999,1
2.340,799.595,152.572,202.485,7.915,4,0.999,1
2.360,799.494,152.566,202.607,7.932,4,0.999,1
2.380,799.393,152.559,202.728,7.875,4,0.999,1
2.400,799.292,152.553,202.849,7.898,4,0.999,1
2.420,799.191,152.547,202.970,7.918,4,0.999,1
2.440,799.090,152.540,203.091,7.863,4,0.999,1
2.460,798.989,152.534,203.212,7.888,4,0.999,1
2.480,798.888,152.528,203.334,7.909,4,0.999,1
2.500,798.787,152.521,203.455,7.927,4,0.999,1
2.520,798.686,152.515,203.576,7.871,4,0.999,1
2.540,798.585,152.508,203.697,7.895,4,0.999,1
2.560,798.484,152.502,203.819,7.915,4,0.999,1
2.580,798.382,152.496,203.941,7.932,4,0.999,1
2.600,798.281,152.489,204.062,7.875,4,0.999,1
2.620,798.180,152.483,204.183,7.898,4,0.999,1
2.640,798.079,152.476,204.304,7.918,4,0.999,1
2.660,797.978,152.470,204.425,7.863,4,0.999,1
2.680,797.877,152.464,204.546,7.888,4,0.999,1
2.700,797.776,152.457,204.668,7.909,4,0.999,1
2.720,797.675,152.451,204.789,7.927,4,0.999,1
2.740,797.574,152.444,204.910,7.871,4,0.999,1
2.760,797.473,152.438,205.031,7.895,4,0.999,1
2.780,797.372,152.432,205.153,7.915,4,0.999,1
2.800,797.270,152.425,205.275,7.932,4,0.999,1
2.820,797.170,152.419,205.396,7.875,4,0.999,1
2.840,797.069,152.413,205.517,7.898,4,0.999,1
2.860,796.967,152.406,205.638,7.918,4,0.999,1
2.880,796.867,152.400,205.759,7.863,4,0.999,1
2.900,796.766,152.393,205.880,7.888,4,0.999,1
2.920,796.665,152.387,206.002,7.909,4,0.999,1
2.940,796.563,152.381,206.123,7.927,4,0.999,1
2.960,796.462,152.374,206.244,7.871,4,0.999,1
2.980,796.361,152.368,206.365,7.895,4,0.999,1
3.000,796.260,152.361,206.487,7.915,4,0.999,1
3.020,796.159,152.355,206.609,7.932,4,0.999,1
3.040,796.058,152.349,206.730,7.875,4,0.999,1
3.060,795.957,152.342,206.851,7.898,4,0.999,1
3.080,795.856,152.336,206.972,7.918,4,0.999,1
3.100,795.755,152.330,207.093,7.863,4,0.999,1
3.120,795.654,152.323,207.214,7.888,4,0.999,1
3.140,795.553,152.317,207.336,7.909,4,0.999,1
3.160,795.451,152.310,207.457,7.927,4,0.999,1
3.180,795.351,152.304,207.578,7.871,4,0.999,1
3.200,795.250,152.298,207.699,7.895,4,0.999,1
3.220,795.148,152.291,207.821,7.915,4,0.999,1
3.240,795.047,152.285,207.943,7.932,4,0.999,1
3.260,794.946,152.278,208.064,7.875,4,0.999,1
3.280,794.845,152.272,208.185,7.898,4,0.999,1
3.300,794.744,152.266,208.306,7.918,4,0.999,1
3.320,794.643,152.259,208.427,7.863,4,0.999,1
3.340,794.542,152.253,208.548,7.888,4,0.999,1
3.360,794.441,152.246,208.670,7.909,4,0.999,1
3.380,794.340,152.240,208.791,7.927,4,0.999,1
3.400,794.239,152.234,208.912,7.871,4,0.999,1
3.420,794.138,152.227,209.033,7.895,4,0.999,1
3.440,794.037,152.221,209.155,7.915,4,0.999,1
3.460,793.935,152.215,209.277,7.932,4,0.999,1
3.480,793.835,152.208,209.398,7.875,4,0.999,1
3.500,793.734,152.202,209.519,7.898,4,0.999,1
3.520,793.632,152.195,209.641,7.918,4,0.999,1
3.540,793.532,152.189,209.761,7.863,4,0.999,1
3.560,793.431,152.183,209.882,7.888,4,0.999,1
3.580,793.330,152.176,210.004,7.909,4,0.999,1
3.600,793.228,152.170,210.125,7.927,4,0.999,1
3.620,793.127,152.163,210.246,7.871,4,0.999,1
3.640,793.026,152.157,210.368,7.895,4,0.999,1
3.660,792.925,152.151,210.489,7.915,4,0.999,1
3.680,792.824,152.144,210.611,7.932,4,0.999,1
3.700,792.723,152.138,210.732,7.875,4,0.999,1
3.720,792.622,152.132,210.853,7.898,4,0.999,1
3.740,792.520,152.125,210.975,7.918,4,0.999,1
3.760,792.420,152.119,211.095,7.863,4,0.999,1
3.780,792.319,152.112,211.216,7.888,4,0.999,1
3.800,792.218,152.106,211.338,7.909,4,0.999,1
3.820,792.116,152.100,211.460,7.927,4,0.999,1
3.840,792.016,152.093,211.580,7.871,4,0.999,1
3.860,791.915,152.087,211.702,7.895,4,0.999,1
3.880,791.813,152.080,211.823,7.915,4,0.999,1
3.900,791.712,152.074,211.945,7.932,4,0.999,1
3.920,791.611,152.068,212.066,7.875,4,0.999,1
3.940,791.510,152.061,212.187,7.898,4,0.999,1
3.960,791.409,152.055,212.309,7.918,4,0.999,1
3.980,791.308,152.048,212.429,7.863,4,0.999,1
4.000,791.207,152.042,212.550,7.888,4,0.999,1
4.020,791.106,152.036,212.672,7.909,4,0.999,1
4.040,791.005,152.029,212.794,7.927,4,0.999,1
4.060,790.904,152.023,212.914,7.871,4,0.999,1
4.080,790.803,152.017,213.036,7.895,4,0.999,1
4.100,790.702,152.010,213.157,7.915,4,0.999,1
4.120,790.600,152.004,213.279,7.932,4,0.999,1
4.140,790.500,151.997,213.400,7.875,4,0.999,1
4.160,790.398,151.991,213.521,7.898,4,0.999,1
4.180,790.297,151.985,213.643,7.918,4,0.999,1
4.200,790.197,151.978,213.763,7.863,4,0.999,1
4.220,790.096,151.972,213.885,7.888,4,0.999,1
4.240,789.994,151.965,214.006,7.909,4,0.999,1
4.260,789.893,151.959,214.128,7.927,4,0.999,1
4.280,789.792,151.953,214.249,7.871,4,0.999,1
4.300,789.691,151.946,214.370,7.895,4,0.999,1
4.320,789.590,151.940,214.491,7.915,4,0.999,1
4.340,789.489,151.933,214.613,7.932,4,0.999,1
4.360,789.388,151.927,214.734,7.875,4,0.999,1
4.380,789.287,151.921,214.855,7.898,4,0.999,1
4.400,789.186,151.914,214.977,7.918,4,0.999,1
4.420,789.085,151.908,215.097,7.863,4,0.999,1
4.440,788.984,151.902,215.219,7.888,4,0.999,1
4.460,788.883,151.895,215.340,7.909,4,0.999,1
4.480,788.781,151.889,215.462,7.927,4,0.999,1
4.500,788.681,151.882,215.583,7.871,4,0.999,1
4.520,788.580,151.876,215.704,7.895,4,0.999,1
4.540,788.479,151.870,215.825,7.915,4,0.999,1
4.560,788.377,151.863,215.947,7.932,4,0.999,1
4.580,788.276,151.857,216.068,7.875,4,0.999,1
4.600,788.175,151.850,216.189,7.898,4,0.999,1
4.620,788.074,151.844,216.311,7.918,4,0.999,2
4.640,787.973,151.838,216.432,7.863,4,0.999,2
4.660,787.873,151.831,216.553,7.888,4,0.999,2
4.680,787.772,151.825,216.674,7.908,4,0.999,2
4.700,787.671,151.819,216.797,7.925,4,0.999,2
4.720,787.571,151.812,216.918,7.867,4,0.999,2
4.740,787.472,151.806,217.041,7.886,4,0.999,2
4.760,787.373,151.799,217.164,7.899,4,0.999,2
4.780,787.276,151.793,217.289,7.908,4,0.999,2
4.800,787.179,151.787,217.415,7.913,4,0.999,2
4.820,787.085,151.780,217.543,7.914,4,0.999,2
4.840,786.992,151.774,217.672,7.913,4,0.999,2
4.860,786.902,151.767,217.803,7.908,4,0.999,2
4.880,786.814,151.761,217.936,7.902,4,0.999,2
4.900,786.729,151.755,218.070,7.895,4,0.999,2
4.920,786.647,151.749,218.207,7.886,4,0.999,2
4.940,786.568,151.742,218.345,7.877,4,0.999,2
4.960,786.493,151.736,218.485,7.867,4,0.999,2
4.980,786.421,151.730,218.626,7.858,4,0.999,2
5.000,786.353,151.724,218.770,7.848,4,0.999,2
5.020,786.289,151.718,218.915,7.839,4,0.999,2
5.040,786.229,151.713,219.062,7.830,4,0.999,2
5.060,786.173,151.707,219.210,7.821,4,0.999,2
5.080,786.121,151.702,219.360,7.813,4,0.999,2
5.100,786.074,151.696,219.511,7.805,4,0.999,2
5.120,786.031,151.691,219.663,7.798,4,0.999,2
5.140,785.993,151.687,219.816,7.791,4,0.999,2
5.160,785.959,151.683,219.970,7.784,4,0.999,2
5.180,785.930,151.679,220.125,7.778,4,0.999,2
5.200,785.906,151.675,220.281,7.772,4,0.999,2
5.220,785.886,151.671,220.437,7.766,4,1.000,2
5.240,785.872,151.668,220.594,7.761,4,1.000,2
5.260,785.862,151.665,220.751,7.756,4,1.000,2
5.280,785.857,151.661,220.909,7.752,4,1.000,2
5.300,785.857,151.658,221.066,7.749,4,1.000,2
5.320,785.861,151.656,221.223,7.748,4,1.000,2
5.340,785.871,151.653,221.380,7.748,4,1.000,2
5.360,785.885,151.650,221.536,7.750,4,1.000,2
5.380,785.904,151.648,221.692,7.754,4,1.000,2
5.400,785.927,151.646,221.848,7.760,4,1.000,2
5.420,785.955,151.645,222.002,7.766,4,1.000,2
5.440,785.987,151.644,222.156,7.774,4,1.000,2
5.460,786.024,151.643,222.309,7.783,4,1.000,2
5.480,786.064,151.642,222.461,7.793,4,1.000,2
5.500,786.108,151.642,222.612,7.804,4,1.000,2
5.520,786.155,151.641,222.762,7.814,4,1.000,2
5.540,786.206,151.641,222.912,7.825,4,1.000,2
5.560,786.260,151.642,223.060,7.836,4,1.000,2
5.580,786.316,151.642,223.207,7.847,4,1.000,2
5.600,786.376,151.642,223.353,7.858,4,1.000,2
5.620,786.438,151.643,223.498,7.868,4,1.000,2
5.640,786.503,151.643,223.643,7.877,4,1.000,2
5.660,786.570,151.644,223.786,7.887,4,1.000,2
5.680,786.639,151.644,223.928,7.895,4,1.000,2
5.700,786.710,151.644,224.070,7.903,4,1.000,2
5.720,786.783,151.645,224.210,7.911,4,1.000,2
5.740,786.858,151.645,224.350,7.918,4,1.000,2
5.760,786.933,151.645,224.488,7.853,4,1.000,2
5.780,787.011,151.646,224.625,7.869,4,1.000,2
5.800,787.089,151.646,224.762,7.883,4,1.000,2
5.820,787.169,151.647,224.899,7.895,4,1.000,2
5.840,787.250,151.647,225.035,7.906,4,1.000,2
5.860,787.332,151.647,225.170,7.915,4,1.000,2
5.880,787.415,151.648,225.305,7.924,4,1.000,2
5.900,787.498,151.648,225.439,7.860,4,1.000,2
5.920,787.583,151.648,225.572,7.876,4,1.000,2
5.940,787.668,151.648,225.705,7.891,4,1.000,2
5.960,787.753,151.649,225.837,7.903,4,1.000,2
5.980,787.840,151.649,225.970,7.913,4,1.000,2
6.000,787.927,151.649,226.102,7.923,4,1.000,2
6.020,788.014,151.649,226.233,7.859,4,1.000,2
6.040,788.102,151.649,226.364,7.876,4,1.000,2
6.060,788.190,151.649,226.495,7.891,4,1.000,2
6.080,788.278,151.650,226.626,7.904,4,1.000,2
6.100,788.368,151.650,226.757,7.914,4,1.000,2
6.120,788.457,151.650,226.888,7.924,4,1.000,2
6.140,788.546,151.650,227.017,7.860,4,1.000,2
6.160,788.636,151.650,227.147,7.877,4,1.000,2
6.180,788.726,151.650,227.277,7.892,4,1.000,2
6.200,788.816,151.650,227.406,7.905,4,1.000,2
6.220,788.907,151.650,227.536,7.915,4,1.000,2
6.240,788.998,151.650,227.666,7.925,4,1.000,2
6.260,789.088,151.649,227.795,7.861,4,1.000,2
6.280,789.179,151.649,227.924,7.878,4,1.000,2
6.300,789.269,151.649,228.053,7.893,4,1.000,2
6.320,789.361,151.649,228.182,7.905,4,1.000,2
6.340,789.452,151.649,228.311,7.916,4,1.000,2
6.360,789.544,151.649,228.441,7.925,4,1.000,2
6.380,789.635,151.649,228.569,7.861,4,1.000,2
6.400,789.726,151.649,228.697,7.879,4,1.000,2
6.420,789.817,151.649,228.826,7.893,4,1.000,2
6.440,789.909,151.649,228.955,7.906,4,1.000,2
6.460,790.001,151.649,229.084,7.916,4,1.000,2
6.480,790.093,151.649,229.213,7.925,4,1.000,2
6.500,790.184,151.649,229.341,7.862,4,1.000,2
6.520,790.276,151.649,229.469,7.879,4,1.000,2
6.540,790.367,151.649,229.597,7.893,4,1.000,2
6.560,790.459,151.649,229.726,7.906,4,1.000,2
6.580,790.551,151.649,229.855,7.916,4,1.000,2
6.600,790.644,151.649,229.984,7.925,4,1.000,2
6.620,790.735,151.649,230.112,7.862,4,1.000,2
6.640,790.827,151.649,230.240,7.879,4,1.000,2
6.660,790.919,151.649,230.368,7.893,4,1.000,2
6.680,791.011,151.649,230.497,7.906,4,1.000,2
6.700,791.103,151.649,230.626,7.916,4,1.000,2
6.720,791.195,151.649,230.754,7.925,4,1.000,2
6.740,791.287,151.649,230.882,7.862,4,1.000,2
6.760,791.378,151.649,231.010,7.879,4,1.000,2
6.780,791.470,151.649,231.139,7.893,4,1.000,2
6.800,791.563,151.649,231.267,7.906,4,1.000,2
6.820,791.655,151.649,231.396,7.916,4,1.000,2
6.840,791.747,151.649,231.525,7.925,4,1.000,2
6.860,791.839,151.649,231.652,7.862,4,1.000,2
6.880,791.931,151.649,231.781,7.879,4,1.000,2
6.900,792.023,151.649,231.909,7.893,4,1.000,2
6.920,792.115,151.649,232.037,7.906,4,1.000,2
6.940,792.207,151.649,232.166,7.916,4,1.000,2
6.960,792.299,151.649,232.295,7.925,4,1.000,2
6.980,792.391,151.649,232.423,7.862,4,1.000,2
7.000,792.483,151.649,232.551,7.879,4,1.000,2
7.020,792.575,151.649,232.679,7.893,4,1.000,2
7.040,792.667,151.649,232.807,7.906,4,1.000,2
7.060,792.759,151.649,232.936,7.916,4,1.000,2
7.080,792.852,151.649,233.065,7.925,4,1.000,2
7.100,792.943,151.649,233.193,7.862,4,1.000,2
7.120,793.035,151.649,233.321,7.879,4,1.000,2
7.140,793.127,151.649,233.449,7.893,4,1.000,2
7.160,793.219,151.649,233.577,7.906,4,1.000,2
7.180,793.312,151.649,233.706,7.916,4,1.000,2
7.200,793.404,151.649,233.835,7.925,4,1.000,2
7.220,793.496,151.649,233.963,7.862,4,1.000,2
7.240,793.588,151.649,234.091,7.879,4,1.000,2
7.260,793.680,151.649,234.219,7.893,4,1.000,2
7.280,793.772,151.649,234.347,7.906,4,1.000,2
7.300,793.864,151.649,234.476,7.916,4,1.000,2
7.320,793.956,151.649,234.605,7.925,4,1.000,2
7.340,794.048,151.649,234.733,7.862,4,1.000,2
7.360,794.140,151.649,234.861,7.879,4,1.000,2
7.380,794.232,151.649,234.989,7.893,4,1.000,2
7.400,794.324,151.649,235.117,7.906,4,1.000,2
7.420,794.416,151.649,235.246,7.916,4,1.000,2
7.440,794.509,151.649,235.375,7.925,4,1.000,2
7.460,794.601,151.649,235.503,7.862,4,1.000,2
7.480,794.692,151.649,235.631,7.879,4,1.000,2
7.500,794.784,151.649,235.759,7.893,4,1.000,2
7.520,794.877,151.649,235.887,7.906,4,1.000,2
7.540,794.969,151.649,236.016,7.916,4,1.000,2
7.560,795.061,151.649,236.145,7.925,4,1.000,2
7.580,795.153,151.649,236.273,7.862,4,1.000,2
7.600,795.245,151.649,236.401,7.879,4,1.000,2
7.620,795.337,151.649,236.529,7.893,4,1.000,2
7.640,795.429,151.649,236.657,7.906,4,1.000,2
7.660,795.521,151.649,236.786,7.916,4,1.000,2
7.680,795.614,151.649,236.915,7.925,4,1.000,2
7.700,795.705,151.649,237.043,7.862,4,1.000,2
7.720,795.797,151.649,237.171,7.879,4,1.000,2
7.740,795.889,151.649,237.299,7.893,4,1.000,2
7.760,795.981,151.649,237.427,7.906,4,1.000,2
7.780,796.074,151.649,237.556,7.916,4,1.000,2
7.800,796.166,151.649,237.685,7.925,4,1.000,2
7.820,796.258,151.649,237.813,7.862,4,1.000,2
7.840,796.350,151.649,237.941,7.879,4,1.000,2
7.860,796.442,151.649,238.069,7.893,4,1.000,2
7.880,796.534,151.649,238.197,7.906,4,1.000,2
7.900,796.626,151.649,238.326,7.916,4,1.000,2
7.920,796.719,151.649,238.455,7.925,4,1.000,2
7.940,796.810,151.649,238.583,7.862,4,1.000,2
7.960,796.902,151.649,238.711,7.879,4,1.000,2
7.980,796.994,151.649,238.839,7.893,4,1.000,2
8.000,797.086,151.649,238.967,7.906,4,1.000,2
8.020,797.179,151.649,239.096,7.916,4,1.000,2
8.040,797.271,151.649,239.225,7.925,4,1.000,2
8.060,797.363,151.649,239.353,7.862,4,1.000,2
8.080,797.455,151.649,239.481,7.879,4,1.000,2
8.100,797.547,151.649,239.609,7.893,4,1.000,2
8.120,797.639,151.649,239.737,7.906,4,1.000,2
8.140,797.731,151.649,239.866,7.916,4,1.000,2
8.160,797.823,151.649,239.995,7.925,4,1.000,2
8.180,797.915,151.649,240.123,7.862,4,1.000,2
8.200,798.007,151.649,240.251,7.879,4,1.000,2
8.220,798.099,151.649,240.379,7.893,4,1.000,2
8.240,798.191,151.649,240.507,7.906,4,1.000,2
8.260,798.283,151.649,240.636,7.916,4,1.000,2
8.280,798.376,151.649,240.765,7.925,4,1.000,2
8.300,798.468,151.649,240.893,7.862,4,1.000,2
8.320,798.559,151.649,241.021,7.879,4,1.000,2
8.340,798.651,151.649,241.149,7.893,4,1.000,2
8.360,798.744,151.649,241.277,7.906,4,1.000,2
8.380,798.836,151.649,241.406,7.916,4,1.000,2
8.400,798.928,151.649,241.535,7.925,4,1.000,2
8.420,799.020,151.649,241.663,7.862,4,1.000,2
8.440,799.112,151.649,241.791,7.879,4,1.000,2
8.460,799.204,151.649,241.919,7.893,4,1.000,2
8.480,799.296,151.649,242.047,7.906,4,1.000,2
8.500,799.388,151.649,242.176,7.916,4,1.000,2
8.520,799.481,151.649,242.305,7.925,4,1.000,2
8.540,799.572,151.649,242.433,7.862,4,1.000,2
8.560,799.664,151.649,242.561,7.879,4,1.000,2
8.580,799.756,151.649,242.689,7.893,4,1.000,2
8.600,799.848,151.649,242.817,7.906,4,1.000,2
8.620,799.941,151.649,242.946,7.916,4,1.000,2
8.640,800.033,151.649,243.075,7.925,4,1.000,2
8.660,800.125,151.649,243.203,7.862,4,1.000,2
8.680,800.217,151.649,243.331,7.879,4,1.000,2
8.700,800.309,151.649,243.459,7.893,4,1.000,2
8.720,800.401,151.649,243.587,7.906,4,1.000,2
8.740,800.493,151.649,243.716,7.916,4,1.000,2
8.760,800.586,151.649,243.845,7.925,4,1.000,2
8.780,800.677,151.649,243.973,7.862,4,1.000,2
8.800,800.769,151.649,244.101,7.879,4,1.000,2
8.820,800.861,151.649,244.229,7.893,4,1.000,2
8.840,800.953,151.649,244.357,7.906,4,1.000,2
8.860,801.046,151.649,244.486,7.916,4,1.000,2
8.880,801.138,151.649,244.615,7.925,4,1.000,2
8.900,801.230,151.649,244.743,7.862,4,1.000,2
8.920,801.321,151.649,244.871,7.879,4,1.000,2
8.940,801.413,151.649,244.999,7.893,4,1.000,2
8.960,801.506,151.649,245.128,7.906,4,1.000,2
8.980,801.598,151.649,245.256,7.916,4,1.000,2
9.000,801.690,151.649,245.385,7.925,4,1.000,2
9.020,801.782,151.649,245.513,7.862,4,1.000,2
9.040,801.874,151.649,245.641,7.879,4,1.000,2
9.060,801.966,151.649,245.769,7.893,4,1.000,2
9.080,802.058,151.649,245.898,7.906,4,1.000,2
9.100,802.150,151.649,246.026,7.916,4,1.000,2
9.120,802.243,151.649,246.155,7.925,4,1.000,3
9.140,802.334,151.649,246.283,7.862,4,1.000,3
9.160,802.426,151.649,246.411,7.879,4,1.000,3
9.180,802.518,151.649,246.539,7.893,4,1.000,3
9.200,802.611,151.649,246.667,7.904,4,1.000,3
9.220,802.705,151.649,246.795,7.912,4,1.000,3
9.240,802.799,151.649,246.922,7.916,4,1.000,3
9.260,802.894,151.649,247.049,7.918,4,1.000,3
9.280,802.989,151.649,247.174,7.845,4,1.000,3
9.300,803.087,151.649,247.298,7.851,4,1.000,3
9.320,803.186,151.649,247.421,7.854,4,1.000,3
9.340,803.287,151.649,247.542,7.853,4,1.000,3
9.360,803.390,151.649,247.661,7.850,4,1.000,3
9.380,803.496,151.649,247.779,7.845,4,1.000,3
9.400,803.604,151.650,247.894,7.838,4,1.000,3
9.420,803.715,151.650,248.007,7.831,4,1.000,3
9.440,803.828,151.650,248.117,7.822,4,1.000,3
9.460,803.944,151.650,248.225,7.814,4,1.000,3
9.480,804.062,151.651,248.329,7.805,4,1.000,3
9.500,804.183,151.651,248.430,7.796,4,1.000,3
9.520,804.307,151.652,248.528,7.788,4,1.000,3
9.540,804.433,151.652,248.623,7.779,4,1.000,3
9.560,804.562,151.653,248.713,7.772,4,1.000,3
9.580,804.693,151.653,248.800,7.764,4,1.000,3
9.600,804.827,151.654,248.884,7.757,4,1.000,3
9.620,804.963,151.655,248.963,7.751,4,1.000,3
9.640,805.101,151.655,249.038,7.745,4,1.000,3
9.660,805.241,151.656,249.109,7.739,4,1.000,3
9.680,805.383,151.657,249.175,7.734,4,1.000,3
9.700,805.527,151.658,249.238,7.730,4,1.000,3
9.720,805.673,151.659,249.295,7.726,4,1.000,3
9.740,805.821,151.659,249.349,7.722,4,1.000,3
9.760,805.970,151.660,249.397,7.719,4,1.000,3
9.780,806.120,151.662,249.442,7.716,4,1.000,3
9.800,806.272,151.663,249.481,7.715,4,1.000,3
9.820,806.425,151.664,249.516,7.715,4,1.000,3
9.840,806.578,151.665,249.546,7.717,4,1.000,3
9.860,806.733,151.667,249.571,7.721,4,1.000,3
9.880,806.888,151.668,249.592,7.727,4,1.000,3
9.900,807.044,151.669,249.609,7.734,4,1.000,3
9.920,807.200,151.671,249.621,7.742,4,1.000,3
9.940,807.357,151.672,249.629,7.752,4,1.000,3
9.960,807.514,151.674,249.633,7.762,4,1.000,3
9.980,807.671,151.675,249.632,7.773,4,1.000,3
10.000,807.828,151.677,249.628,7.785,4,1.000,3
10.020,807.984,151.679,249.621,7.796,4,1.000,3
10.040,808.141,151.680,249.610,7.808,4,1.000,3
10.060,808.298,151.682,249.596,7.820,4,1.000,3
10.080,808.455,151.683,249.579,7.831,4,1.000,3
10.100,808.611,151.685,249.559,7.842,4,1.000,3
10.120,808.767,151.687,249.536,7.852,4,1.000,3
10.140,808.923,151.689,249.511,7.862,4,1.000,3
10.160,809.078,151.690,249.483,7.872,4,1.000,3
10.180,809.233,151.692,249.453,7.880,4,1.000,3
10.200,809.388,151.694,249.421,7.889,4,1.000,3
10.220,809.543,151.696,249.388,7.896,4,1.000,3
10.240,809.697,151.697,249.352,7.903,4,1.000,3
10.260,809.851,151.699,249.315,7.910,4,1.000,3
10.280,810.005,151.701,249.276,7.916,4,1.000,3
10.300,810.158,151.703,249.236,7.921,4,1.000,3
10.320,810.310,151.705,249.195,7.854,4,1.000,3
10.340,810.462,151.706,249.153,7.869,4,1.000,3
10.360,810.614,151.708,249.110,7.882,4,1.000,3
10.380,810.765,151.710,249.066,7.893,4,1.000,3
10.400,810.917,151.712,249.020,7.903,4,1.000,3
10.420,811.068,151.713,248.974,7.911,4,1.000,3
10.440,811.219,151.715,248.927,7.918,4,1.000,3
10.460,811.369,151.717,248.880,7.853,4,1.000,3
10.480,811.519,151.718,248.832,7.869,4,1.000,3
10.500,811.669,151.720,248.784,7.883,4,1.000,3
10.520,811.819,151.722,248.735,7.895,4,1.000,3
10.540,811.969,151.723,248.685,7.905,4,1.000,3
10.560,812.120,151.725,248.635,7.913,4,1.000,3
10.580,812.270,151.727,248.585,7.920,4,1.000,3
10.600,812.419,151.728,248.534,7.855,4,1.000,3
10.620,812.568,151.730,248.483,7.871,4,1.000,3
10.640,812.717,151.732,248.432,7.885,4,1.000,3
10.660,812.866,151.733,248.381,7.896,4,1.000,3
10.680,813.015,151.735,248.329,7.906,4,1.000,3
10.700,813.165,151.737,248.277,7.915,4,1.000,3
10.720,813.314,151.738,248.225,7.922,4,1.000,3
10.740,813.463,151.740,248.172,7.857,4,1.000,3
10.760,813.611,151.742,248.120,7.872,4,1.000,3
10.780,813.760,151.743,248.068,7.886,4,1.000,3
10.800,813.909,151.745,248.015,7.897,4,1.000,3
10.820,814.058,151.747,247.962,7.907,4,1.000,3
10.840,814.207,151.748,247.909,7.915,4,1.000,3
10.860,814.356,151.750,247.856,7.922,4,1.000,3
10.880,814.504,151.752,247.803,7.857,4,1.000,3
10.900,814.652,151.753,247.750,7.873,4,1.000,3
10.920,814.801,151.755,247.697,7.886,4,1.000,3
10.940,814.950,151.756,247.644,7.898,4,1.000,3
10.960,815.098,151.758,247.590,7.907,4,1.000,3
10.980,815.247,151.760,247.537,7.916,4,1.000,3
11.000,815.397,151.761,247.483,7.923,4,1.000,3
11.020,815.544,151.763,247.430,7.857,4,1.000,3
11.040,815.693,151.765,247.377,7.873,4,1.000,3
11.060,815.841,151.766,247.323,7.886,4,1.000,3
11.080,815.990,151.768,247.270,7.898,4,1.000,3
11.100,816.139,151.770,247.216,7.907,4,1.000,3
11.120,816.287,151.771,247.163,7.916,4,1.000,3
11.140,816.437,151.773,247.109,7.923,4,1.000,3
11.160,816.584,151.775,247.056,7.858,4,1.000,3
11.180,816.732,151.776,247.002,7.873,4,1.000,3
11.200,816.881,151.778,246.949,7.886,4,1.000,3
11.220,817.029,151.780,246.895,7.898,4,1.000,3
11.240,817.178,151.781,246.842,7.907,4,1.000,3
11.260,817.327,151.783,246.788,7.916,4,1.000,3
11.280,817.476,151.785,246.734,7.923,4,1.000,3
11.300,817.624,151.786,246.681,7.858,4,1.000,3
11.320,817.772,151.788,246.627,7.873,4,1.000,3
11.340,817.920,151.790,246.574,7.886,4,1.000,3
11.360,818.069,151.791,246.520,7.898,4,1.000,3
11.380,818.218,151.793,246.467,7.907,4,1.000,3
11.400,818.367,151.795,246.413,7.916,4,1.000,3
11.420,818.516,151.796,246.359,7.923,4,1.000,3
11.440,818.664,151.798,246.306,7.858,4,1.000,3
11.460,818.812,151.800,246.252,7.873,4,1.000,3
11.480,818.960,151.801,246.199,7.886,4,1.000,3
11.500,819.109,151.803,246.145,7.898,4,1.000,3
11.520,819.257,151.805,246.091,7.907,4,1.000,3
11.540,819.406,151.806,246.038,7.916,4,1.000,3
11.560,819.555,151.808,245.984,7.923,4,1.000,3
11.580,819.703,151.810,245.931,7.858,4,1.000,3
11.600,819.851,151.811,245.877,7.873,4,1.000,3
11.620,820.000,151.813,245.824,7.886,4,1.000,3
11.640,820.148,151.815,245.770,7.898,4,1.000,3
11.660,820.297,151.816,245.716,7.907,4,1.000,3
11.680,820.446,151.818,245.662,7.916,4,1.000,3
11.700,820.595,151.820,245.609,7.923,4,1.000,3
11.720,820.743,151.821,245.555,7.858,4,1.000,3
11.740,820.891,151.823,245.502,7.873,4,1.000,3
11.760,821.039,151.825,245.448,7.886,4,1.000,3
11.780,821.188,151.826,245.395,7.898,4,1.000,3
11.800,821.337,151.828,245.341,7.907,4,1.000,3
11.820,821.486,151.830,245.287,7.916,4,1.000,3
11.840,821.635,151.831,245.234,7.923,4,1.000,3
11.860,821.782,151.833,245.180,7.858,4,1.000,3
11.880,821.931,151.835,245.127,7.873,4,1.000,3
11.900,822.079,151.836,245.073,7.886,4,1.000,3
11.920,822.227,151.838,245.020,7.898,4,1.000,3
11.940,822.376,151.840,244.966,7.907,4,1.000,3
11.960,822.525,151.841,244.912,7.916,4,1.000,3
11.980,822.674,151.843,244.858,7.923,4,1.000,3
12.000,822.822,151.845,244.805,7.858,4,1.000,3
12.020,822.970,151.846,244.752,7.873,4,1.000,3
12.040,823.119,151.848,244.698,7.886,4,1.000,3
12.060,823.267,151.850,244.645,7.898,4,1.000,3
12.080,823.416,151.851,244.591,7.907,4,1.000,3
12.100,823.565,151.853,244.537,7.916,4,1.000,3
12.120,823.714,151.855,244.483,7.923,4,1.000,3
12.140,823.862,151.856,244.430,7.858,4,1.000,3
12.160,824.010,151.858,244.377,7.873,4,1.000,3
12.180,824.158,151.860,244.323,7.886,4,1.000,3
12.200,824.307,151.861,244.269,7.898,4,1.000,3
12.220,824.455,151.863,244.216,7.907,4,1.000,3
12.240,824.604,151.865,244.162,7.916,4,1.000,3
12.260,824.753,151.866,244.108,7.923,4,1.000,3
12.280,824.901,151.868,244.055,7.858,4,1.000,3
12.300,825.049,151.870,244.001,7.873,4,1.000,3
12.320,825.198,151.871,243.948,7.886,4,1.000,3
12.340,825.346,151.873,243.894,7.898,4,1.000,3
12.360,825.495,151.875,243.841,7.907,4,1.000,3
12.380,825.644,151.876,243.787,7.916,4,1.000,3
12.400,825.793,151.878,243.733,7.923,4,1.000,3
12.420,825.941,151.880,243.680,7.858,4,1.000,3
12.440,826.089,151.881,243.626,7.873,4,1.000,3
12.460,826.237,151.883,243.573,7.886,4,1.000,3
12.480,826.386,151.885,243.519,7.898,4,1.000,3
12.500,826.535,151.886,243.466,7.907,4,1.000,3
12.520,826.684,151.888,243.412,7.916,4,1.000,3
12.540,826.833,151.890,243.358,7.923,4,1.000,3
12.560,826.980,151.891,243.305,7.858,4,1.000,3
12.580,827.129,151.893,243.251,7.873,4,1.000,3
12.600,827.277,151.895,243.198,7.886,4,1.000,3
12.620,827.426,151.896,243.144,7.898,4,1.000,3
12.640,827.574,151.898,243.091,7.907,4,1.000,3
12.660,827.723,151.900,243.037,7.916,4,1.000,3
12.680,827.872,151.901,242.983,7.923,4,1.000,3
12.700,828.020,151.903,242.930,7.858,4,1.000,3
12.720,828.168,151.905,242.876,7.873,4,1.000,3
12.740,828.317,151.906,242.823,7.886,4,1.000,3
12.760,828.465,151.908,242.769,7.898,4,1.000,3
12.780,828.614,151.910,242.715,7.907,4,1.000,3
12.800,828.763,151.911,242.662,7.916,4,1.000,3
12.820,828.912,151.913,242.608,7.923,4,1.000,3
12.840,829.060,151.915,242.555,7.858,4,1.000,3
12.860,829.208,151.916,242.501,7.873,4,1.000,3
12.880,829.356,151.918,242.448,7.886,4,1.000,3
12.900,829.505,151.920,242.394,7.898,4,1.000,3
12.920,829.653,151.921,242.340,7.907,4,1.000,3
12.940,829.802,151.923,242.287,7.916,4,1.000,3
12.960,829.951,151.925,242.233,7.923,4,1.000,3
12.980,830.099,151.926,242.180,7.858,4,1.000,3
13.000,830.247,151.928,242.126,7.873,4,1.000,3
13.020,830.396,151.930,242.073,7.886,4,1.000,3
13.040,830.544,151.931,242.019,7.898,4,1.000,3
13.060,830.693,151.933,241.965,7.907,4,1.000,3
13.080,830.842,151.935,241.912,7.916,4,1.000,3
13.100,830.991,151.936,241.858,7.923,4,1.000,3
13.120,831.139,151.938,241.804,7.858,4,1.000,3
13.140,831.287,151.940,241.751,7.873,4,1.000,3
13.160,831.435,151.941,241.698,7.886,4,1.000,3
13.180,831.584,151.943,241.644,7.898,4,1.000,3
13.200,831.733,151.945,241.590,7.907,4,1.000,3
13.220,831.882,151.946,241.537,7.916,4,1.000,3
13.240,832.031,151.948,241.483,7.923,4,1.000,3
13.260,832.179,151.950,241.429,7.858,4,1.000,3
13.280,832.327,151.951,241.376,7.873,4,1.000,3
13.300,832.475,151.953,241.322,7.886,4,1.000,3
13.320,832.624,151.955,241.269,7.898,4,1.000,3
13.340,832.772,151.956,241.215,7.907,4,1.000,3
13.360,832.921,151.958,241.161,7.916,4,1.000,3
13.380,833.070,151.960,241.108,7.923,4,1.000,3
13.400,833.218,151.961,241.054,7.858,4,1.000,3
13.420,833.366,151.963,241.001,7.873,4,1.000,3
13.440,833.515,151.964,240.947,7.886,4,1.000,3
13.460,833.663,151.966,240.894,7.898,4,1.000,3
13.480,833.812,151.968,240.840,7.907,4,1.000,3
13.500,833.961,151.969,240.786,7.916,4,1.000,3
13.520,834.110,151.971,240.733,7.923,4,1.000,3
13.540,834.258,151.973,240.679,7.858,4,1.000,3
13.560,834.406,151.974,240.626,7.873,4,1.000,3
13.580,834.554,151.976,240.572,7.886,4,1.000,3
13.600,834.703,151.978,240.519,7.898,4,1.000,3
13.620,834.852,151.979,240.465,7.907,4,1.000,3
13.640,835.000,151.981,240.411,7.916,4,1.000,3
13.660,835.150,151.983,240.358,7.923,4,1.000,3
13.680,835.297,151.984,240.304,7.858,4,1.000,3
13.700,835.445,151.986,240.251,7.873,4,1.000,3
13.720,835.594,151.988,240.197,7.886,4,1.000,3
13.740,835.742,151.989,240.144,7.898,4,1.000,3
13.760,835.891,151.991,240.090,7.907,4,1.000,3
13.780,836.040,151.993,240.036,7.916,4,1.000,3
13.800,836.189,151.994,239.982,7.923,4,1.000,3
13.820,836.337,151.996,239.929,7.858,4,1.000,3
13.840,836.485,151.998,239.876,7.873,4,1.000,3
13.860,836.633,151.999,239.822,7.886,4,1.000,3
13.880,836.782,152.001,239.769,7.898,4,1.000,3
13.900,836.931,152.003,239.715,7.907,4,1.000,3
13.920,837.080,152.004,239.661,7.916,4,1.000,3
13.940,837.229,152.006,239.607,7.923,4,1.000,3
13.960,837.377,152.008,239.554,7.858,4,1.000,3
13.980,837.525,152.009,239.501,7.873,4,1.000,3
14.000,837.673,152.011,239.447,7.886,4,1.000,3
14.020,837.822,152.013,239.393,7.898,4,1.000,3
14.040,837.970,152.014,239.340,7.907,4,1.000,3
14.060,838.119,152.016,239.286,7.916,4,1.000,3
14.080,838.268,152.018,239.232,7.923,4,1.000,3
14.100,838.416,152.019,239.179,7.858,4,1.000,3
14.120,838.564,152.021,239.126,7.873,4,1.000,3
14.140,838.713,152.023,239.072,7.886,4,1.000,3
14.160,838.861,152.024,239.018,7.898,4,1.000,3
14.180,839.010,152.026,238.965,7.907,4,1.000,3
14.200,839.159,152.028,238.911,7.916,4,1.000,3
14.220,839.308,152.029,238.857,7.923,4,1.000,3
14.240,839.456,152.031,238.804,7.858,4,1.000,3
14.260,839.604,152.033,238.750,7.873,4,1.000,3
14.280,839.752,152.034,238.697,7.886,4,1.000,3
14.300,839.901,152.036,238.643,7.898,4,1.000,3
14.320,840.050,152.038,238.590,7.907,4,1.000,3
14.340,840.199,152.039,238.536,7.916,4,1.000,3
14.360,840.348,152.041,238.482,7.923,4,1.000,3
14.380,840.495,152.043,238.429,7.858,4,1.000,3
14.400,840.644,152.044,238.375,7.873,4,1.000,3
14.420,840.792,152.046,238.322,7.886,4,1.000,3
14.440,840.940,152.048,238.268,7.898,4,1.000,3
14.460,841.089,152.049,238.215,7.907,4,1.000,3
14.480,841.238,152.051,238.161,7.916,4,1.000,3
14.500,841.387,152.053,238.107,7.923,4,1.000,3
14.520,841.535,152.054,238.054,7.858,4,1.000,3
14.540,841.683,152.056,238.000,7.873,4,1.000,3
14.560,841.832,152.058,237.947,7.886,4,1.000,3
14.580,841.980,152.059,237.893,7.898,4,1.000,3
14.600,842.129,152.061,237.840,7.907,4,1.000,3
14.620,842.278,152.063,237.786,7.916,4,1.000,3
14.640,842.427,152.064,237.732,7.923,4,1.000,3
14.660,842.575,152.066,237.679,7.858,4,1.000,3
14.680,842.723,152.068,237.625,7.873,4,1.000,3
14.700,842.871,152.069,237.572,7.886,4,1.000,3
14.720,843.020,152.071,237.518,7.898,4,1.000,3
14.740,843.168,152.073,237.465,7.907,4,1.000,3
14.760,843.317,152.074,237.411,7.916,4,1.000,3
14.780,843.466,152.076,237.357,7.923,4,1.000,3
14.800,843.614,152.078,237.304,7.858,4,1.000,3
14.820,843.762,152.079,237.250,7.873,4,1.000,3
14.840,843.911,152.081,237.197,7.886,4,1.000,3
14.860,844.059,152.083,237.143,7.898,4,1.000,3
14.880,844.208,152.084,237.089,7.907,4,1.000,3
14.900,844.357,152.086,237.036,7.916,4,1.000,3
14.920,844.506,152.088,236.982,7.923,4,1.000,3
14.940,844.654,152.089,236.929,7.858,4,1.000,3
14.960,844.802,152.091,236.875,7.873,4,1.000,3
14.980,844.950,152.093,236.822,7.886,4,1.000,3
15.000,845.099,152.094,236.768,7.898,4,1.000,3
15.020,845.248,152.096,236.714,7.907,4,1.000,3
15.040,845.397,152.098,236.661,7.916,4,1.000,3
15.060,845.546,152.099,236.607,7.923,4,1.000,4
15.080,845.693,152.101,236.554,7.857,4,1.000,4
15.100,845.842,152.103,236.500,7.873,4,1.000,4
15.120,845.990,152.104,236.446,7.886,4,1.000,4
15.140,846.138,152.106,236.392,7.896,4,1.000,4
15.160,846.286,152.108,236.337,7.903,4,1.000,4
15.180,846.435,152.109,236.281,7.907,4,1.000,4
15.200,846.582,152.111,236.224,7.907,4,1.000,4
15.220,846.730,152.113,236.166,7.905,4,1.000,4
15.240,846.876,152.114,236.106,7.901,4,1.000,4
15.260,847.022,152.116,236.043,7.894,4,1.000,4
15.280,847.167,152.118,235.979,7.885,4,1.000,4
15.300,847.311,152.119,235.911,7.875,4,1.000,4
15.320,847.453,152.121,235.842,7.865,4,1.000,4
15.340,847.593,152.123,235.769,7.853,4,1.000,4
15.360,847.732,152.124,235.693,7.841,4,1.000,4
15.380,847.869,152.126,235.614,7.830,4,1.000,4
15.400,848.004,152.127,235.532,7.818,4,1.000,4
15.420,848.137,152.129,235.446,7.807,4,1.000,4
15.440,848.268,152.131,235.357,7.797,4,1.000,4
15.460,848.395,152.132,235.264,7.787,4,1.000,4
15.480,848.520,152.134,235.169,7.777,4,1.000,4
15.500,848.643,152.135,235.069,7.768,4,1.000,4
15.520,848.762,152.136,234.967,7.760,4,1.000,4
15.540,848.879,152.138,234.861,7.753,4,1.000,4
15.560,848.992,152.139,234.751,7.747,4,1.000,4
15.580,849.101,152.140,234.639,7.741,4,1.000,4
15.600,849.208,152.142,234.523,7.735,4,1.000,4
15.620,849.310,152.143,234.404,7.730,4,1.000,4
15.640,849.409,152.144,234.282,7.726,4,1.000,4
15.660,849.505,152.145,234.157,7.723,4,1.000,4
15.680,849.596,152.146,234.030,7.720,4,1.000,4
15.700,849.684,152.146,233.899,7.718,4,1.000,4
15.720,849.767,152.147,233.767,7.718,4,1.000,4
15.740,849.846,152.148,233.631,7.720,4,1.000,4
15.760,849.921,152.148,233.494,7.723,4,1.000,4
15.780,849.993,152.149,233.354,7.729,4,1.000,4
15.800,850.060,152.150,233.212,7.736,4,1.000,4
15.820,850.123,152.150,233.068,7.744,4,1.000,4
15.840,850.182,152.150,232.923,7.754,4,1.000,4
15.860,850.237,152.151,232.776,7.764,4,1.000,4
15.880,850.288,152.151,232.627,7.775,4,1.000,4
15.900,850.336,152.151,232.478,7.787,4,1.000,4
15.920,850.381,152.151,232.327,7.799,4,1.000,4
15.940,850.422,152.151,232.175,7.811,4,1.000,4
15.960,850.460,152.151,232.022,7.823,4,1.000,4
15.980,850.495,152.151,231.868,7.835,4,1.000,4
16.000,850.527,152.151,231.714,7.847,4,1.000,4
16.020,850.557,152.151,231.558,7.858,4,1.000,4
16.040,850.584,152.151,231.403,7.868,4,1.000,4
16.060,850.608,152.151,231.247,7.878,4,1.000,4
16.080,850.630,152.151,231.090,7.888,4,1.000,4
16.100,850.651,152.150,230.933,7.896,4,1.000,4
16.120,850.669,152.150,230.775,7.905,4,1.000,4
16.140,850.685,152.150,230.618,7.912,4,1.000,4
16.160,850.700,152.150,230.460,7.919,4,1.000,4
16.180,850.713,152.150,230.303,7.854,4,1.000,4
16.200,850.725,152.150,230.146,7.870,4,1.000,4
16.220,850.735,152.150,229.988,7.884,4,1.000,4
16.240,850.744,152.149,229.830,7.897,4,1.000,4
16.260,850.752,152.149,229.672,7.907,4,1.000,4
16.280,850.759,152.149,229.514,7.917,4,1.000,4
16.300,850.765,152.149,229.357,7.854,4,1.000,4
16.320,850.770,152.149,229.199,7.871,4,1.000,4
16.340,850.775,152.149,229.042,7.886,4,1.000,4
16.360,850.778,152.149,228.884,7.899,4,1.000,4
16.380,850.781,152.149,228.726,7.911,4,1.000,4
16.400,850.783,152.149,228.567,7.920,4,1.000,4
16.420,850.785,152.149,228.410,7.857,4,1.000,4
16.440,850.786,152.149,228.252,7.875,4,1.000,4
16.460,850.787,152.149,228.095,7.890,4,1.000,4
16.480,850.787,152.149,227.937,7.902,4,1.000,4
16.500,850.787,152.149,227.778,7.913,4,1.000,4
16.520,850.787,152.149,227.620,7.923,4,1.000,4
16.540,850.786,152.149,227.463,7.860,4,1.000,4
16.560,850.785,152.149,227.305,7.877,4,1.000,4
16.580,850.783,152.149,227.147,7.892,4,1.000,4
16.600,850.782,152.149,226.989,7.904,4,1.000,4
16.620,850.780,152.149,226.831,7.915,4,1.000,4
16.640,850.778,152.149,226.672,7.924,4,1.000,4
16.660,850.776,152.149,226.515,7.861,4,1.000,4
16.680,850.774,152.149,226.358,7.878,4,1.000,4
16.700,850.772,152.149,226.200,7.893,4,1.000,4
16.720,850.769,152.149,226.042,7.905,4,1.000,4
16.740,850.767,152.149,225.883,7.916,4,1.000,4
16.760,850.764,152.149,225.725,7.925,4,1.000,4
16.780,850.761,152.149,225.568,7.861,4,1.000,4
16.800,850.758,152.149,225.410,7.878,4,1.000,4
16.820,850.755,152.149,225.252,7.893,4,1.000,4
16.840,850.752,152.149,225.094,7.906,4,1.000,4
16.860,850.749,152.149,224.936,7.916,4,1.000,4
16.880,850.746,152.149,224.777,7.925,4,1.000,4
16.900,850.743,152.149,224.620,7.862,4,1.000,4
16.920,850.740,152.149,224.463,7.879,4,1.000,4
16.940,850.737,152.149,224.305,7.893,4,1.000,4
16.960,850.733,152.149,224.147,7.906,4,1.000,4
16.980,850.730,152.149,223.988,7.916,4,1.000,4
17.000,850.727,152.149,223.830,7.925,4,1.000,4
17.020,850.724,152.149,223.673,7.862,4,1.000,4
17.040,850.720,152.149,223.515,7.879,4,1.000,4
17.060,850.717,152.149,223.357,7.893,4,1.000,4
17.080,850.714,152.149,223.199,7.906,4,1.000,4
17.100,850.710,152.149,223.041,7.916,4,1.000,4
17.120,850.707,152.149,222.883,7.925,4,1.000,4
17.140,850.704,152.149,222.725,7.862,4,1.000,4
17.160,850.700,152.149,222.568,7.879,4,1.000,4
17.180,850.697,152.149,222.410,7.893,4,1.000,4
17.200,850.694,152.149,222.252,7.906,4,1.000,4
17.220,850.690,152.149,222.094,7.916,4,1.000,4
17.240,850.687,152.149,221.935,7.925,4,1.000,4
17.260,850.683,152.149,221.778,7.862,4,1.000,4
17.280,850.680,152.149,221.620,7.879,4,1.000,4
17.300,850.677,152.149,221.463,7.893,4,1.000,4
17.320,850.673,152.149,221.304,7.906,4,1.000,4
17.340,850.670,152.149,221.146,7.916,4,1.000,4
17.360,850.666,152.149,220.988,7.925,4,1.000,4
17.380,850.663,152.149,220.831,7.862,4,1.000,4
17.400,850.660,152.149,220.673,7.879,4,1.000,4
17.420,850.656,152.149,220.515,7.893,4,1.000,4
17.440,850.653,152.149,220.357,7.906,4,1.000,4
17.460,850.649,152.149,220.199,7.916,4,1.000,4
17.480,850.646,152.149,220.040,7.925,4,1.000,4
17.500,850.643,152.149,219.883,7.862,4,1.000,4
17.520,850.639,152.149,219.726,7.879,4,1.000,4
17.540,850.636,152.149,219.568,7.893,4,1.000,4
17.560,850.632,152.149,219.410,7.906,4,1.000,4
17.580,850.629,152.149,219.251,7.916,4,1.000,4
17.600,850.625,152.149,219.093,7.925,4,1.000,4
17.620,850.622,152.149,218.936,7.862,4,1.000,4
17.640,850.619,152.149,218.778,7.879,4,1.000,4
17.660,850.615,152.149,218.620,7.893,4,1.000,4
17.680,850.612,152.149,218.462,7.906,4,1.000,4
17.700,850.608,152.149,218.304,7.916,4,1.000,4
17.720,850.605,152.149,218.145,7.925,4,1.000,4
17.740,850.602,152.149,217.988,7.862,4,1.000,4
17.760,850.598,152.149,217.831,7.879,4,1.000,4
17.780,850.595,152.149,217.673,7.893,4,1.000,4
17.800,850.591,152.149,217.515,7.906,4,1.000,4
17.820,850.588,152.149,217.356,7.916,4,1.000,4
17.840,850.585,152.149,217.198,7.925,4,1.000,4
17.860,850.581,152.149,217.041,7.862,4,1.000,4
17.880,850.578,152.149,216.883,7.879,4,1.000,4
17.900,850.574,152.149,216.725,7.893,4,1.000,4
17.920,850.571,152.149,216.567,7.906,4,1.000,4
17.940,850.567,152.149,216.409,7.916,4,1.000,4
17.960,850.564,152.149,216.251,7.925,4,1.000,4
17.980,850.561,152.149,216.093,7.862,4,1.000,4
18.000,850.557,152.149,215.936,7.879,4,1.000,4
18.020,850.554,152.149,215.778,7.893,4,1.000,4
18.040,850.550,152.149,215.620,7.906,4,1.000,4
18.060,850.547,152.149,215.462,7.916,4,1.000,4
18.080,850.544,152.149,215.303,7.925,4,1.000,4
18.100,850.540,152.149,215.146,7.862,4,1.000,4
18.120,850.537,152.149,214.988,7.879,4,1.000,4
18.140,850.533,152.149,214.831,7.893,4,1.000,4
18.160,850.530,152.149,214.672,7.906,4,1.000,4
18.180,850.527,152.149,214.514,7.916,4,1.000,4
18.200,850.523,152.149,214.356,7.925,4,1.000,4
18.220,850.520,152.149,214.198,7.862,4,1.000,4
18.240,850.517,152.149,214.041,7.879,4,1.000,4
18.260,850.513,152.149,213.883,7.893,4,1.000,4
18.280,850.510,152.149,213.725,7.906,4,1.000,4
18.300,850.506,152.149,213.567,7.916,4,1.000,4
18.320,850.503,152.149,213.408,7.925,4,1.000,4
18.340,850.500,152.149,213.251,7.862,4,1.000,4
18.360,850.496,152.149,213.094,7.879,4,1.000,4
18.380,850.493,152.149,212.936,7.893,4,1.000,4
18.400,850.489,152.149,212.778,7.906,4,1.000,4
18.420,850.486,152.149,212.619,7.916,4,1.000,4
18.440,850.482,152.149,212.461,7.925,4,1.000,4
18.460,850.479,152.149,212.304,7.862,4,1.000,4
18.480,850.476,152.149,212.146,7.879,4,1.000,4
18.500,850.472,152.149,211.988,7.893,4,1.000,4
18.520,850.469,152.149,211.830,7.906,4,1.000,4
18.540,850.466,152.149,211.672,7.916,4,1.000,4
18.560,850.462,152.149,211.513,7.925,4,1.000,4
18.580,850.459,152.149,211.356,7.862,4,1.000,4
18.600,850.455,152.149,211.199,7.879,4,1.000,4
18.620,850.452,152.149,211.041,7.893,4,1.000,4
18.640,850.449,152.149,210.883,7.906,4,1.000,4
18.660,850.445,152.149,210.724,7.916,4,1.000,4
18.680,850.442,152.149,210.566,7.925,4,1.000,4
18.700,850.438,152.149,210.409,7.862,4,1.000,4
18.720,850.435,152.149,210.251,7.879,4,1.000,4
18.740,850.432,152.149,210.093,7.893,4,1.000,4
18.760,850.428,152.149,209.935,7.906,4,1.000,4
18.780,850.425,152.149,209.777,7.916,4,1.000,4
18.800,850.421,152.149,209.619,7.925,4,1.000,4
18.820,850.418,152.149,209.461,7.862,4,1.000,4
18.840,850.415,152.149,209.304,7.879,4,1.000,4
18.860,850.411,152.149,209.146,7.893,4,1.000,4
18.880,850.408,152.149,208.988,7.906,4,1.000,4
18.900,850.404,152.149,208.830,7.916,4,1.000,4
18.920,850.401,152.149,208.671,7.925,4,1.000,4
18.940,850.398,152.149,208.514,7.862,4,1.000,4
18.960,850.394,152.149,208.356,7.879,4,1.000,4
18.980,850.391,152.149,208.199,7.893,4,1.000,4
19.000,850.387,152.149,208.040,7.906,4,1.000,4
19.020,850.384,152.149,207.882,7.916,4,1.000,4
19.040,850.381,152.149,207.724,7.925,4,1.000,4
19.060,850.377,152.149,207.566,7.862,4,1.000,4
19.080,850.374,152.149,207.409,7.879,4,1.000,4
19.100,850.370,152.149,207.251,7.893,4,1.000,4
19.120,850.367,152.149,207.093,7.906,4,1.000,4
19.140,850.364,152.149,206.935,7.916,4,1.000,4
19.160,850.360,152.149,206.776,7.925,4,1.000,4
19.180,850.357,152.149,206.619,7.862,4,1.000,4
19.200,850.353,152.149,206.461,7.879,4,1.000,4
19.220,850.350,152.149,206.304,7.893,4,1.000,4
19.240,850.347,152.149,206.146,7.906,4,1.000,4
19.260,850.343,152.149,205.987,7.916,4,1.000,4
19.280,850.340,152.149,205.829,7.925,4,1.000,4
19.300,850.336,152.149,205.672,7.862,4,1.000,4
19.320,850.333,152.149,205.514,7.879,4,1.000,4
19.340,850.330,152.149,205.356,7.893,4,1.000,4
19.360,850.326,152.149,205.198,7.906,4,1.000,4
19.380,850.323,152.149,205.040,7.916,4,1.000,4
19.400,850.319,152.149,204.881,7.925,4,1.000,4
19.420,850.316,152.149,204.724,7.862,4,1.000,4
19.440,850.313,152.149,204.567,7.879,4,1.000,4
19.460,850.309,152.149,204.409,7.893,4,1.000,4
19.480,850.306,152.149,204.251,7.906,4,1.000,4
19.500,850.302,152.149,204.092,7.916,4,1.000,4
19.520,850.299,152.149,203.934,7.925,4,1.000,4
19.540,850.296,152.149,203.777,7.862,4,1.000,4
19.560,850.292,152.149,203.619,7.879,4,1.000,4
19.580,850.289,152.149,203.461,7.893,4,1.000,4
19.600,850.285,152.149,203.303,7.906,4,1.000,4
19.620,850.282,152.149,203.145,7.916,4,1.000,4
19.640,850.279,152.149,202.986,7.925,4,1.000,4
19.660,850.275,152.149,202.829,7.862,4,1.000,4
19.680,850.272,152.149,202.672,7.879,4,1.000,4
19.700,850.268,152.149,202.514,7.893,4,1.000,4
19.720,850.265,152.149,202.356,7.906,4,1.000,4
19.740,850.262,152.149,202.198,7.916,4,1.000,4
19.760,850.258,152.149,202.039,7.925,4,1.000,4
19.780,850.255,152.149,201.882,7.862,4,1.000,4
19.800,850.252,152.149,201.724,7.879,4,1.000,4
19.820,850.248,152.149,201.566,7.893,4,1.000,4
19.840,850.245,152.149,201.408,7.906,4,1.000,4
19.860,850.241,152.149,201.250,7.916,4,1.000,4
19.880,850.238,152.149,201.092,7.925,4,1.000,4
19.900,850.235,152.149,200.934,7.862,4,1.000,4
19.920,850.231,152.149,200.777,7.879,4,1.000,4
19.940,850.228,152.149,200.619,7.893,4,1.000,4
19.960,850.224,152.149,200.461,7.906,4,1.000,4
19.980,850.221,152.149,200.303,7.916,4,1.000,4
20.000,850.218,152.149,200.144,7.925,4,1.000,4
20.020,850.214,152.149,199.987,7.862,4,1.000,4
20.040,850.211,152.149,199.829,7.879,4,1.000,4
20.060,850.208,152.149,199.672,7.893,4,1.000,4
20.080,850.204,152.149,199.514,7.906,4,1.000,4
20.100,850.201,152.149,199.355,7.916,4,1.000,4
20.120,850.197,152.149,199.197,7.925,4,1.000,4
20.140,850.194,152.149,199.040,7.862,4,1.000,4
20.160,850.191,152.149,198.882,7.879,4,1.000,4
20.180,850.187,152.149,198.724,7.893,4,1.000,4
20.200,850.184,152.149,198.566,7.906,4,1.000,4
20.220,850.180,152.149,198.408,7.916,4,1.000,4
20.240,850.177,152.149,198.249,7.925,4,1.000,4
20.260,850.174,152.149,198.092,7.862,4,1.000,4
20.280,850.170,152.149,197.935,7.879,4,1.000,4
20.300,850.167,152.149,197.777,7.893,4,1.000,4
20.320,850.163,152.149,197.619,7.906,4,1.000,4
20.340,850.160,152.149,197.460,7.916,4,1.000,4
20.360,850.157,152.149,197.302,7.925,4,1.000,4
20.380,850.153,152.149,197.145,7.862,4,1.000,4
20.400,850.150,152.149,196.987,7.879,4,1.000,4
20.420,850.147,152.149,196.829,7.893,4,1.000,4
20.440,850.143,152.149,196.671,7.906,4,1.000,4
20.460,850.140,152.149,196.513,7.916,4,1.000,4
20.480,850.136,152.149,196.354,7.925,4,1.000,4
20.500,850.133,152.149,196.197,7.862,4,1.000,4
20.520,850.130,152.149,196.040,7.879,4,1.000,4
20.540,850.126,152.149,195.882,7.893,4,1.000,4
20.560,850.123,152.149,195.724,7.906,4,1.000,4
20.580,850.119,152.149,195.565,7.916,4,1.000,4
20.600,850.116,152.149,195.407,7.925,4,1.000,4
20.620,850.113,152.149,195.250,7.862,4,1.000,4
20.640,850.109,152.149,195.092,7.879,4,1.000,4
20.660,850.106,152.149,194.934,7.893,4,1.000,4
20.680,850.102,152.149,194.776,7.906,4,1.000,5
20.700,850.099,152.149,194.618,7.916,4,1.000,5
20.720,850.096,152.149,194.460,7.925,4,1.000,5
20.740,850.093,152.149,194.302,7.861,4,1.000,5
20.760,850.090,152.149,194.145,7.877,4,1.000,5
20.780,850.088,152.149,193.987,7.889,4,1.000,5
20.800,850.087,152.149,193.829,7.897,4,1.000,5
20.820,850.087,152.149,193.671,7.901,4,1.000,5
20.840,850.088,152.149,193.512,7.902,4,1.000,5
20.860,850.092,152.149,193.354,7.900,4,1.000,5
20.880,850.098,152.149,193.195,7.895,4,1.000,5
20.900,850.106,152.149,193.037,7.888,4,1.000,5
20.920,850.117,152.149,192.879,7.880,4,1.000,5
20.940,850.131,152.149,192.721,7.870,4,1.000,5
20.960,850.148,152.149,192.563,7.860,4,1.000,5
20.980,850.169,152.149,192.406,7.849,4,1.000,5
21.000,850.194,152.149,192.249,7.838,4,1.000,5
21.020,850.222,152.149,192.094,7.828,4,1.000,5
21.040,850.255,152.148,191.939,7.817,4,1.000,5
21.060,850.291,152.148,191.785,7.807,4,1.000,5
21.080,850.331,152.148,191.632,7.797,4,1.000,5
21.100,850.376,152.147,191.480,7.788,4,1.000,5
21.120,850.425,152.147,191.330,7.780,4,1.000,5
21.140,850.478,152.146,191.182,7.772,4,1.000,5
21.160,850.535,152.146,191.035,7.765,4,1.000,5
21.180,850.597,152.145,190.889,7.759,4,1.000,5
21.200,850.662,152.144,190.746,7.755,4,1.000,5
21.220,850.732,152.143,190.605,7.753,4,1.000,5
21.240,850.807,152.142,190.466,7.753,4,1.000,5
21.260,850.885,152.140,190.329,7.755,4,1.000,5
21.280,850.967,152.139,190.195,7.758,4,1.000,5
21.300,851.052,152.137,190.063,7.764,4,1.000,5
21.320,851.142,152.136,189.933,7.771,4,1.000,5
21.340,851.235,152.134,189.806,7.780,4,1.000,5
21.360,851.331,152.132,189.681,7.789,4,1.000,5
21.380,851.430,152.130,189.558,7.800,4,1.000,5
21.400,851.532,152.128,189.438,7.811,4,1.000,5
21.420,851.637,152.125,189.320,7.822,4,1.000,5
21.440,851.745,152.123,189.204,7.834,4,1.000,5
21.460,851.855,152.120,189.091,7.846,4,1.000,5
21.480,851.967,152.118,188.979,7.857,4,1.000,5
21.500,852.082,152.115,188.870,7.868,4,1.000,5
21.520,852.198,152.112,188.762,7.879,4,1.000,5
21.540,852.316,152.109,188.657,7.890,4,1.000,5
21.560,852.436,152.106,188.553,7.900,4,1.000,5
21.580,852.557,152.103,188.451,7.909,4,1.000,5
21.600,852.680,152.100,188.350,7.918,4,1.000,5
21.620,852.803,152.097,188.251,7.854,4,1.000,5
21.640,852.927,152.093,188.154,7.872,4,1.000,5
21.660,853.053,152.090,188.058,7.888,4,1.000,5
21.680,853.180,152.087,187.963,7.902,4,1.000,5
21.700,853.307,152.084,187.870,7.915,4,1.000,5
21.720,853.436,152.081,187.777,7.925,4,1.000,5
21.740,853.565,152.078,187.686,7.864,4,1.000,5
21.760,853.694,152.075,187.595,7.883,4,1.000,5
21.780,853.824,152.072,187.506,7.899,4,1.000,5
21.800,853.955,152.069,187.417,7.913,4,1.000,5
21.820,854.087,152.066,187.329,7.925,4,1.000,5
21.840,854.218,152.063,187.242,7.864,4,1.000,5
21.860,854.350,152.060,187.155,7.884,4,1.000,5
21.880,854.483,152.057,187.069,7.901,4,1.000,5
21.900,854.616,152.054,186.984,7.915,4,1.000,5
21.920,854.750,152.052,186.898,7.927,4,1.000,5
21.940,854.882,152.049,186.814,7.866,4,1.000,5
21.960,855.016,152.046,186.730,7.886,4,1.000,5
21.980,855.150,152.043,186.647,7.903,4,1.000,5
22.000,855.285,152.041,186.563,7.917,4,1.000,5
22.020,855.418,152.038,186.481,7.858,4,1.000,5
22.040,855.553,152.035,186.398,7.879,4,1.000,5
22.060,855.687,152.033,186.316,7.897,4,1.000,5
22.080,855.822,152.030,186.234,7.912,4,1.000,5
22.100,855.958,152.027,186.151,7.925,4,1.000,5
22.120,856.093,152.025,186.070,7.865,4,1.000,5
22.140,856.228,152.022,185.989,7.885,4,1.000,5
22.160,856.363,152.019,185.907,7.902,4,1.000,5
22.180,856.499,152.017,185.826,7.916,4,1.000,5
22.200,856.635,152.014,185.745,7.929,4,1.000,5
22.220,856.770,152.011,185.664,7.868,4,1.000,5
22.240,856.906,152.009,185.583,7.887,4,1.000,5
22.260,857.042,152.006,185.503,7.904,4,1.000,5
22.280,857.178,152.003,185.422,7.918,4,1.000,5
22.300,857.313,152.001,185.342,7.859,4,1.000,5
22.320,857.449,151.998,185.262,7.880,4,1.000,5
22.340,857.585,151.995,185.181,7.898,4,1.000,5
22.360,857.721,151.993,185.101,7.913,4,1.000,5
22.380,857.857,151.990,185.020,7.926,4,1.000,5
22.400,857.993,151.987,184.940,7.865,4,1.000,5
22.420,858.129,151.984,184.860,7.885,4,1.000,5
22.440,858.265,151.982,184.780,7.902,4,1.000,5
22.460,858.401,151.979,184.700,7.917,4,1.000,5
22.480,858.537,151.976,184.621,7.858,4,1.000,5
22.500,858.673,151.974,184.541,7.879,4,1.000,5
22.520,858.809,151.971,184.461,7.897,4,1.000,5
22.540,858.945,151.968,184.381,7.912,4,1.000,5
22.560,859.082,151.965,184.301,7.925,4,1.000,5
22.580,859.218,151.963,184.221,7.865,4,1.000,5
22.600,859.354,151.960,184.141,7.885,4,1.000,5
22.620,859.490,151.957,184.062,7.902,4,1.000,5
22.640,859.627,151.955,183.982,7.916,4,1.000,5
22.660,859.764,151.952,183.901,7.929,4,1.000,5
22.680,859.899,151.949,183.822,7.868,4,1.000,5
22.700,860.036,151.946,183.742,7.887,4,1.000,5
22.720,860.172,151.944,183.663,7.904,4,1.000,5
22.740,860.309,151.941,183.583,7.918,4,1.000,5
22.760,860.444,151.938,183.503,7.859,4,1.000,5
22.780,860.580,151.936,183.424,7.880,4,1.000,5
22.800,860.717,151.933,183.344,7.898,4,1.000,5
22.820,860.853,151.930,183.264,7.913,4,1.000,5
22.840,860.990,151.927,183.184,7.926,4,1.000,5
22.860,861.126,151.925,183.105,7.865,4,1.000,5
22.880,861.262,151.922,183.025,7.885,4,1.000,5
22.900,861.398,151.919,182.945,7.902,4,1.000,5
22.920,861.535,151.917,182.865,7.917,4,1.000,5
22.940,861.671,151.914,182.786,7.858,4,1.000,5
22.960,861.807,151.911,182.707,7.879,4,1.000,5
22.980,861.943,151.909,182.627,7.897,4,1.000,5
23.000,862.080,151.906,182.547,7.912,4,1.000,5
23.020,862.217,151.903,182.467,7.925,4,1.000,5
23.040,862.352,151.900,182.388,7.865,4,1.000,5
23.060,862.489,151.898,182.308,7.885,4,1.000,5
23.080,862.625,151.895,182.229,7.902,4,1.000,5
23.100,862.762,151.892,182.149,7.916,4,1.000,5
23.120,862.899,151.890,182.069,7.929,4,1.000,5
23.140,863.034,151.887,181.989,7.868,4,1.000,5
23.160,863.171,151.884,181.910,7.887,4,1.000,5
23.180,863.307,151.881,181.830,7.904,4,1.000,5
23.200,863.444,151.879,181.750,7.918,4,1.000,5
23.220,863.579,151.876,181.671,7.859,4,1.000,5
23.240,863.716,151.873,181.591,7.880,4,1.000,5
23.260,863.852,151.871,181.512,7.898,4,1.000,5
23.280,863.988,151.868,181.432,7.913,4,1.000,5
23.300,864.125,151.865,181.352,7.926,4,1.000,5
23.320,864.261,151.863,181.273,7.865,4,1.000,5
23.340,864.397,151.860,181.193,7.885,4,1.000,5
23.360,864.534,151.857,181.113,7.902,4,1.000,5
23.380,864.670,151.854,181.034,7.917,4,1.000,5
23.400,864.806,151.852,180.954,7.858,4,1.000,5
23.420,864.942,151.849,180.875,7.879,4,1.000,5
23.440,865.079,151.846,180.795,7.897,4,1.000,5
23.460,865.215,151.844,180.715,7.912,4,1.000,5
23.480,865.352,151.841,180.635,7.925,4,1.000,5
23.500,865.488,151.838,180.556,7.865,4,1.000,5
23.520,865.624,151.835,180.477,7.885,4,1.000,5
23.540,865.760,151.833,180.397,7.902,4,1.000,5
23.560,865.897,151.830,180.317,7.916,4,1.000,5
23.580,866.034,151.827,180.237,7.929,4,1.000,5
23.600,866.170,151.825,180.158,7.868,4,1.000,5
23.620,866.306,151.822,180.078,7.887,4,1.000,5
23.640,866.442,151.819,179.998,7.904,4,1.000,5
23.660,866.579,151.816,179.918,7.918,4,1.000,5
23.680,866.715,151.814,179.839,7.859,4,1.000,5
23.700,866.851,151.811,179.760,7.880,4,1.000,5
23.720,866.987,151.808,179.680,7.898,4,1.000,5
23.740,867.124,151.806,179.600,7.913,4,1.000,5
23.760,867.261,151.803,179.520,7.926,4,1.000,5
23.780,867.397,151.800,179.441,7.865,4,1.000,5
23.800,867.533,151.798,179.361,7.885,4,1.000,5
23.820,867.669,151.795,179.282,7.902,4,1.000,5
23.840,867.806,151.792,179.202,7.917,4,1.000,5
23.860,867.942,151.789,179.123,7.858,4,1.000,5
23.880,868.078,151.787,179.043,7.879,4,1.000,5
23.900,868.214,151.784,178.964,7.897,4,1.000,5
23.920,868.351,151.781,178.884,7.912,4,1.000,5
23.940,868.487,151.779,178.804,7.925,4,1.000,5
23.960,868.623,151.776,178.724,7.865,4,1.000,5
23.980,868.759,151.773,178.645,7.885,4,1.000,5
24.000,868.896,151.770,178.565,7.902,4,1.000,5
24.020,869.033,151.768,178.485,7.916,4,1.000,5
24.040,869.169,151.765,178.405,7.929,4,1.000,5
24.060,869.305,151.762,178.326,7.868,4,1.000,5
24.080,869.442,151.760,178.246,7.887,4,1.000,5
24.100,869.578,151.757,178.167,7.904,4,1.000,5
24.120,869.715,151.754,178.087,7.918,4,1.000,5
24.140,869.850,151.751,178.008,7.859,4,1.000,5
24.160,869.986,151.749,177.928,7.880,4,1.000,5
24.180,870.123,151.746,177.848,7.898,4,1.000,5
24.200,870.259,151.743,177.769,7.913,4,1.000,5
24.220,870.396,151.741,177.689,7.926,4,1.000,5
24.240,870.532,151.738,177.609,7.865,4,1.000,5
24.260,870.668,151.735,177.530,7.885,4,1.000,5
24.280,870.805,151.733,177.450,7.902,4,1.000,5
24.300,870.941,151.730,177.370,7.917,4,1.000,6
24.320,871.077,151.727,177.291,7.858,4,1.000,6
24.340,871.213,151.724,177.212,7.879,4,1.000,6
24.360,871.349,151.722,177.132,7.896,4,1.000,6
24.380,871.486,151.719,177.051,7.911,4,1.000,6
24.400,871.622,151.716,176.971,7.924,4,1.000,6
24.420,871.757,151.714,176.890,7.863,4,1.000,6
24.440,871.893,151.711,176.809,7.883,4,1.000,6
24.460,872.028,151.708,176.728,7.899,4,1.000,6
24.480,872.163,151.705,176.645,7.913,4,1.000,6
24.500,872.298,151.703,176.562,7.925,4,1.000,6
24.520,872.432,151.700,176.479,7.863,4,1.000,6
24.540,872.565,151.697,176.395,7.882,4,1.000,6
24.560,872.699,151.695,176.311,7.899,4,1.000,6
24.580,872.832,151.692,176.225,7.912,4,1.000,6
24.600,872.965,151.689,176.139,7.924,4,1.000,6
24.620,873.096,151.687,176.052,7.863,4,1.000,6
24.640,873.227,151.684,175.965,7.882,4,1.000,6
24.660,873.359,151.681,175.877,7.899,4,1.000,6
24.680,873.490,151.679,175.788,7.913,4,1.000,6
24.700,873.620,151.676,175.699,7.925,4,1.000,6
24.720,873.750,151.673,175.609,7.864,4,1.000,6
24.740,873.879,151.671,175.519,7.883,4,1.000,6
24.760,874.008,151.668,175.428,7.900,4,1.000,6
24.780,874.137,151.665,175.336,7.914,4,1.000,6
24.800,874.266,151.663,175.243,7.926,4,1.000,6
24.820,874.393,151.660,175.151,7.865,4,1.000,6
24.840,874.521,151.657,175.058,7.885,4,1.000,6
24.860,874.648,151.655,174.965,7.901,4,1.000,6
24.880,874.775,151.652,174.871,7.916,4,1.000,6
24.900,874.903,151.650,174.776,7.928,4,1.000,6
24.920,875.028,151.647,174.682,7.867,4,1.000,6
24.940,875.155,151.644,174.587,7.886,4,1.000,6
24.960,875.281,151.642,174.492,7.903,4,1.000,6
24.980,875.407,151.639,174.396,7.917,4,1.000,6
25.000,875.532,151.637,174.301,7.858,4,1.000,6
25.020,875.657,151.634,174.205,7.878,4,1.000,6
25.040,875.782,151.632,174.108,7.896,4,1.000,6
25.060,875.907,151.629,174.012,7.911,4,1.000,6
25.080,876.032,151.627,173.915,7.924,4,1.000,6
25.100,876.156,151.624,173.818,7.864,4,1.000,6
25.120,876.281,151.622,173.721,7.884,4,1.000,6
25.140,876.405,151.619,173.624,7.901,4,1.000,6
25.160,876.530,151.617,173.526,7.915,4,1.000,6
25.180,876.655,151.614,173.428,7.927,4,1.000,6
25.200,876.778,151.612,173.331,7.867,4,1.000,6
25.220,876.902,151.609,173.234,7.886,4,1.000,6
25.240,877.026,151.607,173.136,7.903,4,1.000,6
25.260,877.150,151.604,173.037,7.917,4,1.000,6
25.280,877.273,151.602,172.940,7.858,4,1.000,6
25.300,877.397,151.599,172.842,7.878,4,1.000,6
25.320,877.520,151.597,172.744,7.896,4,1.000,6
25.340,877.644,151.595,172.645,7.911,4,1.000,6
25.360,877.768,151.592,172.547,7.924,4,1.000,6
25.380,877.891,151.590,172.449,7.864,4,1.000,6
25.400,878.015,151.587,172.351,7.883,4,1.000,6
25.420,878.138,151.585,172.252,7.900,4,1.000,6
25.440,878.262,151.582,172.153,7.915,4,1.000,6
25.460,878.386,151.580,172.054,7.927,4,1.000,6
25.480,878.509,151.578,171.956,7.866,4,1.000,6
25.500,878.632,151.575,171.858,7.886,4,1.000,6
25.520,878.755,151.573,171.759,7.902,4,1.000,6
25.540,878.879,151.571,171.660,7.916,4,1.000,6
25.560,879.002,151.568,171.561,7.928,4,1.000,6
25.580,879.125,151.566,171.463,7.867,4,1.000,6
25.600,879.248,151.563,171.364,7.887,4,1.000,6
25.620,879.372,151.561,171.265,7.903,4,1.000,6
25.640,879.495,151.559,171.166,7.917,4,1.000,6
25.660,879.618,151.556,171.068,7.858,4,1.000,6
25.680,879.741,151.554,170.970,7.878,4,1.000,6
25.700,879.864,151.551,170.871,7.896,4,1.000,6
25.720,879.987,151.549,170.772,7.911,4,1.000,6
25.740,880.111,151.547,170.673,7.924,4,1.000,6
25.760,880.234,151.544,170.574,7.863,4,1.000,6
25.780,880.357,151.542,170.476,7.883,4,1.000,6
25.800,880.480,151.539,170.377,7.900,4,1.000,6
25.820,880.603,151.537,170.278,7.915,4,1.000,6
25.840,880.727,151.535,170.179,7.927,4,1.000,6
25.860,880.850,151.532,170.080,7.866,4,1.000,6
25.880,880.973,151.530,169.981,7.885,4,1.000,6
25.900,881.096,151.527,169.883,7.902,4,1.000,6
25.920,881.219,151.525,169.783,7.916,4,1.000,6
25.940,881.343,151.522,169.684,7.928,4,1.000,6
25.960,881.466,151.520,169.586,7.867,4,1.000,6
25.980,881.589,151.518,169.487,7.886,4,1.000,6
26.000,881.712,151.515,169.388,7.903,4,1.000,6
26.020,881.835,151.513,169.289,7.917,4,1.000,6
26.040,881.958,151.510,169.191,7.858,4,1.000,6
26.060,882.081,151.508,169.092,7.878,4,1.000,6
26.080,882.204,151.505,168.993,7.896,4,1.000,6
26.100,882.327,151.503,168.894,7.911,4,1.000,6
26.120,882.451,151.501,168.795,7.924,4,1.000,6
26.140,882.574,151.498,168.696,7.863,4,1.000,6
26.160,882.696,151.496,168.598,7.883,4,1.000,6
26.180,882.820,151.493,168.499,7.900,4,1.000,6
26.200,882.943,151.491,168.400,7.915,4,1.000,6
26.220,883.067,151.488,168.301,7.927,4,1.000,6
26.240,883.189,151.486,168.202,7.866,4,1.000,6
26.260,883.312,151.484,168.103,7.885,4,1.000,6
26.280,883.436,151.481,168.004,7.902,4,1.000,6
26.300,883.559,151.479,167.905,7.916,4,1.000,6
26.320,883.683,151.476,167.806,7.928,4,1.000,6
26.340,883.805,151.474,167.708,7.867,4,1.000,6
26.360,883.928,151.472,167.609,7.886,4,1.000,6
26.380,884.052,151.469,167.510,7.903,4,1.000,6
26.400,884.175,151.467,167.411,7.917,4,1.000,6
26.420,884.298,151.464,167.312,7.858,4,1.000,6
26.440,884.420,151.462,167.214,7.878,4,1.000,6
26.460,884.544,151.459,167.115,7.896,4,1.000,6
26.480,884.667,151.457,167.016,7.911,4,1.000,6
26.500,884.790,151.455,166.917,7.924,4,1.000,6
26.520,884.913,151.452,166.818,7.863,4,1.000,6
26.540,885.036,151.450,166.720,7.883,4,1.000,6
26.560,885.159,151.447,166.621,7.900,4,1.000,6
26.580,885.283,151.445,166.522,7.915,4,1.000,6
26.600,885.406,151.442,166.422,7.927,4,1.000,6
26.620,885.529,151.440,166.324,7.866,4,1.000,6
26.640,885.652,151.438,166.225,7.885,4,1.000,6
26.660,885.775,151.435,166.126,7.902,4,1.000,6
26.680,885.898,151.433,166.027,7.916,4,1.000,6
26.700,886.022,151.430,165.928,7.928,4,1.000,6
26.720,886.145,151.428,165.829,7.867,4,1.000,6
26.740,886.268,151.426,165.731,7.886,4,1.000,6
26.760,886.391,151.423,165.632,7.903,4,1.000,6
26.780,886.515,151.421,165.532,7.917,4,1.000,6
26.800,886.637,151.418,165.434,7.858,4,1.000,6
26.820,886.760,151.416,165.335,7.878,4,1.000,6
26.840,886.883,151.413,165.237,7.896,4,1.000,6
26.860,887.006,151.411,165.138,7.911,4,1.000,6
26.880,887.130,151.409,165.038,7.924,4,1.000,6
26.900,887.253,151.406,164.940,7.863,4,1.000,6
26.920,887.375,151.404,164.841,7.883,4,1.000,6
26.940,887.499,151.401,164.742,7.900,4,1.000,6
26.960,887.622,151.399,164.643,7.915,4,1.000,6
26.980,887.746,151.396,164.544,7.927,4,1.000,6
27.000,887.868,151.394,164.446,7.866,4,1.000,6
27.020,887.991,151.392,164.347,7.885,4,1.000,6
27.040,888.115,151.389,164.248,7.902,4,1.000,6
27.060,888.238,151.387,164.149,7.916,4,1.000,6
27.080,888.362,151.384,164.050,7.928,4,1.000,6
27.100,888.484,151.382,163.951,7.867,4,1.000,6
27.120,888.607,151.380,163.852,7.886,4,1.000,6
27.140,888.731,151.377,163.753,7.903,4,1.000,6
27.160,888.854,151.375,163.654,7.917,4,1.000,6
27.180,888.977,151.372,163.556,7.858,4,1.000,6
27.200,889.099,151.370,163.457,7.878,4,1.000,6
27.220,889.223,151.367,163.358,7.896,4,1.000,6
27.240,889.346,151.365,163.259,7.911,4,1.000,6
27.260,889.469,151.363,163.160,7.924,4,1.000,6
27.280,889.592,151.360,163.062,7.863,4,1.000,6
27.300,889.715,151.358,162.963,7.883,4,1.000,6
27.320,889.838,151.355,162.864,7.900,4,1.000,6
27.340,889.962,151.353,162.765,7.915,4,1.000,6
27.360,890.085,151.350,162.666,7.927,4,1.000,6
27.380,890.208,151.348,162.567,7.866,4,1.000,6
27.400,890.331,151.346,162.469,7.885,4,1.000,6
27.420,890.454,151.343,162.370,7.902,4,1.000,6
27.440,890.577,151.341,162.270,7.916,4,1.000,6
27.460,890.701,151.338,162.171,7.928,4,1.000,6
27.480,890.824,151.336,162.073,7.867,4,1.000,6
27.500,890.947,151.334,161.974,7.886,4,1.000,6
27.520,891.070,151.331,161.875,7.903,4,1.000,6
27.540,891.193,151.329,161.776,7.917,4,1.000,6
27.560,891.316,151.326,161.678,7.858,4,1.000,6
27.580,891.439,151.324,161.579,7.878,4,1.000,6
27.600,891.562,151.321,161.480,7.896,4,1.000,6
27.620,891.685,151.319,161.381,7.911,4,1.000,6
27.640,891.809,151.317,161.282,7.924,4,1.000,6
27.660,891.932,151.314,161.183,7.863,4,1.000,6
27.680,892.054,151.312,161.085,7.883,4,1.000,6
27.700,892.178,151.309,160.986,7.900,4,1.000,6
27.720,892.301,151.307,160.887,7.915,4,1.000,6
27.740,892.425,151.304,160.787,7.927,4,1.000,6
27.760,892.547,151.302,160.689,7.866,4,1.000,6
27.780,892.670,151.300,160.590,7.885,4,1.000,6
27.800,892.794,151.297,160.491,7.902,4,1.000,6
27.820,892.917,151.295,160.392,7.916,4,1.000,6
27.840,893.041,151.292,160.293,7.928,4,1.000,6
27.860,893.163,151.290,160.194,7.867,4,1.000,6
27.880,893.286,151.288,160.096,7.886,4,1.000,6
27.900,893.409,151.285,159.997,7.903,4,1.000,6
27.920,893.533,151.283,159.898,7.917,4,1.000,6
27.940,893.656,151.280,159.799,7.858,4,1.000,6
27.960,893.778,151.278,159.701,7.878,4,1.000,6
27.980,893.901,151.275,159.602,7.896,4,1.000,6
28.000,894.025,151.273,159.503,7.911,4,1.000,6
28.020,894.148,151.271,159.404,7.924,4,1.000,6
28.040,894.271,151.268,159.305,7.863,4,1.000,6
28.060,894.394,151.266,159.206,7.883,4,1.000,6
28.080,894.517,151.263,159.108,7.900,4,1.000,6
28.100,894.640,151.261,159.008,7.915,4,1.000,6
28.120,894.764,151.259,158.909,7.927,4,1.000,6
28.140,894.887,151.256,158.811,7.866,4,1.000,6
28.160,895.010,151.254,158.712,7.885,4,1.000,6
28.180,895.133,151.251,158.613,7.902,4,1.000,6
28.200,895.256,151.249,158.514,7.916,4,1.000,6
28.220,895.380,151.246,158.415,7.928,4,1.000,6
28.240,895.503,151.244,158.316,7.867,4,1.000,6
28.260,895.626,151.242,158.217,7.886,4,1.000,6
28.280,895.749,151.239,158.119,7.903,4,1.000,6
28.300,895.872,151.237,158.019,7.917,4,1.000,6
28.320,895.995,151.234,157.921,7.858,4,1.000,6
28.340,896.118,151.232,157.822,7.878,4,1.000,6
28.360,896.241,151.229,157.724,7.896,4,1.000,6
28.380,896.364,151.227,157.625,7.911,4,1.000,6
28.400,896.488,151.225,157.525,7.924,4,1.000,6
28.420,896.611,151.222,157.427,7.863,4,1.000,6
28.440,896.733,151.220,157.328,7.883,4,1.000,6
28.460,896.857,151.217,157.229,7.900,4,1.000,6
28.480,896.980,151.215,157.130,7.915,4,1.000,6
28.500,897.104,151.213,157.031,7.927,4,1.000,6
28.520,897.226,151.210,156.932,7.866,4,1.000,6
28.540,897.349,151.208,156.834,7.885,4,1.000,6
28.560,897.473,151.205,156.735,7.902,4,1.000,6
