t,station,x,y,z,speed,vx,vy,vz,throttle,brake,steering,grounded,suspension,alignment,up,contacts
0.020,472.102,1041.058,153.407,39.383,15.854,-5.548,-0.005,14.852,0.000,0.000,-0.074,2,10.834,2.201,1.000,""
0.040,472.414,1040.948,153.407,39.676,15.858,-5.553,0.023,14.857,0.073,0.000,-0.077,2,11.074,0.568,1.000,""
0.060,472.864,1040.838,153.410,39.968,15.858,-5.558,0.161,14.856,0.071,0.000,-0.080,4,16.593,0.744,0.999,""
0.080,473.173,1040.731,153.420,40.258,15.806,-5.518,0.521,14.807,0.071,0.000,-0.082,4,20.625,1.486,0.999,"Ground_Mountain_2_3:(0.057, 0.987, -0.152);Ground_Mountain_2_3:(0.057, 0.987, -0.152);Ground_Mountain_2_3:(0.057, 0.987, -0.152);Ground_Mountain_2_3:(0.057, 0.987, -0.152);Ground_Mountain_2_3:(0.057, 0.987, -0.152);Ground_Mountain_2_3:(0.057, 0.987, -0.152);"
0.100,473.480,1040.623,153.436,40.548,15.802,-5.527,0.796,14.787,0.097,0.000,-0.084,4,23.013,2.738,0.997,"Ground_Mountain_2_3:(0.056, 0.987, -0.152);Ground_Mountain_2_3:(0.056, 0.987, -0.152);Ground_Mountain_2_3:(0.056, 0.987, -0.152);Ground_Mountain_2_3:(0.056, 0.987, -0.152);Ground_Mountain_2_3:(0.056, 0.987, -0.152);"
0.120,473.787,1040.514,153.458,40.837,15.797,-5.537,1.112,14.757,0.099,0.000,-0.085,4,25.546,2.675,0.996,"Ground_Mountain_2_3:(0.051, 0.987, -0.149);Ground_Mountain_2_3:(0.051, 0.987, -0.149);Ground_Mountain_2_3:(0.051, 0.987, -0.149);Ground_Mountain_2_3:(0.051, 0.987, -0.149);Ground_Mountain_2_3:(0.051, 0.987, -0.149);"
0.140,474.097,1040.405,153.486,41.127,15.792,-5.546,1.456,14.716,0.101,0.000,-0.087,4,27.013,2.432,0.995,"Ground_Mountain_2_3:(0.055, 0.986, -0.154);Ground_Mountain_2_3:(0.055, 0.986, -0.154);Ground_Mountain_2_3:(0.055, 0.986, -0.154);Ground_Mountain_2_3:(0.055, 0.986, -0.154);"
0.160,474.407,1040.296,153.522,41.417,15.786,-5.556,1.810,14.666,0.104,0.000,-0.088,4,27.519,2.085,0.993,"Ground_Mountain_2_3:(0.055, 0.986, -0.154);Ground_Mountain_2_3:(0.055, 0.986, -0.154);Ground_Mountain_2_3:(0.055, 0.986, -0.154);Ground_Mountain_2_3:(0.055, 0.986, -0.154);"
0.180,474.851,1040.186,153.565,41.705,15.780,-5.568,2.157,14.610,0.107,0.000,-0.088,4,27.241,1.904,0.992,"Ground_Mountain_2_3:(0.060, 0.987, -0.148);Ground_Mountain_2_3:(0.060, 0.987, -0.148);Ground_Mountain_2_3:(0.060, 0.987, -0.148);"
0.200,475.163,1040.075,153.614,41.994,15.774,-5.583,2.485,14.549,0.110,0.000,-0.089,4,26.324,1.552,0.991,""
0.220,475.475,1039.964,153.669,42.281,15.767,-5.603,2.783,14.486,0.113,0.000,-0.089,4,24.842,1.297,0.990,""
0.240,475.788,1039.852,153.730,42.568,15.759,-5.627,3.044,14.425,0.117,0.000,-0.089,4,23.008,1.079,0.989,""
0.260,476.101,1039.739,153.795,42.854,15.751,-5.655,3.265,14.366,0.120,0.000,-0.089,4,20.939,0.920,0.989,""
0.280,476.540,1039.626,153.864,43.139,15.742,-5.689,3.441,14.311,0.124,0.000,-0.089,4,18.712,0.778,0.988,""
0.300,476.853,1039.511,153.935,43.423,15.733,-5.727,3.572,14.260,0.129,0.000,-0.088,4,16.463,0.631,0.988,""
0.320,477.167,1039.396,154.008,43.707,15.724,-5.770,3.661,14.215,0.133,0.000,-0.088,4,14.305,0.514,0.987,""
0.340,477.480,1039.280,154.082,43.990,15.714,-5.818,3.712,14.175,0.138,0.000,-0.088,4,12.395,0.358,0.987,""
0.360,477.793,1039.163,154.157,44.272,15.705,-5.870,3.728,14.139,0.143,0.000,-0.087,4,10.660,0.294,0.987,""
0.380,478.107,1039.044,154.231,44.554,15.696,-5.925,3.714,14.107,0.148,0.000,-0.086,4,9.110,0.221,0.987,""
0.400,478.536,1038.925,154.304,44.836,15.687,-5.983,3.674,14.079,0.152,0.000,-0.085,4,7.767,0.157,0.987,""
0.420,478.850,1038.804,154.377,45.117,15.678,-6.042,3.612,14.056,0.157,0.000,-0.085,4,6.623,0.128,0.987,""
0.440,479.163,1038.682,154.447,45.397,15.670,-6.104,3.531,14.035,0.161,0.000,-0.084,4,5.659,0.014,0.987,""
0.460,479.476,1038.559,154.516,45.678,15.663,-6.168,3.437,14.016,0.165,0.000,-0.083,4,5.025,0.038,0.987,""
0.480,479.789,1038.434,154.583,45.958,15.657,-6.233,3.335,13.999,0.168,0.000,-0.082,4,4.608,0.055,0.987,""
0.500,480.102,1038.308,154.647,46.238,15.651,-6.298,3.229,13.982,0.172,0.000,-0.081,4,4.383,0.076,0.987,""
0.520,480.525,1038.181,154.710,46.517,15.646,-6.364,3.122,13.967,0.174,0.000,-0.079,4,4.309,0.011,0.987,""
0.540,480.838,1038.053,154.770,46.796,15.641,-6.430,3.016,13.950,0.177,0.000,-0.079,4,4.348,0.054,0.987,""
0.560,481.150,1037.923,154.828,47.075,15.637,-6.496,2.913,13.934,0.179,0.000,-0.078,4,4.512,0.083,0.987,""
0.580,481.463,1037.793,154.885,47.354,15.634,-6.561,2.815,13.917,0.181,0.000,-0.077,4,4.788,0.107,0.987,""
0.600,481.775,1037.660,154.939,47.632,15.631,-6.627,2.725,13.898,0.183,0.000,-0.076,4,5.156,0.096,0.987,""
0.620,482.088,1037.527,154.992,47.909,15.628,-6.691,2.646,13.879,0.185,0.000,-0.075,4,5.669,0.139,0.987,""
0.640,482.503,1037.392,155.044,48.187,15.625,-6.754,2.577,13.857,0.186,0.000,-0.073,4,6.227,0.140,0.987,""
0.660,482.815,1037.256,155.094,48.463,15.623,-6.817,2.519,13.835,0.187,0.000,-0.072,4,6.780,0.155,0.987,""
0.680,483.128,1037.119,155.143,48.740,15.621,-6.878,2.470,13.811,0.189,0.000,-0.071,4,7.229,0.133,0.987,""
0.700,483.440,1036.980,155.192,49.016,15.619,-6.938,2.429,13.786,0.190,0.000,-0.070,4,7.624,0.142,0.987,""
0.720,483.753,1036.841,155.240,49.291,15.617,-6.997,2.396,13.761,0.191,0.000,-0.069,4,7.999,0.148,0.987,""
0.740,484.065,1036.700,155.287,49.566,15.616,-7.055,2.369,13.734,0.191,0.000,-0.068,4,8.379,0.179,0.987,""
0.760,484.475,1036.558,155.334,49.840,15.615,-7.112,2.351,13.707,0.192,0.000,-0.066,4,8.760,0.178,0.987,""
0.780,484.788,1036.415,155.381,50.114,15.614,-7.167,2.339,13.679,0.193,0.000,-0.065,4,9.121,0.159,0.987,""
0.800,485.100,1036.271,155.428,50.387,15.613,-7.221,2.334,13.650,0.193,0.000,-0.064,4,9.443,0.162,0.987,""
0.820,485.413,1036.125,155.474,50.660,15.613,-7.275,2.335,13.621,0.193,0.000,-0.063,4,9.706,0.078,0.987,""
0.840,485.725,1035.979,155.521,50.932,15.612,-7.327,2.338,13.591,0.194,0.000,-0.062,4,9.877,0.135,0.987,""
0.860,486.037,1035.832,155.568,51.203,15.612,-7.378,2.344,13.562,0.194,0.000,-0.061,4,9.971,0.134,0.987,""
0.880,486.441,1035.683,155.615,51.474,15.611,-7.428,2.350,13.533,0.194,0.000,-0.059,4,10.037,0.137,0.987,""
0.900,486.753,1035.534,155.662,51.744,15.611,-7.478,2.358,13.504,0.194,0.000,-0.058,4,10.087,0.151,0.987,""
0.920,487.066,1035.383,155.710,52.014,15.611,-7.526,2.367,13.475,0.194,0.000,-0.057,4,10.182,0.135,0.987,""
0.940,487.378,1035.232,155.757,52.283,15.611,-7.574,2.378,13.446,0.194,0.000,-0.056,4,10.250,0.120,0.987,""
0.960,487.690,1035.080,155.805,52.551,15.611,-7.620,2.390,13.417,0.195,0.000,-0.055,4,10.293,0.114,0.987,""
0.980,488.003,1034.926,155.853,52.819,15.611,-7.666,2.401,13.389,0.194,0.000,-0.054,4,10.285,0.031,0.987,""
1.000,488.315,1034.772,155.901,53.087,15.611,-7.711,2.412,13.361,0.194,0.000,-0.053,4,10.224,0.034,0.987,""
1.020,488.716,1034.617,155.950,53.353,15.612,-7.756,2.421,13.334,0.194,0.000,-0.052,4,10.156,0.043,0.987,""
1.040,489.028,1034.461,155.998,53.620,15.612,-7.800,2.429,13.307,0.194,0.000,-0.051,4,10.090,0.063,0.987,""
1.060,489.340,1034.304,156.047,53.885,15.612,-7.843,2.435,13.281,0.194,0.000,-0.050,4,10.027,0.062,0.987,""
1.080,489.653,1034.147,156.096,54.151,15.613,-7.885,2.441,13.255,0.194,0.000,-0.049,4,9.966,0.065,0.987,""
1.100,489.965,1033.988,156.145,54.415,15.613,-7.927,2.445,13.230,0.194,0.000,-0.048,4,9.913,0.066,0.987,""
1.120,490.277,1033.829,156.194,54.680,15.613,-7.968,2.448,13.205,0.194,0.000,-0.047,4,9.870,0.053,0.988,""
1.140,490.672,1033.669,156.243,54.943,15.614,-8.008,2.451,13.181,0.193,0.000,-0.046,4,9.830,0.054,0.988,""
1.160,490.984,1033.508,156.292,55.207,15.614,-8.047,2.453,13.157,0.193,0.000,-0.045,4,9.794,0.062,0.988,""
1.180,491.296,1033.346,156.341,55.469,15.615,-8.086,2.454,13.133,0.193,0.000,-0.044,4,9.764,0.073,0.988,""
1.200,491.609,1033.184,156.390,55.732,15.615,-8.123,2.454,13.110,0.193,0.000,-0.044,4,9.710,0.048,0.988,""
1.220,491.921,1033.021,156.439,55.993,15.616,-8.160,2.454,13.088,0.192,0.000,-0.043,4,9.666,0.062,0.988,""
1.240,492.233,1032.857,156.488,56.255,15.616,-8.197,2.453,13.066,0.192,0.000,-0.042,4,9.628,0.073,0.988,""
1.260,492.626,1032.693,156.537,56.516,15.616,-8.232,2.450,13.044,0.192,0.000,-0.041,4,9.591,0.083,0.988,""
1.280,492.938,1032.527,156.586,56.777,15.617,-8.267,2.448,13.023,0.192,0.000,-0.040,4,9.553,0.083,0.988,""
1.300,493.251,1032.362,156.635,57.037,15.617,-8.302,2.444,13.002,0.192,0.000,-0.039,4,9.508,0.087,0.988,""
1.320,493.563,1032.195,156.684,57.297,15.618,-8.335,2.439,12.982,0.191,0.000,-0.039,4,9.469,0.100,0.988,""
1.340,493.876,1032.028,156.733,57.556,15.618,-8.368,2.434,12.962,0.191,0.000,-0.038,4,9.436,0.113,0.988,""
1.360,494.188,1031.860,156.781,57.815,15.619,-8.401,2.428,12.943,0.191,0.000,-0.037,4,9.404,0.079,0.988,""
1.380,494.501,1031.691,156.830,58.074,15.619,-8.433,2.422,12.924,0.191,0.000,-0.037,4,9.376,0.093,0.988,""
1.400,494.888,1031.522,156.878,58.332,15.620,-8.464,2.416,12.905,0.190,0.000,-0.036,4,9.363,0.100,0.988,""
1.420,495.201,1031.352,156.926,58.590,15.620,-8.494,2.409,12.887,0.190,0.000,-0.035,4,9.366,0.100,0.988,""
1.440,495.513,1031.182,156.974,58.848,15.621,-8.524,2.402,12.870,0.190,0.000,-0.034,4,9.349,0.103,0.988,""
1.460,495.826,1031.011,157.022,59.105,15.622,-8.553,2.395,12.852,0.189,0.000,-0.034,4,9.333,0.099,0.988,""
1.480,496.138,1030.839,157.070,59.362,15.622,-8.582,2.388,12.835,0.189,0.000,-0.033,4,9.333,0.093,0.988,""
1.500,496.451,1030.667,157.118,59.618,15.623,-8.610,2.381,12.818,0.189,0.000,-0.033,4,9.347,0.093,0.988,""
1.520,496.837,1030.495,157.165,59.874,15.623,-8.638,2.375,12.801,0.189,0.000,-0.032,4,9.399,0.093,0.988,""
1.540,497.149,1030.321,157.212,60.130,15.624,-8.665,2.371,12.785,0.188,0.000,-0.031,4,9.472,0.072,0.988,""
1.560,497.462,1030.148,157.260,60.385,15.624,-8.691,2.368,12.768,0.188,0.000,-0.031,4,9.546,0.065,0.988,""
1.580,497.774,1029.973,157.307,60.641,15.625,-8.716,2.366,12.751,0.188,0.000,-0.030,4,9.611,0.045,0.988,""
1.600,498.087,1029.798,157.354,60.895,15.625,-8.742,2.364,12.735,0.188,0.000,-0.030,4,9.626,0.058,0.988,""
1.620,498.399,1029.623,157.402,61.150,15.626,-8.766,2.363,12.719,0.187,0.000,-0.030,4,9.609,0.053,0.988,""
1.640,498.712,1029.447,157.449,61.404,15.626,-8.790,2.360,12.703,0.187,0.000,-0.029,4,9.594,0.049,0.988,""
1.660,499.093,1029.271,157.496,61.658,15.627,-8.814,2.358,12.687,0.187,0.000,-0.029,4,9.586,0.012,0.988,""
1.680,499.406,1029.094,157.543,61.911,15.627,-8.838,2.356,12.672,0.187,0.000,-0.028,4,9.590,0.023,0.988,""
1.700,499.718,1028.917,157.590,62.164,15.628,-8.861,2.354,12.657,0.186,0.000,-0.028,4,9.600,0.025,0.988,""
1.720,500.031,1028.740,157.637,62.417,15.628,-8.883,2.352,12.642,0.186,0.000,-0.027,4,9.610,0.029,0.988,""
1.740,500.343,1028.561,157.684,62.670,15.629,-8.905,2.351,12.627,0.186,0.000,-0.027,4,9.620,0.038,0.988,""
1.760,500.656,1028.383,157.731,62.922,15.629,-8.927,2.349,12.613,0.186,0.000,-0.027,4,9.612,0.025,0.988,""
1.780,501.036,1028.204,157.778,63.174,15.630,-8.948,2.347,12.598,0.185,0.000,-0.026,4,9.604,0.031,0.988,""
1.800,501.348,1028.024,157.825,63.426,15.630,-8.970,2.345,12.584,0.185,0.000,-0.026,4,9.601,0.036,0.988,""
1.820,501.661,1027.845,157.872,63.678,15.630,-8.990,2.343,12.571,0.185,0.000,-0.026,4,9.590,0.008,0.989,""
1.840,501.974,1027.665,157.919,63.929,15.631,-9.011,2.340,12.557,0.185,0.000,-0.025,4,9.554,0.013,0.989,""
1.860,502.286,1027.484,157.966,64.180,15.631,-9.031,2.337,12.544,0.185,0.000,-0.025,4,9.527,0.007,0.989,""
1.880,502.599,1027.303,158.012,64.431,15.632,-9.050,2.333,12.531,0.184,0.000,-0.025,4,9.508,0.019,0.989,""
1.900,502.912,1027.122,158.059,64.681,15.632,-9.070,2.329,12.518,0.184,0.000,-0.025,4,9.487,0.024,0.989,""
1.920,503.288,1026.940,158.105,64.931,15.633,-9.089,2.324,12.505,0.184,0.000,-0.024,4,9.468,0.037,0.989,""
1.940,503.601,1026.758,158.152,65.181,15.633,-9.108,2.319,12.493,0.184,0.000,-0.024,4,9.454,0.048,0.989,""
1.960,503.913,1026.575,158.198,65.431,15.634,-9.127,2.314,12.481,0.183,0.000,-0.024,4,9.443,0.060,0.989,""
1.980,504.226,1026.393,158.244,65.681,15.634,-9.145,2.309,12.469,0.183,0.000,-0.023,4,9.438,0.085,0.989,""
2.000,504.539,1026.209,158.290,65.930,15.635,-9.163,2.303,12.457,0.183,0.000,-0.023,4,9.415,0.072,0.989,""
2.020,504.852,1026.026,158.336,66.179,15.635,-9.181,2.297,12.446,0.183,0.000,-0.023,4,9.399,0.079,0.989,""
2.040,505.164,1025.842,158.382,66.428,15.636,-9.199,2.291,12.435,0.182,0.000,-0.023,4,9.404,0.082,0.989,""
2.060,505.539,1025.658,158.428,66.677,15.636,-9.217,2.285,12.423,0.182,0.000,-0.023,4,9.415,0.060,0.989,""
2.080,505.852,1025.473,158.474,66.925,15.637,-9.234,2.280,12.412,0.182,0.000,-0.022,4,9.404,0.051,0.989,""
2.100,506.165,1025.288,158.519,67.173,15.638,-9.251,2.274,12.401,0.181,0.000,-0.022,4,9.403,0.057,0.989,""
2.120,506.477,1025.103,158.564,67.421,15.638,-9.268,2.267,12.391,0.181,0.000,-0.022,4,9.400,0.057,0.989,""
2.140,506.790,1024.917,158.610,67.669,15.639,-9.285,2.262,12.380,0.181,0.000,-0.022,4,9.408,0.055,0.989,""
2.160,507.103,1024.731,158.655,67.916,15.639,-9.301,2.256,12.369,0.181,0.000,-0.022,4,9.438,0.082,0.989,""
2.180,507.475,1024.545,158.700,68.164,15.640,-9.318,2.252,12.358,0.180,0.000,-0.022,4,9.475,0.081,0.989,""
2.200,507.788,1024.358,158.745,68.411,15.640,-9.334,2.248,12.348,0.180,0.000,-0.022,4,9.517,0.074,0.989,""
2.220,508.100,1024.171,158.790,68.658,15.641,-9.350,2.245,12.337,0.180,0.000,-0.021,4,9.563,0.069,0.989,""
2.240,508.413,1023.984,158.835,68.904,15.641,-9.365,2.242,12.326,0.180,0.000,-0.021,4,9.567,0.054,0.989,""
2.260,508.726,1023.796,158.879,69.151,15.642,-9.381,2.240,12.315,0.179,0.000,-0.021,4,9.579,0.058,0.989,""
2.280,509.039,1023.608,158.924,69.397,15.642,-9.396,2.237,12.305,0.179,0.000,-0.021,4,9.574,0.042,0.989,""
2.300,509.352,1023.420,158.969,69.643,15.643,-9.411,2.234,12.294,0.179,0.000,-0.021,4,9.562,0.050,0.989,""
2.320,509.722,1023.231,159.013,69.889,15.643,-9.426,2.231,12.284,0.179,0.000,-0.021,4,9.554,0.075,0.990,""
2.340,510.035,1023.043,159.058,70.134,15.644,-9.441,2.228,12.273,0.178,0.000,-0.021,4,9.547,0.077,0.990,""
2.360,510.348,1022.853,159.103,70.380,15.644,-9.456,2.225,12.263,0.178,0.000,-0.021,4,9.547,0.077,0.990,""
2.380,510.661,1022.664,159.147,70.625,15.645,-9.471,2.222,12.253,0.178,0.000,-0.021,4,9.552,0.076,0.990,""
2.400,510.973,1022.474,159.191,70.870,15.645,-9.486,2.218,12.243,0.178,0.000,-0.021,4,9.544,0.061,0.990,""
2.420,511.286,1022.284,159.236,71.115,15.646,-9.501,2.215,12.233,0.177,0.000,-0.021,4,9.546,0.056,0.990,""
2.440,511.599,1022.094,159.280,71.359,15.646,-9.515,2.212,12.223,0.177,0.000,-0.020,4,9.555,0.030,0.990,""
2.460,511.968,1021.903,159.324,71.603,15.647,-9.530,2.209,12.212,0.177,0.000,-0.020,4,9.565,0.035,0.990,""
2.480,512.281,1021.712,159.368,71.848,15.647,-9.544,2.207,12.202,0.177,0.000,-0.020,4,9.595,0.049,0.990,""
2.500,512.594,1021.521,159.412,72.091,15.648,-9.558,2.205,12.192,0.176,0.000,-0.020,4,9.622,0.047,0.990,""
2.520,512.907,1021.330,159.456,72.335,15.648,-9.572,2.204,12.182,0.176,0.000,-0.020,4,9.651,0.064,0.990,""
2.540,513.220,1021.138,159.501,72.579,15.649,-9.586,2.205,12.171,0.176,0.000,-0.020,4,9.730,0.056,0.990,""
2.560,513.533,1020.946,159.545,72.822,15.649,-9.599,2.207,12.161,0.176,0.000,-0.020,4,9.831,0.063,0.990,""
2.580,513.846,1020.754,159.589,73.065,15.649,-9.613,2.212,12.150,0.175,0.000,-0.020,4,9.936,0.041,0.990,""
2.600,514.216,1020.562,159.633,73.308,15.650,-9.626,2.219,12.139,0.175,0.000,-0.020,4,10.034,0.015,0.990,""
2.620,514.529,1020.369,159.678,73.550,15.650,-9.638,2.227,12.127,0.175,0.000,-0.020,4,10.125,0.015,0.990,""
2.640,514.842,1020.176,159.723,73.792,15.650,-9.651,2.237,12.115,0.175,0.000,-0.020,4,10.232,0.034,0.990,""
2.660,515.154,1019.983,159.768,74.034,15.650,-9.663,2.251,12.103,0.175,0.000,-0.020,4,10.355,0.037,0.989,""
2.680,515.467,1019.790,159.813,74.276,15.650,-9.675,2.266,12.091,0.175,0.000,-0.020,4,10.486,0.071,0.989,""
2.700,515.780,1019.596,159.858,74.517,15.649,-9.686,2.284,12.078,0.175,0.000,-0.020,4,10.620,0.082,0.989,""
2.720,516.153,1019.403,159.905,74.758,15.649,-9.697,2.306,12.064,0.175,0.000,-0.020,4,10.795,0.060,0.989,""
2.740,516.466,1019.209,159.951,74.999,15.648,-9.707,2.332,12.050,0.176,0.000,-0.020,4,11.011,0.053,0.989,""
2.760,516.778,1019.015,159.998,75.239,15.648,-9.717,2.362,12.036,0.176,0.000,-0.020,4,11.192,0.089,0.989,""
2.780,517.091,1018.821,160.046,75.479,15.647,-9.726,2.394,12.021,0.176,0.000,-0.020,4,11.317,0.126,0.988,""
2.800,517.403,1018.626,160.095,75.719,15.645,-9.735,2.428,12.005,0.177,0.000,-0.019,4,11.396,0.115,0.988,""
2.820,517.716,1018.432,160.144,75.958,15.644,-9.744,2.465,11.989,0.177,0.000,-0.020,4,11.525,0.150,0.988,""
2.840,518.028,1018.237,160.194,76.197,15.643,-9.752,2.503,11.973,0.178,0.000,-0.020,4,11.626,0.167,0.988,""
2.860,518.397,1018.042,160.244,76.436,15.641,-9.760,2.542,11.956,0.179,0.000,-0.019,4,11.678,0.209,0.987,""
2.880,518.710,1017.848,160.296,76.674,15.640,-9.767,2.583,11.939,0.179,0.000,-0.019,4,11.761,0.156,0.987,""
2.900,519.022,1017.653,160.348,76.912,15.638,-9.774,2.627,11.922,0.180,0.000,-0.019,4,11.891,0.164,0.987,""
2.920,519.334,1017.458,160.402,77.150,15.636,-9.780,2.673,11.904,0.181,0.000,-0.019,4,11.994,0.212,0.986,""
2.940,519.646,1017.262,160.456,77.387,15.633,-9.786,2.720,11.885,0.182,0.000,-0.019,4,12.037,0.234,0.986,""
2.960,519.958,1017.067,160.511,77.624,15.631,-9.792,2.766,11.867,0.183,0.000,-0.019,4,12.030,0.271,0.986,""
2.980,520.270,1016.872,160.567,77.860,15.629,-9.798,2.813,11.848,0.184,0.000,-0.019,4,12.050,0.233,0.985,""
3.000,520.637,1016.676,160.624,78.096,15.626,-9.803,2.860,11.829,0.186,0.000,-0.019,4,12.048,0.266,0.985,""
3.020,520.949,1016.480,160.682,78.332,15.623,-9.808,2.905,11.810,0.187,0.000,-0.019,4,11.986,0.294,0.985,""
3.040,521.261,1016.285,160.741,78.567,15.620,-9.814,2.949,11.791,0.188,0.000,-0.019,4,11.907,0.276,0.984,""
3.060,521.572,1016.089,160.801,78.802,15.617,-9.819,2.993,11.772,0.190,0.000,-0.019,4,11.873,0.260,0.984,""
3.080,521.884,1015.893,160.862,79.037,15.614,-9.824,3.036,11.753,0.191,0.000,-0.019,4,11.829,0.241,0.983,""
3.100,522.196,1015.697,160.923,79.271,15.611,-9.829,3.076,11.734,0.193,0.000,-0.019,4,11.740,0.240,0.983,""
3.120,522.507,1015.501,160.985,79.505,15.608,-9.834,3.115,11.716,0.195,0.000,-0.019,4,11.627,0.256,0.983,""
3.140,522.873,1015.305,161.048,79.738,15.604,-9.839,3.152,11.697,0.196,0.000,-0.019,4,11.504,0.176,0.982,""
3.160,523.184,1015.108,161.112,79.971,15.601,-9.844,3.188,11.679,0.198,0.000,-0.019,4,11.471,0.197,0.982,""
3.180,523.496,1014.912,161.176,80.204,15.597,-9.849,3.222,11.661,0.200,0.000,-0.019,4,11.395,0.219,0.982,""
3.200,523.807,1014.715,161.241,80.437,15.594,-9.854,3.254,11.643,0.201,0.000,-0.018,4,11.282,0.242,0.981,""
3.220,524.118,1014.518,161.307,80.669,15.591,-9.860,3.284,11.625,0.203,0.000,-0.018,4,11.175,0.218,0.981,""
3.240,524.429,1014.322,161.373,80.900,15.587,-9.865,3.313,11.608,0.205,0.000,-0.018,4,11.133,0.212,0.980,""
3.260,524.740,1014.125,161.439,81.132,15.584,-9.870,3.342,11.590,0.206,0.000,-0.018,4,11.088,0.244,0.980,""
3.280,525.101,1013.928,161.507,81.363,15.580,-9.876,3.369,11.573,0.208,0.000,-0.018,4,11.034,0.246,0.980,""
3.300,525.412,1013.731,161.574,81.593,15.576,-9.881,3.395,11.556,0.210,0.000,-0.018,4,10.963,0.271,0.979,""
3.320,525.723,1013.533,161.643,81.824,15.573,-9.886,3.422,11.538,0.212,0.000,-0.018,4,10.964,0.214,0.979,""
3.340,526.034,1013.336,161.711,82.054,15.569,-9.891,3.448,11.521,0.214,0.000,-0.018,4,10.971,0.213,0.978,""
3.360,526.345,1013.139,161.781,82.283,15.565,-9.896,3.475,11.504,0.215,0.000,-0.018,4,10.983,0.232,0.978,""
3.380,526.655,1012.941,161.851,82.512,15.562,-9.901,3.501,11.486,0.217,0.000,-0.018,4,10.952,0.250,0.978,""
3.400,526.966,1012.744,161.921,82.741,15.558,-9.906,3.528,11.469,0.219,0.000,-0.018,4,10.968,0.209,0.977,""
3.420,527.325,1012.546,161.992,82.970,15.554,-9.911,3.555,11.451,0.221,0.000,-0.018,4,10.972,0.233,0.977,""
3.440,527.635,1012.348,162.064,83.198,15.550,-9.915,3.581,11.434,0.223,0.000,-0.018,4,10.948,0.230,0.976,""
3.460,527.946,1012.150,162.136,83.426,15.547,-9.920,3.606,11.417,0.225,0.000,-0.018,4,10.911,0.252,0.976,""
3.480,528.256,1011.952,162.208,83.654,15.543,-9.925,3.632,11.400,0.227,0.000,-0.018,4,10.877,0.216,0.976,""
3.500,528.566,1011.754,162.281,83.881,15.539,-9.929,3.657,11.382,0.229,0.000,-0.018,4,10.897,0.210,0.975,""
3.520,528.876,1011.556,162.354,84.108,15.535,-9.934,3.683,11.365,0.230,0.000,-0.018,4,10.934,0.200,0.975,""
3.540,529.187,1011.358,162.429,84.334,15.532,-9.938,3.710,11.348,0.232,0.000,-0.018,4,10.944,0.209,0.974,""
3.560,529.547,1011.159,162.503,84.560,15.528,-9.942,3.737,11.330,0.234,0.000,-0.017,4,10.960,0.204,0.974,""
3.580,529.857,1010.961,162.578,84.786,15.524,-9.945,3.765,11.312,0.236,0.000,-0.017,4,11.001,0.216,0.973,""
3.600,530.166,1010.763,162.654,85.012,15.521,-9.949,3.793,11.294,0.238,0.000,-0.017,4,11.002,0.241,0.973,""
3.620,530.476,1010.564,162.730,85.237,15.517,-9.953,3.820,11.277,0.240,0.000,-0.017,4,10.965,0.263,0.972,""
3.640,530.786,1010.365,162.807,85.462,15.513,-9.957,3.846,11.259,0.242,0.000,-0.017,4,10.909,0.249,0.972,""
3.660,531.095,1010.167,162.884,85.686,15.509,-9.961,3.872,11.242,0.243,0.000,-0.017,4,10.875,0.241,0.972,""
3.680,531.405,1009.968,162.962,85.910,15.506,-9.964,3.898,11.225,0.245,0.000,-0.017,4,10.916,0.197,0.971,""
3.700,531.760,1009.769,163.040,86.134,15.502,-9.968,3.925,11.207,0.247,0.000,-0.017,4,10.936,0.214,0.971,""
3.720,532.070,1009.570,163.119,86.357,15.498,-9.971,3.952,11.189,0.249,0.000,-0.017,4,10.929,0.211,0.970,""
3.740,532.379,1009.371,163.199,86.580,15.495,-9.974,3.979,11.172,0.251,0.000,-0.017,4,10.909,0.177,0.970,""
3.760,532.688,1009.172,163.279,86.803,15.491,-9.977,4.007,11.154,0.253,0.000,-0.017,4,10.966,0.162,0.969,""
3.780,532.998,1008.973,163.359,87.025,15.487,-9.980,4.035,11.136,0.255,0.000,-0.017,4,10.984,0.186,0.969,""
3.800,533.307,1008.774,163.440,87.247,15.484,-9.983,4.063,11.119,0.256,0.000,-0.016,4,10.963,0.214,0.968,""
3.820,533.616,1008.574,163.522,87.469,15.480,-9.986,4.090,11.101,0.258,0.000,-0.016,4,10.910,0.243,0.968,""
3.840,533.968,1008.375,163.604,87.690,15.477,-9.989,4.116,11.084,0.260,0.000,-0.016,4,10.866,0.215,0.967,""
3.860,534.277,1008.176,163.687,87.911,15.473,-9.992,4.142,11.066,0.262,0.000,-0.016,4,10.876,0.236,0.967,""
3.880,534.586,1007.976,163.770,88.131,15.469,-9.995,4.169,11.049,0.264,0.000,-0.016,4,10.876,0.241,0.966,""
3.900,534.894,1007.777,163.854,88.351,15.466,-9.998,4.194,11.031,0.265,0.000,-0.016,4,10.845,0.264,0.966,""
3.920,535.203,1007.577,163.938,88.571,15.462,-10.000,4.220,11.014,0.267,0.000,-0.016,4,10.840,0.218,0.965,""
3.940,535.512,1007.378,164.023,88.791,15.458,-10.003,4.247,10.996,0.269,0.000,-0.016,4,10.883,0.181,0.965,""
3.960,535.863,1007.178,164.108,89.010,15.455,-10.005,4.275,10.978,0.271,0.000,-0.016,4,10.927,0.195,0.964,""
3.980,536.171,1006.979,164.194,89.229,15.451,-10.007,4.303,10.961,0.273,0.000,-0.016,4,10.918,0.208,0.964,""
4.000,536.480,1006.779,164.280,89.447,15.448,-10.009,4.329,10.943,0.274,0.000,-0.016,4,10.868,0.221,0.964,""
4.020,536.788,1006.579,164.367,89.665,15.444,-10.012,4.355,10.926,0.276,0.000,-0.016,4,10.790,0.222,0.963,""
4.040,537.097,1006.379,164.455,89.883,15.441,-10.014,4.379,10.909,0.278,0.000,-0.017,4,10.741,0.187,0.963,""
4.060,537.405,1006.179,164.543,90.100,15.437,-10.017,4.403,10.892,0.280,0.000,-0.017,4,10.706,0.206,0.962,""
4.080,537.713,1005.979,164.631,90.318,15.434,-10.020,4.426,10.875,0.281,0.000,-0.017,4,10.686,0.186,0.962,""
4.100,538.063,1005.779,164.720,90.534,15.430,-10.022,4.450,10.858,0.283,0.000,-0.017,4,10.673,0.189,0.961,""
4.120,538.371,1005.579,164.809,90.751,15.427,-10.025,4.474,10.841,0.285,0.000,-0.017,4,10.693,0.176,0.961,""
4.140,538.679,1005.379,164.899,90.967,15.424,-10.027,4.498,10.824,0.287,0.000,-0.017,4,10.705,0.191,0.960,""
4.160,538.987,1005.179,164.989,91.183,15.420,-10.030,4.522,10.806,0.288,0.000,-0.017,4,10.700,0.213,0.960,""
4.180,539.295,1004.979,165.080,91.398,15.417,-10.032,4.545,10.789,0.290,0.000,-0.018,4,10.661,0.234,0.959,""
4.200,539.602,1004.779,165.171,91.613,15.413,-10.035,4.568,10.772,0.292,0.000,-0.018,4,10.603,0.224,0.959,""
4.220,539.910,1004.578,165.263,91.828,15.410,-10.038,4.590,10.755,0.293,0.000,-0.018,4,10.582,0.223,0.958,""
4.240,540.257,1004.378,165.355,92.042,15.407,-10.041,4.612,10.738,0.295,0.000,-0.018,4,10.580,0.196,0.958,""
4.260,540.565,1004.177,165.447,92.256,15.403,-10.044,4.634,10.721,0.297,0.000,-0.019,4,10.578,0.213,0.957,""
4.280,540.872,1003.977,165.540,92.470,15.400,-10.047,4.656,10.704,0.298,0.000,-0.019,4,10.585,0.182,0.957,""
4.300,541.180,1003.776,165.634,92.683,15.397,-10.050,4.679,10.686,0.300,0.000,-0.019,4,10.590,0.178,0.956,""
4.320,541.487,1003.576,165.728,92.896,15.393,-10.053,4.702,10.669,0.302,0.000,-0.019,4,10.596,0.176,0.956,""
4.340,541.795,1003.375,165.822,93.109,15.390,-10.056,4.724,10.651,0.303,0.000,-0.019,4,10.578,0.151,0.955,""
4.360,542.102,1003.174,165.917,93.321,15.387,-10.059,4.747,10.634,0.305,0.000,-0.019,4,10.580,0.171,0.955,""
4.380,542.446,1002.973,166.012,93.533,15.384,-10.062,4.769,10.616,0.307,0.000,-0.020,4,10.551,0.194,0.954,""
4.400,542.753,1002.773,166.108,93.745,15.381,-10.066,4.791,10.598,0.308,0.000,-0.020,4,10.540,0.200,0.954,""
4.420,543.061,1002.572,166.204,93.956,15.377,-10.069,4.813,10.581,0.310,0.000,-0.020,4,10.513,0.224,0.953,""
4.440,543.368,1002.371,166.300,94.167,15.374,-10.073,4.834,10.563,0.311,0.000,-0.020,4,10.481,0.215,0.953,""
4.460,543.674,1002.169,166.397,94.378,15.371,-10.077,4.854,10.545,0.313,0.000,-0.020,4,10.452,0.209,0.952,""
4.480,543.981,1001.968,166.494,94.588,15.368,-10.081,4.875,10.527,0.314,0.000,-0.020,4,10.455,0.228,0.952,""
4.500,544.288,1001.767,166.592,94.798,15.365,-10.089,4.868,10.517,0.316,0.000,-0.020,4,9.188,1.169,0.952,""
4.520,544.569,1001.565,166.688,95.009,15.361,-10.103,4.840,10.511,0.318,0.000,-0.019,4,8.020,0.921,0.952,""
4.540,544.875,1001.363,166.785,95.220,15.358,-10.123,4.796,10.508,0.319,0.000,-0.017,3,7.337,1.514,0.952,""
4.560,545.182,1001.159,166.880,95.432,15.356,-10.148,4.727,10.511,0.321,0.000,-0.015,3,6.062,1.476,0.954,""
4.580,545.489,1000.955,166.973,95.644,15.354,-10.178,4.636,10.520,0.322,0.000,-0.013,3,4.848,1.421,0.955,""
4.600,545.797,1000.750,167.064,95.856,15.354,-10.212,4.527,10.535,0.323,0.000,-0.011,2,3.573,1.340,0.957,""
4.620,546.105,1000.543,167.153,96.069,15.355,-10.247,4.411,10.552,0.323,0.000,-0.009,2,3.248,1.659,0.959,""
4.640,546.414,1000.336,167.240,96.283,15.358,-10.282,4.291,10.570,0.322,0.000,-0.008,2,3.008,1.949,0.961,""
4.660,546.618,1000.127,167.323,96.497,15.361,-10.322,4.150,10.594,0.321,0.000,-0.007,2,2.200,1.463,0.964,""
4.680,546.751,999.919,167.404,96.712,15.367,-10.365,3.988,10.621,0.319,0.000,-0.005,2,1.153,1.509,0.966,""
4.700,547.037,999.710,167.481,96.927,15.311,-10.356,3.814,10.613,0.317,0.000,-0.003,1,1.195,0.239,0.969,""
4.720,547.324,999.501,167.555,97.143,15.257,-10.350,3.626,10.607,0.345,0.000,0.001,1,0.512,0.205,0.971,""
4.740,547.611,999.292,167.624,97.358,15.205,-10.346,3.428,10.602,0.372,0.000,0.004,1,0.000,0.182,0.974,""
4.760,547.899,999.083,167.689,97.573,15.156,-10.342,3.231,10.598,0.398,0.000,0.007,1,0.000,0.167,0.976,""
4.780,548.187,998.875,167.751,97.788,15.109,-10.338,3.033,10.594,0.422,0.000,0.010,0,0.000,0.154,0.978,""
4.800,548.475,998.666,167.808,98.003,15.064,-10.334,2.836,10.590,0.446,0.000,0.013,0,0.000,0.142,0.980,""
4.820,548.650,998.458,167.862,98.217,15.022,-10.329,2.639,10.586,0.468,0.000,0.016,0,0.000,0.134,0.982,""
4.840,548.650,998.250,167.911,98.432,14.982,-10.325,2.442,10.581,0.489,0.000,0.021,0,0.000,0.128,0.984,""
4.860,548.702,998.041,167.957,98.647,14.944,-10.321,2.245,10.577,0.509,0.000,0.025,0,0.000,0.126,0.985,""
4.880,548.946,997.833,167.998,98.861,14.909,-10.317,2.048,10.573,0.528,0.000,0.028,0,0.000,0.126,0.987,""
4.900,549.192,997.625,168.036,99.075,14.876,-10.313,1.851,10.569,0.546,0.000,0.031,0,0.000,0.130,0.988,""
4.920,549.440,997.416,168.069,99.290,14.845,-10.309,1.654,10.564,0.562,0.000,0.033,0,0.000,0.137,0.990,""
4.940,549.689,997.208,168.099,99.504,14.817,-10.305,1.457,10.560,0.577,0.000,0.036,0,0.000,0.145,0.991,""
4.960,549.940,997.000,168.124,99.718,14.791,-10.301,1.260,10.556,0.591,0.000,0.038,0,0.000,0.156,0.992,""
4.980,550.193,996.793,168.146,99.932,14.768,-10.296,1.064,10.552,0.604,0.000,0.040,0,0.000,0.167,0.993,""
5.000,550.448,996.585,168.164,100.145,14.746,-10.292,0.867,10.547,0.616,0.000,0.042,0,0.000,0.179,0.994,""
5.020,550.704,996.377,168.177,100.359,14.728,-10.288,0.671,10.543,0.627,0.000,0.043,0,0.000,0.192,0.995,""
5.040,550.893,996.169,168.187,100.572,14.711,-10.284,0.474,10.539,0.636,0.000,0.046,0,0.000,0.205,0.996,""
5.060,550.893,995.962,168.193,100.786,14.697,-10.280,0.278,10.535,0.644,0.000,0.050,0,0.000,0.218,0.996,""
5.080,551.057,995.754,168.195,100.999,14.685,-10.276,0.082,10.531,0.652,0.000,0.053,0,0.000,0.232,0.997,""
5.100,551.302,995.547,168.193,101.212,14.675,-10.272,-0.114,10.526,0.658,0.000,0.054,0,0.000,0.245,0.998,""
5.120,551.549,995.340,168.187,101.425,14.667,-10.268,-0.311,10.522,0.663,0.000,0.055,0,0.000,0.258,0.998,""
5.140,551.798,995.132,168.177,101.638,14.662,-10.264,-0.507,10.518,0.666,0.000,0.056,0,0.000,0.271,0.998,""
5.160,552.049,994.925,168.163,101.851,14.658,-10.259,-0.702,10.514,0.669,0.000,0.057,0,0.000,0.284,0.998,""
5.180,552.302,994.718,168.145,102.063,14.657,-10.255,-0.898,10.510,0.671,0.000,0.058,0,0.000,0.296,0.999,""
5.200,552.557,994.511,168.123,102.276,14.658,-10.251,-1.094,10.505,0.671,0.000,0.058,0,0.000,0.308,0.999,""
5.220,552.815,994.305,168.097,102.488,14.661,-10.247,-1.290,10.501,0.671,0.000,0.058,0,0.000,0.320,0.999,""
5.240,553.074,994.098,168.067,102.700,14.666,-10.243,-1.485,10.497,0.669,0.000,0.058,0,0.000,0.331,0.999,""
5.260,553.544,993.891,168.034,102.912,14.673,-10.239,-1.681,10.493,0.667,0.000,0.056,0,0.000,0.342,0.998,""
5.280,553.812,993.685,167.996,103.124,14.682,-10.235,-1.876,10.489,0.664,0.000,0.055,0,0.000,0.353,0.998,""
5.300,554.083,993.479,167.955,103.336,14.692,-10.231,-2.072,10.484,0.659,0.000,0.055,0,0.000,0.363,0.998,""
5.320,554.355,993.272,167.909,103.548,14.705,-10.227,-2.267,10.480,0.654,0.000,0.054,0,0.000,0.372,0.998,""
5.340,554.629,993.066,167.860,103.759,14.719,-10.223,-2.462,10.476,0.648,0.000,0.053,0,0.000,0.381,0.997,""
5.360,554.905,992.860,167.806,103.970,14.735,-10.218,-2.657,10.472,0.640,0.000,0.053,0,0.000,0.390,0.997,""
5.380,556.207,992.654,167.749,104.181,14.753,-10.214,-2.852,10.468,0.632,0.000,0.041,0,0.000,0.398,0.997,""
5.400,556.501,992.448,167.688,104.393,14.772,-10.210,-3.047,10.463,0.624,0.000,0.040,0,0.000,0.406,0.996,""
5.420,558.785,992.243,167.623,104.603,14.793,-10.206,-3.242,10.459,0.614,0.000,0.026,0,0.000,0.414,0.996,""
5.440,559.084,992.037,167.554,104.814,14.815,-10.202,-3.437,10.455,0.603,0.000,0.025,0,0.000,0.421,0.995,""
5.460,560.060,991.831,167.481,105.025,14.839,-10.198,-3.632,10.451,0.592,0.000,0.021,0,0.000,0.427,0.995,""
5.480,560.351,991.626,167.405,105.235,14.864,-10.194,-3.827,10.447,0.580,0.000,0.020,0,0.000,0.433,0.994,""
5.500,560.642,991.421,167.324,105.445,14.891,-10.190,-4.021,10.443,0.568,0.000,0.019,0,0.000,0.438,0.993,""
5.520,560.933,991.216,167.240,105.656,14.918,-10.186,-4.216,10.438,0.555,0.000,0.018,0,0.000,0.443,0.993,""
5.540,561.223,991.011,167.151,105.866,14.947,-10.182,-4.410,10.434,0.541,0.000,0.017,0,0.000,0.448,0.992,""
5.560,561.634,990.806,167.059,106.075,14.977,-10.178,-4.604,10.430,0.526,0.000,0.016,0,0.000,0.452,0.992,""
5.580,561.921,990.601,166.963,106.285,15.008,-10.174,-4.799,10.426,0.511,0.000,0.014,0,0.000,0.456,0.991,""
5.600,562.209,990.396,166.863,106.495,15.040,-10.170,-4.993,10.422,0.496,0.000,0.013,0,0.000,0.459,0.990,""
5.620,562.496,990.192,166.759,106.704,15.073,-10.165,-5.187,10.417,0.480,0.000,0.012,0,0.000,0.462,0.990,""
5.640,562.783,989.987,166.651,106.913,15.106,-10.161,-5.381,10.413,0.464,0.000,0.010,0,0.000,0.464,0.989,""
5.660,563.069,989.783,166.539,107.123,15.140,-10.157,-5.575,10.409,0.447,0.000,0.009,0,0.000,0.466,0.989,""
5.680,563.351,989.579,166.424,107.332,15.175,-10.153,-5.769,10.405,0.430,0.000,0.008,0,0.000,0.468,0.988,""
5.700,563.637,989.374,166.304,107.540,15.211,-10.149,-5.963,10.401,0.412,0.000,0.006,0,0.000,0.469,0.988,""
5.720,563.923,989.171,166.181,107.749,15.247,-10.145,-6.156,10.397,0.395,0.000,0.004,0,0.000,0.470,0.987,""
5.740,564.208,988.967,166.054,107.958,15.283,-10.141,-6.350,10.392,0.377,0.000,0.003,0,0.000,0.470,0.987,""
5.760,564.493,988.763,165.923,108.166,15.320,-10.137,-6.544,10.388,0.358,0.000,0.001,0,0.000,0.470,0.986,""
5.780,564.778,988.559,165.788,108.374,15.357,-10.133,-6.737,10.384,0.340,0.000,-0.001,0,0.000,0.469,0.986,""
5.800,565.082,988.356,165.649,108.583,15.394,-10.129,-6.931,10.380,0.322,0.000,-0.002,0,0.000,0.469,0.985,""
5.820,565.366,988.152,165.506,108.791,15.431,-10.125,-7.124,10.376,0.303,0.000,-0.004,0,0.000,0.467,0.985,""
5.840,565.649,987.949,165.360,108.998,15.469,-10.121,-7.317,10.372,0.284,0.000,-0.006,0,0.000,0.466,0.984,""
5.860,565.932,987.746,165.209,109.206,15.506,-10.117,-7.510,10.368,0.266,0.000,-0.008,0,0.000,0.464,0.984,""
5.880,566.215,987.543,165.055,109.414,15.543,-10.113,-7.704,10.363,0.247,0.000,-0.011,0,0.000,0.462,0.984,""
5.900,566.498,987.340,164.897,109.621,15.580,-10.109,-7.897,10.359,0.229,0.000,-0.013,0,0.000,0.459,0.983,""
5.920,566.808,987.137,164.735,109.829,15.616,-10.105,-8.090,10.355,0.210,0.000,-0.015,0,0.000,0.456,0.983,""
5.940,567.089,986.935,164.570,110.036,15.652,-10.101,-8.282,10.351,0.192,0.000,-0.017,0,0.000,0.453,0.983,""
5.960,567.370,986.732,164.400,110.243,15.688,-10.097,-8.475,10.347,0.174,0.000,-0.019,0,0.000,0.449,0.983,""
5.980,567.651,986.530,164.227,110.450,15.723,-10.093,-8.668,10.343,0.156,0.000,-0.022,0,0.000,0.445,0.982,""
6.000,567.931,986.328,164.049,110.656,15.757,-10.088,-8.861,10.339,0.139,0.000,-0.024,0,0.000,0.441,0.982,""
6.020,568.210,986.125,163.868,110.863,15.791,-10.084,-9.053,10.334,0.121,0.000,-0.027,0,0.000,0.436,0.982,""
6.040,568.538,985.923,163.683,111.070,15.824,-10.080,-9.246,10.330,0.104,0.000,-0.029,0,0.000,0.432,0.982,""
6.060,568.816,985.721,163.494,111.276,15.856,-10.076,-9.438,10.326,0.088,0.000,-0.032,0,0.000,0.427,0.982,""
6.080,569.094,985.520,163.302,111.482,15.887,-10.072,-9.631,10.322,0.072,0.000,-0.034,0,0.000,0.421,0.982,""
6.100,569.372,985.318,163.105,111.688,15.918,-10.068,-9.823,10.318,0.056,0.000,-0.037,0,0.000,0.416,0.982,""
6.120,569.649,985.118,162.915,111.888,15.748,-10.163,-9.579,10.150,0.041,0.000,-0.040,2,22.500,2.946,0.984,""
6.140,569.921,984.917,162.729,112.084,15.633,-10.338,-9.327,10.095,0.126,0.000,-0.042,2,22.500,0.412,0.988,""
6.160,570.191,984.737,162.605,112.243,14.391,-10.174,-7.456,9.785,0.184,0.000,-0.044,2,22.500,2.398,0.999,"Ground_Mountain_1_3:(0.045, 0.998, -0.039);Ground_Mountain_1_3:(0.045, 0.998, -0.039);Ground_Mountain_1_3:(0.045, 0.998, -0.039);Ground_Mountain_1_3:(0.045, 0.998, -0.039);Ground_Mountain_1_3:(0.045, 0.998, -0.039);"
6.180,570.423,984.551,162.478,112.417,13.905,-10.287,-6.381,9.791,0.805,0.000,-0.039,4,42.951,15.393,0.999,"Ground_Mountain_1_3:(0.046, 0.998, -0.040);Ground_Mountain_1_3:(0.046, 0.998, -0.040);Ground_Mountain_1_3:(0.046, 0.998, -0.040);Ground_Mountain_1_3:(0.046, 0.998, -0.040);Ground_Mountain_1_3:(0.046, 0.998, -0.040);Ground_Mountain_1_3:(0.046, 0.998, -0.040);"
6.200,570.733,984.361,162.366,112.591,13.523,-10.415,-5.457,9.805,1.000,0.000,-0.040,4,44.703,16.356,0.993,"Ground_Mountain_1_3:(0.047, 0.998, -0.040);Ground_Mountain_1_3:(0.047, 0.998, -0.040);Ground_Mountain_1_3:(0.047, 0.998, -0.040);Ground_Mountain_1_3:(0.047, 0.998, -0.040);Ground_Mountain_1_3:(0.047, 0.998, -0.040);Ground_Mountain_1_3:(0.047, 0.998, -0.040);"
6.220,570.984,984.174,162.459,112.768,12.993,-9.606,0.656,8.735,1.000,0.000,-0.042,4,44.948,17.005,0.997,"Ground_Mountain_1_3:(0.045, 0.998, -0.037);Ground_Mountain_1_3:(0.045, 0.998, -0.037);Ground_Mountain_1_3:(0.045, 0.998, -0.037);Ground_Mountain_1_3:(0.045, 0.998, -0.037);Ground_Mountain_1_3:(0.045, 0.998, -0.037);Ground_Mountain_1_3:(0.045, 0.998, -0.037);"
6.240,571.246,983.978,162.491,112.945,13.184,-9.761,1.221,8.792,1.000,0.000,-0.044,4,37.537,1.444,0.998,"Ground_Mountain_1_3:(0.045, 0.998, -0.037);Ground_Mountain_1_3:(0.045, 0.998, -0.037);Ground_Mountain_1_3:(0.045, 0.998, -0.037);Ground_Mountain_1_3:(0.045, 0.998, -0.037);Ground_Mountain_1_3:(0.045, 0.998, -0.037);Ground_Mountain_1_3:(0.045, 0.998, -0.037);"
6.260,571.512,983.779,162.524,113.122,13.378,-9.918,1.657,8.866,1.000,0.000,-0.045,4,31.051,1.157,0.998,"Ground_Mountain_1_3:(0.047, 0.998, -0.037);Ground_Mountain_1_3:(0.047, 0.998, -0.037);Ground_Mountain_1_3:(0.047, 0.998, -0.037);Ground_Mountain_1_3:(0.047, 0.998, -0.037);Ground_Mountain_1_3:(0.047, 0.998, -0.037);Ground_Mountain_1_3:(0.047, 0.998, -0.037);"
6.280,571.780,983.576,162.564,113.300,13.570,-10.074,2.000,8.950,1.000,0.000,-0.046,4,26.422,0.972,0.998,"Ground_Mountain_1_3:(0.047, 0.998, -0.038);Ground_Mountain_1_3:(0.047, 0.998, -0.038);Ground_Mountain_1_3:(0.047, 0.998, -0.038);Ground_Mountain_1_3:(0.047, 0.998, -0.038);Ground_Mountain_1_3:(0.047, 0.998, -0.038);Ground_Mountain_1_3:(0.047, 0.998, -0.038);"
6.300,572.051,983.371,162.610,113.480,13.762,-10.229,2.257,9.042,1.000,0.000,-0.048,4,22.141,0.807,0.998,""
6.320,572.327,983.163,162.658,113.663,13.953,-10.384,2.438,9.140,1.000,0.000,-0.049,4,18.269,0.652,0.998,""
6.340,572.606,982.952,162.709,113.847,14.143,-10.538,2.550,9.242,1.000,0.000,-0.049,4,14.845,0.518,0.998,""
6.360,572.952,982.738,162.761,114.034,14.317,-10.682,2.601,9.338,0.929,0.000,-0.049,4,11.860,0.398,0.998,""
6.380,573.239,982.522,162.813,114.222,14.473,-10.813,2.601,9.424,0.841,0.000,-0.049,4,9.318,0.295,0.998,""
6.400,573.528,982.304,162.865,114.412,14.612,-10.933,2.557,9.501,0.764,0.000,-0.048,4,7.214,0.197,0.998,""
6.420,573.820,982.083,162.914,114.604,14.736,-11.044,2.480,9.570,0.694,0.000,-0.048,4,5.547,0.131,0.998,""
6.440,574.115,981.860,162.962,114.796,14.847,-11.146,2.376,9.630,0.632,0.000,-0.047,4,4.267,0.075,0.998,""
6.460,574.411,981.636,163.007,114.990,14.945,-11.240,2.253,9.683,0.577,0.000,-0.047,4,3.340,0.050,0.998,""
6.480,574.710,981.410,163.049,115.185,15.034,-11.329,2.117,9.728,0.527,0.000,-0.046,4,2.729,0.066,0.998,""
6.500,575.075,981.182,163.089,115.380,15.113,-11.411,1.975,9.767,0.483,0.000,-0.045,4,2.408,0.081,0.998,""
6.520,575.377,980.952,163.125,115.577,15.184,-11.488,1.830,9.799,0.443,0.000,-0.044,4,2.329,0.101,0.998,""
6.540,575.681,980.721,163.159,115.773,15.247,-11.561,1.687,9.825,0.408,0.000,-0.043,4,2.454,0.116,0.998,""
6.560,575.986,980.489,163.190,115.970,15.304,-11.629,1.550,9.846,0.376,0.000,-0.042,4,2.749,0.124,0.998,""
6.580,576.291,980.256,163.218,116.168,15.354,-11.692,1.421,9.862,0.348,0.000,-0.042,4,3.182,0.133,0.998,""
6.600,576.598,980.021,163.244,116.366,15.400,-11.752,1.303,9.874,0.323,0.000,-0.041,4,3.725,0.128,0.998,""
6.620,576.906,979.785,163.268,116.563,15.441,-11.808,1.197,9.881,0.300,0.000,-0.040,4,4.337,0.127,0.998,""
6.640,577.279,979.548,163.290,116.761,15.477,-11.860,1.103,9.885,0.280,0.000,-0.039,4,4.985,0.116,0.998,""
6.660,577.589,979.310,163.311,116.959,15.510,-11.909,1.023,9.885,0.261,0.000,-0.038,4,5.644,0.122,0.998,""
6.680,577.899,979.071,163.330,117.157,15.539,-11.955,0.955,9.883,0.245,0.000,-0.037,4,6.285,0.115,0.998,""
6.700,578.210,978.831,163.348,117.355,15.566,-11.998,0.899,9.878,0.230,0.000,-0.036,4,6.912,0.106,0.998,""
6.720,578.521,978.591,163.365,117.552,15.589,-12.039,0.855,9.870,0.217,0.000,-0.036,4,7.510,0.096,0.998,""
6.740,578.833,978.349,163.381,117.750,15.611,-12.077,0.822,9.861,0.205,0.000,-0.035,4,8.071,0.091,0.998,""
6.760,579.145,978.107,163.397,117.947,15.630,-12.113,0.799,9.850,0.195,0.000,-0.034,4,8.585,0.081,0.998,""
6.780,579.521,977.864,163.413,118.143,15.647,-12.146,0.785,9.837,0.185,0.000,-0.033,4,9.038,0.065,0.998,""
6.800,579.834,977.621,163.429,118.340,15.663,-12.178,0.779,9.823,0.176,0.000,-0.033,4,9.426,0.047,0.998,""
6.820,580.148,977.377,163.444,118.536,15.677,-12.208,0.779,9.808,0.169,0.000,-0.032,4,9.745,0.040,0.998,""
6.840,580.461,977.132,163.460,118.732,15.690,-12.237,0.784,9.792,0.161,0.000,-0.032,4,9.992,0.039,0.998,""
6.860,580.775,976.887,163.476,118.928,15.701,-12.264,0.793,9.776,0.155,0.000,-0.031,4,10.177,0.034,0.998,""
6.880,581.089,976.641,163.492,119.123,15.712,-12.290,0.804,9.759,0.149,0.000,-0.031,4,10.316,0.034,0.998,""
6.900,581.468,976.394,163.508,119.318,15.721,-12.315,0.817,9.741,0.144,0.000,-0.030,4,10.418,0.037,0.998,""
6.920,581.782,976.148,163.525,119.512,15.730,-12.339,0.831,9.723,0.139,0.000,-0.030,4,10.464,0.037,0.998,""
6.940,582.097,975.900,163.542,119.707,15.737,-12.362,0.844,9.705,0.135,0.000,-0.029,4,10.464,0.031,0.998,""
6.960,582.412,975.652,163.559,119.900,15.744,-12.384,0.858,9.686,0.131,0.000,-0.029,4,10.437,0.038,0.998,""
6.980,582.727,975.404,163.576,120.094,15.751,-12.406,0.870,9.668,0.128,0.000,-0.029,4,10.391,0.029,0.998,""
7.000,583.042,975.156,163.594,120.287,15.757,-12.427,0.880,9.649,0.125,0.000,-0.029,4,10.296,0.023,0.998,""
7.020,583.357,974.906,163.612,120.480,15.762,-12.448,0.888,9.630,0.122,0.000,-0.028,4,10.182,0.037,0.998,""
7.040,583.738,974.657,163.630,120.672,15.767,-12.468,0.894,9.612,0.119,0.000,-0.028,4,10.077,0.049,0.998,""
7.060,584.053,974.407,163.648,120.864,15.772,-12.487,0.898,9.593,0.116,0.000,-0.028,4,9.960,0.058,0.998,""
7.080,584.369,974.157,163.666,121.056,15.776,-12.506,0.899,9.575,0.114,0.000,-0.028,4,9.828,0.038,0.998,""
7.100,584.684,973.906,163.684,121.247,15.780,-12.525,0.897,9.557,0.112,0.000,-0.028,4,9.683,0.057,0.998,""
7.120,585.000,973.655,163.701,121.438,15.783,-12.544,0.892,9.539,0.110,0.000,-0.028,4,9.557,0.075,0.998,""
7.140,585.316,973.404,163.719,121.629,15.787,-12.562,0.885,9.521,0.108,0.000,-0.027,4,9.452,0.082,0.998,""
7.160,585.697,973.152,163.737,121.819,15.790,-12.580,0.876,9.504,0.107,0.000,-0.027,4,9.307,0.059,0.998,""
7.180,586.013,972.900,163.754,122.009,15.793,-12.598,0.863,9.486,0.105,0.000,-0.027,4,9.161,0.079,0.998,""
7.200,586.329,972.647,163.771,122.198,15.796,-12.616,0.848,9.469,0.103,0.000,-0.027,4,9.050,0.096,0.999,""
7.220,586.645,972.394,163.788,122.388,15.799,-12.633,0.832,9.452,0.102,0.000,-0.027,4,8.963,0.103,0.999,""
7.240,586.962,972.141,163.804,122.577,15.802,-12.651,0.813,9.435,0.101,0.000,-0.027,4,8.873,0.081,0.999,""
7.260,587.278,971.888,163.820,122.765,15.804,-12.668,0.793,9.418,0.099,0.000,-0.027,4,8.786,0.085,0.999,""
7.280,587.594,971.634,163.835,122.953,15.807,-12.685,0.772,9.401,0.098,0.000,-0.027,4,8.710,0.100,0.999,""
7.300,587.976,971.379,163.850,123.141,15.809,-12.702,0.749,9.384,0.097,0.000,-0.027,4,8.673,0.115,0.999,""
7.320,588.292,971.125,163.865,123.329,15.812,-12.719,0.725,9.367,0.095,0.000,-0.027,4,8.608,0.075,0.999,""
7.340,588.609,970.870,163.879,123.516,15.814,-12.735,0.700,9.350,0.094,0.000,-0.027,4,8.539,0.101,0.999,""
7.360,588.926,970.614,163.892,123.703,15.817,-12.752,0.674,9.334,0.093,0.000,-0.028,4,8.506,0.122,0.999,""
7.380,589.242,970.359,163.905,123.890,15.819,-12.769,0.649,9.317,0.092,0.000,-0.028,4,8.503,0.144,0.999,""
7.400,589.559,970.103,163.918,124.076,15.821,-12.785,0.622,9.300,0.090,0.000,-0.028,4,8.471,0.123,0.999,""
7.420,589.943,969.846,163.930,124.262,15.824,-12.802,0.594,9.284,0.089,0.000,-0.028,4,8.417,0.106,0.999,""
7.440,590.260,969.590,163.941,124.448,15.826,-12.818,0.566,9.267,0.088,0.000,-0.028,4,8.367,0.137,0.999,""
7.460,590.577,969.333,163.952,124.633,15.829,-12.835,0.537,9.250,0.087,0.000,-0.028,4,8.354,0.164,0.999,""
7.480,590.894,969.075,163.962,124.818,15.831,-12.851,0.507,9.233,0.086,0.000,-0.029,4,8.297,0.119,0.999,""
7.500,591.212,968.817,163.971,125.003,15.834,-12.868,0.475,9.217,0.084,0.000,-0.029,4,8.241,0.150,0.999,""
7.520,591.529,968.559,163.980,125.187,15.837,-12.884,0.444,9.200,0.083,0.000,-0.029,4,8.226,0.178,0.999,""
7.540,591.846,968.301,163.989,125.371,15.839,-12.901,0.412,9.183,0.082,0.000,-0.029,4,8.242,0.170,0.999,""
7.560,592.227,968.042,163.996,125.555,15.842,-12.917,0.380,9.166,0.080,0.000,-0.029,4,8.204,0.171,0.999,""
7.580,592.544,967.783,164.003,125.738,15.845,-12.934,0.347,9.149,0.079,0.000,-0.030,4,8.167,0.179,1.000,""
7.600,592.862,967.523,164.009,125.921,15.848,-12.951,0.315,9.132,0.077,0.000,-0.030,4,8.166,0.206,1.000,""
7.620,593.179,967.263,164.015,126.104,15.851,-12.967,0.282,9.114,0.076,0.000,-0.031,4,8.198,0.197,1.000,""
7.640,593.497,967.003,164.020,126.286,15.854,-12.984,0.249,9.097,0.075,0.000,-0.031,4,8.146,0.154,1.000,""
7.660,593.814,966.743,164.024,126.468,15.857,-13.001,0.215,9.079,0.073,0.000,-0.031,4,8.106,0.184,1.000,""
7.680,594.200,966.482,164.028,126.650,15.860,-13.018,0.181,9.061,0.071,0.000,-0.031,4,8.113,0.209,1.000,""
7.700,594.518,966.221,164.031,126.831,15.863,-13.035,0.147,9.043,0.070,0.000,-0.032,4,8.114,0.180,1.000,""
7.720,594.836,965.959,164.033,127.012,15.867,-13.052,0.112,9.024,0.068,0.000,-0.032,4,8.047,0.172,1.000,""
7.740,595.154,965.697,164.035,127.192,15.870,-13.069,0.076,9.006,0.067,0.000,-0.032,4,8.024,0.207,1.000,""
7.760,595.472,965.435,164.036,127.372,15.873,-13.086,0.041,8.987,0.065,0.000,-0.033,4,8.044,0.239,1.000,""
7.780,595.790,965.172,164.036,127.552,15.877,-13.103,0.006,8.968,0.063,0.000,-0.033,4,8.072,0.231,1.000,""
7.800,596.174,964.909,164.035,127.731,15.880,-13.121,-0.030,8.949,0.062,0.000,-0.033,4,8.018,0.210,1.000,""
7.820,596.492,964.646,164.034,127.910,15.884,-13.138,-0.066,8.930,0.060,0.000,-0.034,4,7.994,0.247,1.000,""
7.840,596.811,964.382,164.032,128.089,15.888,-13.156,-0.102,8.910,0.058,0.000,-0.034,4,8.018,0.276,1.000,""
7.860,597.129,964.118,164.029,128.267,15.891,-13.173,-0.139,8.891,0.056,0.000,-0.034,4,7.963,0.173,1.000,""
7.880,597.448,963.854,164.025,128.445,15.895,-13.191,-0.178,8.870,0.054,0.000,-0.035,4,7.870,0.219,1.000,""
7.900,597.767,963.589,164.021,128.623,15.899,-13.209,-0.218,8.850,0.052,0.000,-0.035,4,7.839,0.250,1.000,""
7.920,598.085,963.324,164.016,128.800,15.903,-13.227,-0.257,8.829,0.051,0.000,-0.035,4,7.853,0.261,1.000,""
7.940,598.471,963.060,164.010,128.975,15.764,-13.125,-0.294,8.730,0.049,0.000,-0.036,4,7.805,0.193,1.000,""
7.960,598.787,962.797,164.003,129.149,15.782,-13.155,-0.336,8.717,0.118,0.000,-0.036,4,7.722,0.235,1.000,""
7.980,599.104,962.532,163.996,129.324,15.799,-13.184,-0.378,8.702,0.109,0.000,-0.036,4,7.723,0.274,1.000,""
8.000,599.420,962.267,163.987,129.498,15.814,-13.211,-0.420,8.687,0.101,0.000,-0.037,4,7.739,0.256,1.000,""
8.020,599.738,962.002,163.978,129.672,15.829,-13.238,-0.463,8.671,0.093,0.000,-0.037,4,7.669,0.233,1.000,""
8.040,600.055,961.736,163.968,129.846,15.843,-13.264,-0.508,8.654,0.085,0.000,-0.037,4,7.607,0.280,1.000,""
8.060,600.442,961.469,163.957,130.019,15.856,-13.289,-0.552,8.636,0.079,0.000,-0.037,4,7.605,0.320,1.000,""
8.080,600.760,961.202,163.945,130.192,15.868,-13.314,-0.597,8.617,0.072,0.000,-0.038,4,7.622,0.289,1.000,""
8.100,601.079,960.935,163.932,130.364,15.879,-13.338,-0.643,8.598,0.066,0.000,-0.038,4,7.493,0.234,1.000,""
8.120,601.397,960.667,163.918,130.536,15.890,-13.362,-0.692,8.577,0.060,0.000,-0.039,4,7.394,0.282,1.000,""
8.140,601.716,960.398,163.903,130.708,15.900,-13.385,-0.741,8.557,0.055,0.000,-0.039,4,7.370,0.335,1.000,""
8.160,602.035,960.131,163.888,130.878,15.767,-13.286,-0.784,8.460,0.050,0.000,-0.039,4,7.299,0.238,0.999,""
8.180,602.417,959.864,163.871,131.047,15.791,-13.320,-0.838,8.445,0.116,0.000,-0.039,4,7.156,0.293,0.999,""
8.200,602.734,959.596,163.853,131.216,15.813,-13.353,-0.892,8.429,0.105,0.000,-0.040,4,7.129,0.342,0.999,""
8.220,603.051,959.328,163.834,131.385,15.833,-13.384,-0.946,8.412,0.094,0.000,-0.040,4,7.167,0.386,0.999,""
8.240,603.369,959.058,163.814,131.553,15.852,-13.414,-0.999,8.394,0.083,0.000,-0.041,4,7.210,0.384,0.999,""
8.260,603.687,958.789,163.793,131.721,15.870,-13.443,-1.053,8.375,0.074,0.000,-0.041,4,7.155,0.344,0.999,""
8.280,604.006,958.518,163.771,131.889,15.886,-13.471,-1.107,8.355,0.065,0.000,-0.041,4,7.154,0.386,0.999,""
8.300,604.394,958.247,163.747,132.056,15.902,-13.498,-1.160,8.334,0.057,0.000,-0.041,4,7.188,0.368,0.998,""
8.320,604.713,957.979,163.723,132.222,15.773,-13.402,-1.202,8.238,0.049,0.000,-0.042,4,7.172,0.326,0.998,""
8.340,605.030,957.709,163.698,132.386,15.801,-13.439,-1.257,8.223,0.113,0.000,-0.042,4,7.136,0.338,0.998,""
8.360,605.347,957.438,163.672,132.551,15.827,-13.475,-1.310,8.206,0.099,0.000,-0.042,4,7.206,0.359,0.998,""
8.380,605.664,957.167,163.644,132.715,15.850,-13.509,-1.361,8.187,0.087,0.000,-0.043,4,7.328,0.343,0.998,""
8.400,605.982,956.896,163.616,132.879,15.872,-13.541,-1.410,8.168,0.075,0.000,-0.043,4,7.429,0.305,0.998,""
8.420,606.374,956.623,163.587,133.042,15.892,-13.573,-1.457,8.147,0.064,0.000,-0.043,4,7.527,0.326,0.997,""
8.440,606.693,956.351,163.557,133.205,15.911,-13.603,-1.500,8.125,0.054,0.000,-0.044,4,7.672,0.319,0.997,""
8.460,607.012,956.080,163.526,133.366,15.785,-13.508,-1.528,8.031,0.044,0.000,-0.044,4,7.784,0.278,0.997,""
8.480,607.328,955.808,163.495,133.527,15.815,-13.549,-1.570,8.015,0.107,0.000,-0.044,4,7.836,0.300,0.997,""
8.500,607.646,955.535,163.463,133.687,15.843,-13.587,-1.609,7.997,0.092,0.000,-0.044,4,7.936,0.298,0.997,""
8.520,607.963,955.262,163.430,133.847,15.868,-13.623,-1.645,7.978,0.078,0.000,-0.045,4,8.068,0.317,0.996,""
8.540,608.361,954.988,163.396,134.007,15.892,-13.659,-1.678,7.957,0.066,0.000,-0.045,4,8.257,0.342,0.996,""
8.560,608.680,954.714,163.362,134.166,15.913,-13.692,-1.707,7.935,0.054,0.000,-0.045,4,8.413,0.304,0.996,""
8.580,608.999,954.441,163.327,134.323,15.789,-13.601,-1.718,7.843,0.044,0.000,-0.046,4,8.571,0.280,0.996,""
8.600,609.315,954.168,163.292,134.479,15.821,-13.645,-1.743,7.825,0.105,0.000,-0.046,4,8.662,0.245,0.996,""
8.620,609.632,953.893,163.257,134.636,15.851,-13.686,-1.766,7.807,0.089,0.000,-0.046,4,8.751,0.216,0.996,""
8.640,609.950,953.618,163.221,134.792,15.877,-13.725,-1.788,7.787,0.075,0.000,-0.046,4,8.834,0.197,0.995,""
8.660,610.348,953.343,163.185,134.947,15.902,-13.763,-1.807,7.766,0.061,0.000,-0.047,4,8.937,0.197,0.995,""
8.680,610.667,953.069,163.149,135.101,15.781,-13.674,-1.808,7.675,0.049,0.000,-0.047,4,9.043,0.179,0.995,""
8.700,610.983,952.794,163.112,135.254,15.815,-13.721,-1.824,7.658,0.110,0.000,-0.047,4,9.155,0.191,0.995,""
8.720,611.300,952.518,163.076,135.407,15.846,-13.765,-1.836,7.639,0.093,0.000,-0.048,4,9.298,0.191,0.995,""
8.740,611.617,952.242,163.039,135.560,15.874,-13.807,-1.846,7.619,0.077,0.000,-0.048,4,9.409,0.147,0.995,""
8.760,611.935,951.964,163.001,135.712,15.900,-13.847,-1.856,7.597,0.063,0.000,-0.048,4,9.418,0.135,0.995,""
8.780,612.336,951.686,162.964,135.863,15.923,-13.885,-1.865,7.574,0.050,0.000,-0.048,4,9.416,0.148,0.995,""
8.800,612.655,951.410,162.927,136.013,15.801,-13.795,-1.859,7.483,0.038,0.000,-0.049,4,9.382,0.144,0.994,""
8.820,612.972,951.133,162.889,136.163,15.835,-13.842,-1.870,7.465,0.099,0.000,-0.049,4,9.364,0.176,0.994,""
8.840,613.289,950.854,162.852,136.312,15.865,-13.887,-1.881,7.444,0.083,0.000,-0.049,4,9.408,0.168,0.994,""
8.860,613.607,950.575,162.814,136.460,15.893,-13.929,-1.891,7.421,0.067,0.000,-0.049,4,9.395,0.141,0.994,""
8.880,613.925,950.296,162.776,136.608,15.918,-13.969,-1.902,7.398,0.054,0.000,-0.049,4,9.367,0.125,0.994,""
8.900,614.327,950.018,162.738,136.754,15.798,-13.880,-1.896,7.308,0.041,0.000,-0.050,4,9.316,0.112,0.994,""
8.920,614.644,949.739,162.700,136.900,15.833,-13.928,-1.910,7.287,0.101,0.000,-0.050,4,9.247,0.128,0.994,""
8.940,614.961,949.459,162.661,137.046,15.864,-13.974,-1.924,7.265,0.084,0.000,-0.050,4,9.212,0.142,0.994,""
8.960,615.278,949.178,162.622,137.191,15.893,-14.016,-1.939,7.242,0.068,0.000,-0.050,4,9.186,0.123,0.993,""
8.980,615.597,948.897,162.583,137.335,15.919,-14.057,-1.955,7.217,0.053,0.000,-0.050,4,9.124,0.128,0.993,""
9.000,615.916,948.617,162.544,137.477,15.800,-13.968,-1.953,7.127,0.040,0.000,-0.051,4,9.139,0.160,0.993,""
9.020,616.317,948.336,162.505,137.620,15.835,-14.017,-1.970,7.105,0.100,0.000,-0.051,4,9.120,0.123,0.993,""
9.040,616.634,948.054,162.465,137.761,15.868,-14.063,-1.987,7.082,0.082,0.000,-0.051,4,9.078,0.109,0.993,""
9.060,616.952,947.772,162.425,137.902,15.897,-14.106,-2.005,7.057,0.066,0.000,-0.052,4,9.028,0.124,0.993,""
9.080,617.270,947.489,162.384,138.043,15.924,-14.147,-2.024,7.030,0.051,0.000,-0.052,4,8.994,0.098,0.993,""
9.100,617.589,947.207,162.344,138.182,15.805,-14.057,-2.025,6.941,0.038,0.000,-0.052,4,8.940,0.103,0.993,""
9.120,617.906,946.925,162.303,138.320,15.841,-14.106,-2.045,6.918,0.098,0.000,-0.052,4,8.952,0.141,0.992,""
9.140,618.309,946.641,162.261,138.458,15.874,-14.152,-2.065,6.893,0.079,0.000,-0.053,4,8.963,0.125,0.992,""
9.160,618.627,946.357,162.220,138.595,15.904,-14.196,-2.084,6.866,0.063,0.000,-0.053,4,8.943,0.108,0.992,""
9.180,618.946,946.074,162.178,138.731,15.788,-14.108,-2.085,6.778,0.048,0.000,-0.053,4,8.911,0.096,0.992,""
9.200,619.262,945.791,162.136,138.866,15.826,-14.159,-2.108,6.754,0.106,0.000,-0.053,4,8.854,0.120,0.992,""
9.220,619.579,945.506,162.093,139.001,15.861,-14.207,-2.131,6.729,0.087,0.000,-0.053,4,8.821,0.136,0.992,""
9.240,619.897,945.221,162.050,139.135,15.893,-14.252,-2.153,6.702,0.069,0.000,-0.054,4,8.812,0.151,0.992,""
9.260,620.302,944.934,162.006,139.268,15.922,-14.294,-2.176,6.673,0.053,0.000,-0.054,4,8.778,0.110,0.991,""
9.280,620.621,944.650,161.963,139.400,15.805,-14.204,-2.180,6.585,0.039,0.000,-0.054,4,8.769,0.156,0.991,""
9.300,620.938,944.364,161.919,139.531,15.843,-14.255,-2.204,6.560,0.097,0.000,-0.054,4,8.759,0.127,0.991,""
9.320,621.255,944.078,161.874,139.662,15.878,-14.302,-2.229,6.532,0.078,0.000,-0.054,4,8.713,0.120,0.991,""
9.340,621.573,943.791,161.829,139.792,15.909,-14.346,-2.254,6.504,0.061,0.000,-0.055,4,8.659,0.140,0.991,""
9.360,621.892,943.505,161.783,139.921,15.795,-14.257,-2.261,6.417,0.045,0.000,-0.055,4,8.560,0.115,0.991,""
9.380,622.298,943.218,161.738,140.049,15.835,-14.308,-2.291,6.391,0.103,0.000,-0.055,4,8.475,0.131,0.990,""
