time,speed,travel,x,y,z,grounded,lift,torque,contact,throttle,brake,steering,velocity,water,up,localZ
0.020,11.887,0.238,-623.809,8.192,-149.717,4,7.800,0.066,"Ground_80_320:(0.00, 1.00, 0.00)",0.000,0.000,0.000,11.887,0.000,1.000,-39.762
0.040,11.899,0.476,-623.813,8.191,-149.479,4,8.239,0.038,"Ground_80_240:(0.00, 1.00, 0.00)",0.056,0.000,0.000,11.899,0.000,1.000,-39.524
0.060,11.909,0.714,-623.817,8.189,-149.241,4,8.651,0.016,"Ground_80_240:(0.00, 1.00, 0.00)",0.051,0.000,0.000,11.909,0.000,1.000,-39.286
0.080,11.810,0.950,-623.820,8.187,-149.005,4,9.032,0.002,"Ground_80_240:(0.00, 1.00, 0.00)",0.046,0.000,0.001,11.810,0.000,1.000,-39.050
0.100,11.833,1.186,-623.824,8.184,-148.768,4,9.377,0.015,"Ground_80_240:(0.00, 1.00, 0.00)",0.095,0.000,-0.002,11.833,0.000,1.000,-38.814
0.120,11.852,1.423,-623.828,8.182,-148.531,4,9.677,0.025,"Ground_80_240:(0.00, 1.00, 0.00)",0.084,0.000,-0.002,11.853,0.000,1.000,-38.577
0.140,11.868,1.661,-623.832,8.180,-148.294,4,9.933,0.032,"Ground_80_240:(0.00, 1.00, 0.00)",0.074,0.000,0.003,11.869,0.000,1.000,-38.339
0.160,11.882,1.898,-623.836,8.177,-148.056,4,10.145,0.037,"Ground_80_240:(0.00, 1.00, 0.00)",0.066,0.000,0.004,11.883,0.000,1.000,-38.102
0.180,11.894,2.136,-623.840,8.175,-147.819,4,10.314,0.039,"Ground_80_240:(0.00, 1.00, 0.00)",0.059,0.000,-0.004,11.895,0.000,1.000,-37.864
0.200,11.904,2.374,-623.844,8.173,-147.581,4,10.441,0.040,"Ground_80_240:(0.00, 1.00, 0.00)",0.053,0.000,-0.005,11.905,0.000,1.000,-37.626
0.220,11.806,2.610,-623.848,8.172,-147.345,4,10.531,0.040,"Ground_80_240:(0.00, 1.00, 0.00)",0.048,0.000,0.005,11.806,0.000,1.000,-37.390
0.240,11.829,2.847,-623.852,8.171,-147.108,4,10.586,0.039,"Ground_80_240:(0.00, 1.00, 0.00)",0.097,0.000,0.006,11.829,0.000,1.000,-37.153
0.260,11.849,3.084,-623.856,8.170,-146.871,4,10.610,0.037,"Ground_80_240:(0.00, 1.00, 0.00)",0.086,0.000,-0.006,11.849,0.000,1.000,-36.916
0.280,11.865,3.321,-623.859,8.169,-146.634,4,10.607,0.035,"Ground_80_240:(0.00, 1.00, 0.00)",0.076,0.000,-0.007,11.865,0.000,1.000,-36.679
0.300,11.879,3.559,-623.863,8.169,-146.396,4,10.583,0.032,"Ground_80_240:(0.00, 1.00, 0.00)",0.067,0.000,0.007,11.880,0.000,1.000,-36.441
0.320,11.892,3.796,-623.867,8.169,-146.159,4,10.541,0.029,"Ground_80_240:(0.00, 1.00, 0.00)",0.060,0.000,0.008,11.892,0.000,1.000,-36.204
0.340,11.902,4.034,-623.871,8.169,-145.921,4,10.484,0.026,"Ground_80_240:(0.00, 1.00, 0.00)",0.054,0.000,-0.008,11.902,0.000,1.000,-35.966
0.360,11.804,4.270,-623.875,8.170,-145.685,4,10.418,0.023,"Ground_80_240:(0.00, 1.00, 0.00)",0.049,0.000,-0.008,11.804,0.000,1.000,-35.730
0.380,11.827,4.507,-623.879,8.171,-145.448,4,10.346,0.020,"Ground_80_240:(0.00, 1.00, 0.00)",0.098,0.000,0.008,11.827,0.000,1.000,-35.493
0.400,11.847,4.744,-623.883,8.172,-145.211,4,10.270,0.018,"Ground_80_240:(0.00, 1.00, 0.00)",0.087,0.000,0.008,11.847,0.000,1.000,-35.256
0.420,11.863,4.981,-623.887,8.173,-144.974,4,10.192,0.015,"Ground_80_240:(0.00, 1.00, 0.00)",0.077,0.000,-0.009,11.863,0.000,1.000,-35.019
0.440,11.878,5.219,-623.891,8.174,-144.737,4,10.117,0.013,"Ground_80_240:(0.00, 1.00, 0.00)",0.068,0.000,-0.009,11.878,0.000,1.000,-34.781
0.460,11.890,5.456,-623.895,8.175,-144.499,4,10.044,0.011,"Ground_80_240:(0.00, 1.00, 0.00)",0.061,0.000,0.009,11.890,0.000,1.000,-34.544
0.480,11.901,5.694,-623.899,8.177,-144.261,4,9.977,0.009,"Ground_80_240:(0.00, 1.00, 0.00)",0.055,0.000,0.009,11.901,0.000,1.000,-34.306
0.500,11.802,5.930,-623.902,8.178,-144.025,4,9.915,0.007,"Ground_80_240:(0.00, 1.00, 0.00)",0.050,0.000,-0.009,11.802,0.000,1.000,-34.070
0.520,11.826,6.167,-623.906,8.180,-143.788,4,9.860,0.006,"Ground_80_240:(0.00, 1.00, 0.00)",0.099,0.000,-0.009,11.826,0.000,1.000,-33.833
0.540,11.846,6.404,-623.910,8.181,-143.552,4,9.812,0.004,"Ground_80_240:(0.00, 1.00, 0.00)",0.087,0.000,0.009,11.846,0.000,1.000,-33.596
0.560,11.863,6.641,-623.914,8.183,-143.314,4,9.771,0.003,"Ground_80_240:(0.00, 1.00, 0.00)",0.077,0.000,0.009,11.863,0.000,1.000,-33.359
0.580,11.877,6.879,-623.918,8.184,-143.077,4,9.737,0.002,"Ground_80_240:(0.00, 1.00, 0.00)",0.069,0.000,-0.009,11.877,0.000,1.000,-33.121
0.600,11.889,7.116,-623.922,8.185,-142.839,4,9.711,0.002,"Ground_80_240:(0.00, 1.00, 0.00)",0.061,0.000,-0.009,11.889,0.000,1.000,-32.884
0.620,11.900,7.354,-623.926,8.187,-142.601,4,9.691,0.001,"Ground_80_240:(0.00, 1.00, 0.00)",0.055,0.000,0.009,11.900,0.000,1.000,-32.646
0.640,11.909,7.593,-623.930,8.188,-142.363,4,9.677,0.001,"Ground_80_240:(0.00, 1.00, 0.00)",0.050,0.000,0.009,11.909,0.000,1.000,-32.407
0.660,11.810,7.829,-623.934,8.189,-142.127,4,9.669,0.000,"Ground_80_240:(0.00, 1.00, 0.00)",0.045,0.000,-0.009,11.810,0.000,1.000,-32.171
0.680,11.832,8.065,-623.938,8.190,-141.890,4,9.666,0.000,"Ground_80_240:(0.00, 1.00, 0.00)",0.095,0.000,-0.009,11.832,0.000,1.000,-31.935
0.700,11.851,8.302,-623.942,8.191,-141.653,4,9.667,0.000,"Ground_80_240:(0.00, 1.00, 0.00)",0.084,0.000,0.009,11.851,0.000,1.000,-31.698
0.720,11.867,8.540,-623.945,8.192,-141.416,4,9.671,0.001,"Ground_80_240:(0.00, 1.00, 0.00)",0.075,0.000,0.009,11.867,0.000,1.000,-31.460
0.740,11.881,8.777,-623.949,8.193,-141.178,4,9.679,0.001,"Ground_80_240:(0.00, 1.00, 0.00)",0.067,0.000,-0.009,11.881,0.000,1.000,-31.223
0.760,11.893,9.015,-623.953,8.194,-140.941,4,9.688,0.001,"Ground_80_240:(0.00, 1.00, 0.00)",0.060,0.000,-0.009,11.893,0.000,1.000,-30.985
0.780,11.903,9.253,-623.957,8.195,-140.703,4,9.699,0.001,"Ground_80_240:(0.00, 1.00, 0.00)",0.054,0.000,0.009,11.903,0.000,1.000,-30.747
0.800,11.804,9.489,-623.961,8.196,-140.466,4,9.712,0.001,"Ground_80_240:(0.00, 1.00, 0.00)",0.049,0.000,0.009,11.804,0.000,1.000,-30.511
0.820,11.827,9.726,-623.965,8.197,-140.230,4,9.725,0.001,"Ground_80_240:(0.00, 1.00, 0.00)",0.098,0.000,-0.009,11.827,0.000,1.000,-30.274
0.840,11.847,9.963,-623.969,8.198,-139.993,4,9.738,0.001,"Ground_80_240:(0.00, 1.00, 0.00)",0.086,0.000,-0.009,11.847,0.000,1.000,-30.037
0.860,11.864,10.200,-623.973,8.199,-139.756,4,9.751,0.001,"Ground_80_240:(0.00, 1.00, 0.00)",0.077,0.000,0.009,11.864,0.000,1.000,-29.800
0.880,11.878,10.438,-623.977,8.199,-139.518,4,9.763,0.001,"Ground_80_240:(0.00, 1.00, 0.00)",0.068,0.000,0.009,11.878,0.000,1.000,-29.562
0.900,11.890,10.676,-623.981,8.200,-139.280,4,9.775,0.001,"Ground_80_240:(0.00, 1.00, 0.00)",0.061,0.000,-0.009,11.890,0.000,1.000,-29.324
0.920,11.901,10.914,-623.985,8.201,-139.043,4,9.786,0.001,"Ground_80_240:(0.00, 1.00, 0.00)",0.055,0.000,-0.009,11.901,0.000,1.000,-29.086
0.940,11.803,11.150,-623.988,8.201,-138.806,4,9.795,0.001,"Ground_80_240:(0.00, 1.00, 0.00)",0.050,0.000,0.009,11.803,0.000,1.000,-28.850
0.960,11.826,11.386,-623.992,8.202,-138.570,4,9.804,0.000,"Ground_80_240:(0.00, 1.00, 0.00)",0.099,0.000,0.009,11.826,0.000,1.000,-28.614
0.980,11.846,11.623,-623.996,8.203,-138.333,4,9.811,0.000,"Ground_80_240:(0.00, 1.00, 0.00)",0.087,0.000,-0.009,11.846,0.000,1.000,-28.377
1.000,11.863,11.860,-624.000,8.204,-138.096,4,9.818,0.000,"Ground_80_240:(0.00, 1.00, 0.00)",0.077,0.000,-0.009,11.863,0.000,1.000,-28.140
1.020,11.877,12.098,-624.004,8.204,-137.858,4,9.823,0.000,"Ground_80_240:(0.00, 1.00, 0.00)",0.069,0.000,0.009,11.877,0.000,1.000,-27.902
1.040,11.890,12.336,-624.008,8.205,-137.621,4,9.826,0.000,"Ground_80_240:(0.00, 1.00, 0.00)",0.061,0.000,0.009,11.890,0.000,1.000,-27.664
1.060,11.900,12.574,-624.012,8.206,-137.383,4,9.829,0.000,"Ground_80_240:(0.00, 1.00, 0.00)",0.055,0.000,-0.009,11.900,0.000,1.000,-27.426
1.080,11.802,12.810,-624.016,8.207,-137.147,4,9.831,0.000,"Ground_80_240:(0.00, 1.00, 0.00)",0.050,0.000,-0.009,11.802,0.000,1.000,-27.190
1.100,11.825,13.046,-624.020,8.207,-136.910,4,9.832,0.000,"Ground_80_240:(0.00, 1.00, 0.00)",0.099,0.000,0.009,11.825,0.000,1.000,-26.954
1.120,11.845,13.283,-624.024,8.208,-136.673,4,9.833,0.000,"Ground_80_240:(0.00, 1.00, 0.00)",0.087,0.000,0.009,11.845,0.000,1.000,-26.717
1.140,11.862,13.520,-624.028,8.209,-136.436,4,9.832,0.000,"Ground_80_240:(0.00, 1.00, 0.00)",0.077,0.000,-0.009,11.862,0.000,1.000,-26.480
1.160,11.877,13.758,-624.032,8.210,-136.199,4,9.832,0.000,"Ground_80_240:(0.00, 1.00, 0.00)",0.069,0.000,0.009,11.877,0.000,1.000,-26.242
1.180,11.889,13.996,-624.035,8.211,-135.961,4,9.830,0.000,"Ground_80_240:(0.00, 1.00, 0.00)",0.062,0.000,-0.009,11.889,0.000,1.000,-26.004
1.200,11.900,14.234,-624.039,8.211,-135.723,4,9.829,0.000,"Ground_80_240:(0.00, 1.00, 0.00)",0.055,0.000,-0.009,11.900,0.000,1.000,-25.766
1.220,11.909,14.472,-624.043,8.212,-135.485,4,9.827,0.000,"Ground_80_240:(0.00, 1.00, 0.00)",0.050,0.000,0.009,11.909,0.000,1.000,-25.528
1.240,11.810,14.708,-624.047,8.213,-135.249,4,9.825,0.000,"Ground_80_240:(0.00, 1.00, 0.00)",0.046,0.000,0.009,11.810,0.000,1.000,-25.292
1.260,11.832,14.945,-624.051,8.214,-135.012,4,9.823,0.000,"Ground_80_240:(0.00, 1.00, 0.00)",0.095,0.000,-0.009,11.832,0.000,1.000,-25.055
1.280,11.851,15.182,-624.055,8.215,-134.775,4,9.821,0.000,"Ground_80_240:(0.00, 1.00, 0.00)",0.084,0.000,-0.009,11.851,0.000,1.000,-24.818
1.300,11.867,15.419,-624.059,8.215,-134.538,4,9.819,0.000,"Ground_80_240:(0.00, 1.00, 0.00)",0.075,0.000,0.009,11.867,0.000,1.000,-24.581
1.320,11.881,15.657,-624.063,8.216,-134.300,4,9.817,0.000,"Ground_80_240:(0.00, 1.00, 0.00)",0.067,0.000,0.009,11.881,0.000,1.000,-24.343
1.340,11.893,15.894,-624.067,8.217,-134.062,4,9.815,0.000,"Ground_80_240:(0.00, 1.00, 0.00)",0.060,0.000,-0.009,11.893,0.000,1.000,-24.106
1.360,11.903,16.132,-624.071,8.218,-133.824,4,9.814,0.000,"Ground_80_240:(0.00, 1.00, 0.00)",0.054,0.000,0.009,11.903,0.000,1.000,-23.868
1.380,11.804,16.369,-624.075,8.219,-133.588,4,9.812,0.000,"Ground_80_240:(0.00, 1.00, 0.00)",0.049,0.000,-0.009,11.804,0.000,1.000,-23.631
1.400,11.827,16.605,-624.078,8.220,-133.352,4,9.811,0.000,"Ground_80_240:(0.00, 1.00, 0.00)",0.098,0.000,-0.009,11.827,0.000,1.000,-23.395
1.420,11.847,16.842,-624.082,8.220,-133.115,4,9.810,0.000,"Ground_80_240:(0.00, 1.00, 0.00)",0.086,0.000,0.009,11.847,0.000,1.000,-23.158
1.440,11.864,17.079,-624.086,8.221,-132.878,4,9.809,0.000,"Ground_80_240:(0.00, 1.00, 0.00)",0.077,0.000,0.009,11.864,0.000,1.000,-22.921
1.460,11.878,17.317,-624.090,8.222,-132.640,4,9.808,0.000,"Ground_80_240:(0.00, 1.00, 0.00)",0.068,0.000,-0.009,11.878,0.000,1.000,-22.683
1.480,11.890,17.555,-624.094,8.223,-132.402,4,9.808,0.000,"Ground_80_240:(0.00, 1.00, 0.00)",0.061,0.000,-0.009,11.890,0.000,1.000,-22.445
1.500,11.901,17.793,-624.098,8.224,-132.164,4,9.807,0.000,"Ground_80_240:(0.00, 1.00, 0.00)",0.055,0.000,0.009,11.901,0.000,1.000,-22.207
1.520,11.803,18.029,-624.102,8.225,-131.928,4,9.807,0.000,"Ground_80_240:(0.00, 1.00, 0.00)",0.050,0.000,0.009,11.803,0.000,1.000,-21.971
1.540,11.826,18.265,-624.106,8.225,-131.692,4,9.807,0.000,"Ground_80_240:(0.00, 1.00, 0.00)",0.099,0.000,0.009,11.826,0.000,1.000,-21.735
1.560,11.846,18.502,-624.110,8.226,-131.455,4,9.807,0.000,"Ground_80_240:(0.00, 1.00, 0.00)",0.087,0.000,-0.009,11.846,0.000,1.000,-21.498
1.580,11.863,18.739,-624.114,8.227,-131.218,4,9.807,0.000,"Ground_80_240:(0.00, 1.00, 0.00)",0.077,0.000,-0.009,11.863,0.000,1.000,-21.261
1.600,11.877,18.977,-624.117,8.228,-130.980,4,9.807,0.000,"Ground_80_240:(0.00, 1.00, 0.00)",0.069,0.000,-0.009,11.877,0.000,1.000,-21.023
1.620,11.890,19.215,-624.121,8.229,-130.742,4,9.807,0.000,"Ground_80_240:(0.00, 1.00, 0.00)",0.061,0.000,0.009,11.890,0.000,1.000,-20.785
1.640,11.900,19.453,-624.125,8.230,-130.504,4,9.807,0.000,"Ground_80_240:(0.00, 1.00, 0.00)",0.055,0.000,0.009,11.900,0.000,1.000,-20.547
1.660,11.802,19.689,-624.129,8.230,-130.268,4,9.808,0.000,"Ground_80_240:(0.00, 1.00, 0.00)",0.050,0.000,-0.009,11.802,0.000,1.000,-20.311
1.680,11.825,19.925,-624.133,8.231,-130.032,4,9.808,0.000,"Ground_80_240:(0.00, 1.00, 0.00)",0.099,0.000,-0.009,11.825,0.000,1.000,-20.075
1.700,11.845,20.162,-624.137,8.232,-129.795,4,9.808,0.000,"Ground_80_240:(0.00, 1.00, 0.00)",0.087,0.000,0.009,11.845,0.000,1.000,-19.838
1.720,11.862,20.399,-624.141,8.233,-129.558,4,9.809,0.000,"Ground_80_240:(0.00, 1.00, 0.00)",0.077,0.000,0.009,11.862,0.000,1.000,-19.601
1.740,11.877,20.637,-624.145,8.234,-129.320,4,9.809,0.000,"Ground_80_240:(0.00, 1.00, 0.00)",0.069,0.000,0.009,11.877,0.000,1.000,-19.363
1.760,11.889,20.875,-624.149,8.235,-129.083,4,9.809,0.000,"Ground_80_240:(0.00, 1.00, 0.00)",0.062,0.000,-0.009,11.889,0.000,1.000,-19.125
1.780,11.900,21.113,-624.153,8.235,-128.845,4,9.809,0.000,"Ground_80_240:(0.00, 1.00, 0.00)",0.055,0.000,-0.009,11.900,0.000,1.000,-18.887
1.800,11.909,21.351,-624.157,8.236,-128.607,4,9.810,0.000,"Ground_80_240:(0.00, 1.00, 0.00)",0.050,0.000,-0.009,11.909,0.000,1.000,-18.649
1.820,11.810,21.587,-624.160,8.237,-128.370,4,9.810,0.000,"Ground_80_240:(0.00, 1.00, 0.00)",0.046,0.000,0.009,11.810,0.000,1.000,-18.413
1.840,11.832,21.824,-624.164,8.238,-128.134,4,9.810,0.000,"Ground_80_240:(0.00, 1.00, 0.00)",0.095,0.000,0.009,11.832,0.000,1.000,-18.176
1.860,11.851,22.061,-624.168,8.239,-127.897,4,9.810,0.000,"Ground_80_240:(0.00, 1.00, 0.00)",0.084,0.000,-0.009,11.851,0.000,1.000,-17.939
1.880,11.867,22.298,-624.172,8.240,-127.659,4,9.810,0.000,"Ground_80_240:(0.00, 1.00, 0.00)",0.075,0.000,-0.009,11.867,0.000,1.000,-17.702
1.900,11.881,22.536,-624.176,8.240,-127.422,4,9.810,0.000,"Ground_80_240:(0.00, 1.00, 0.00)",0.067,0.000,0.009,11.881,0.000,1.000,-17.464
1.920,11.893,22.774,-624.180,8.241,-127.184,4,9.810,0.000,"Ground_80_240:(0.00, 1.00, 0.00)",0.060,0.000,0.009,11.893,0.000,1.000,-17.226
1.940,11.903,23.012,-624.184,8.242,-126.946,4,9.811,0.000,"Ground_80_240:(0.00, 1.00, 0.00)",0.054,0.000,0.009,11.903,0.000,1.000,-16.988
1.960,11.804,23.248,-624.188,8.243,-126.710,4,9.811,0.000,"Ground_80_240:(0.00, 1.00, 0.00)",0.049,0.000,-0.009,11.804,0.000,1.000,-16.752
1.980,11.827,23.484,-624.192,8.244,-126.473,4,9.811,0.000,"Ground_80_240:(0.00, 1.00, 0.00)",0.098,0.000,-0.009,11.827,0.000,1.000,-16.516
2.000,11.847,23.721,-624.196,8.244,-126.237,4,9.811,0.000,"Ground_80_240:(0.00, 1.00, 0.00)",0.086,0.000,-0.009,11.847,0.000,1.000,-16.279
2.020,11.864,23.958,-624.200,8.245,-125.999,4,9.811,0.000,"Ground_80_240:(0.00, 1.00, 0.00)",0.077,0.000,0.009,11.864,0.000,1.000,-16.042
2.040,11.878,24.196,-624.203,8.246,-125.762,4,9.811,0.000,"Ground_80_240:(0.00, 1.00, 0.00)",0.068,0.000,0.009,11.878,0.000,1.000,-15.804
2.060,11.890,24.434,-624.207,8.247,-125.524,4,9.811,0.000,"Ground_80_240:(0.00, 1.00, 0.00)",0.061,0.000,-0.009,11.890,0.000,1.000,-15.566
2.080,11.901,24.672,-624.211,8.248,-125.286,4,9.811,0.000,"Ground_80_240:(0.00, 1.00, 0.00)",0.055,0.000,0.009,11.901,0.000,1.000,-15.328
2.100,11.803,24.908,-624.215,8.249,-125.050,4,9.810,0.000,"Ground_80_240:(0.00, 1.00, 0.00)",0.050,0.000,-0.009,11.803,0.000,1.000,-15.092
2.120,11.826,25.144,-624.219,8.249,-124.814,4,9.810,0.000,"Ground_80_240:(0.00, 1.00, 0.00)",0.099,0.000,-0.009,11.826,0.000,1.000,-14.856
2.140,11.846,25.381,-624.223,8.250,-124.577,4,9.810,0.000,"Ground_80_240:(0.00, 1.00, 0.00)",0.087,0.000,0.009,11.846,0.000,1.000,-14.619
2.160,11.863,25.619,-624.227,8.251,-124.339,4,9.810,0.000,"Ground_80_240:(0.00, 1.00, 0.00)",0.077,0.000,0.009,11.863,0.000,1.000,-14.381
2.180,11.877,25.856,-624.231,8.252,-124.102,4,9.810,0.000,"Ground_80_240:(0.00, 1.00, 0.00)",0.069,0.000,0.009,11.877,0.000,1.000,-14.144
2.200,11.889,26.094,-624.235,8.253,-123.864,4,9.810,0.000,"Ground_80_240:(0.00, 1.00, 0.00)",0.061,0.000,-0.009,11.889,0.000,1.000,-13.906
2.220,11.900,26.332,-624.239,8.254,-123.626,4,9.810,0.000,"Ground_80_240:(0.00, 1.00, 0.00)",0.055,0.000,-0.009,11.900,0.000,1.000,-13.668
2.240,11.802,26.568,-624.242,8.254,-123.390,4,9.810,0.000,"Ground_80_240:(0.00, 1.00, 0.00)",0.050,0.000,-0.009,11.802,0.000,1.000,-13.432
2.260,11.825,26.804,-624.246,8.255,-123.154,4,9.810,0.000,"Ground_80_240:(0.00, 1.00, 0.00)",0.099,0.000,0.009,11.825,0.000,1.000,-13.196
2.280,11.845,27.041,-624.250,8.256,-122.917,4,9.810,0.000,"Ground_80_240:(0.00, 1.00, 0.00)",0.087,0.000,0.009,11.845,0.000,1.000,-12.959
2.300,11.862,27.279,-624.254,8.257,-122.680,4,9.810,0.000,"Ground_80_240:(0.00, 1.00, 0.00)",0.077,0.000,0.009,11.862,0.000,1.000,-12.721
2.320,11.877,27.516,-624.258,8.258,-122.442,4,9.810,0.000,"Ground_80_240:(0.00, 1.00, 0.00)",0.069,0.000,-0.009,11.877,0.000,1.000,-12.484
2.340,11.889,27.754,-624.262,8.259,-122.204,4,9.810,0.000,"Ground_80_240:(0.00, 1.00, 0.00)",0.062,0.000,-0.009,11.889,0.000,1.000,-12.246
2.360,11.900,27.992,-624.266,8.259,-121.966,4,9.810,0.000,"Ground_80_240:(0.00, 1.00, 0.00)",0.055,0.000,-0.009,11.900,0.000,1.000,-12.008
2.380,11.909,28.230,-624.270,8.260,-121.728,4,9.810,0.000,"Ground_80_240:(0.00, 1.00, 0.00)",0.050,0.000,0.009,11.909,0.000,1.000,-11.770
2.400,11.810,28.466,-624.274,8.261,-121.492,4,9.810,0.000,"Ground_80_240:(0.00, 1.00, 0.00)",0.046,0.000,0.009,11.810,0.000,1.000,-11.534
2.420,11.832,28.703,-624.278,8.262,-121.256,4,9.810,0.000,"Ground_80_240:(0.00, 1.00, 0.00)",0.095,0.000,0.009,11.832,0.000,1.000,-11.297
2.440,11.851,28.940,-624.282,8.263,-121.019,4,9.810,0.000,"Ground_80_240:(0.00, 1.00, 0.00)",0.084,0.000,-0.009,11.851,0.000,1.000,-11.060
2.460,11.867,29.177,-624.285,8.263,-120.781,4,9.810,0.000,"Ground_80_240:(0.00, 1.00, 0.00)",0.075,0.000,-0.009,11.867,0.000,1.000,-10.823
2.480,11.881,29.415,-624.289,8.264,-120.544,4,9.810,0.000,"Ground_80_240:(0.00, 1.00, 0.00)",0.067,0.000,-0.009,11.881,0.000,1.000,-10.585
2.500,11.893,29.653,-624.293,8.265,-120.306,4,9.810,0.000,"Ground_80_240:(0.00, 1.00, 0.00)",0.060,0.000,0.009,11.893,0.000,1.000,-10.347
2.520,11.903,29.891,-624.297,8.266,-120.068,4,9.810,0.000,"Ground_80_240:(0.00, 1.00, 0.00)",0.054,0.000,0.009,11.903,0.000,1.000,-10.109
2.540,11.804,30.127,-624.301,8.267,-119.832,4,9.810,0.000,"Ground_80_240:(0.00, 1.00, 0.00)",0.049,0.000,0.009,11.804,0.000,1.000,-9.873
2.560,11.827,30.363,-624.305,8.268,-119.595,4,9.810,0.000,"Ground_80_240:(0.00, 1.00, 0.00)",0.098,0.000,-0.009,11.827,0.000,1.000,-9.637
2.580,11.847,30.600,-624.309,8.268,-119.358,4,9.810,0.000,"Ground_80_240:(0.00, 1.00, 0.00)",0.086,0.000,-0.009,11.847,0.000,1.000,-9.400
2.600,11.864,30.838,-624.313,8.269,-119.121,4,9.810,0.000,"Ground_80_240:(0.00, 1.00, 0.00)",0.077,0.000,-0.009,11.864,0.000,1.000,-9.162
2.620,11.878,31.075,-624.317,8.270,-118.884,4,9.810,0.000,"Ground_80_240:(0.00, 1.00, 0.00)",0.068,0.000,0.009,11.878,0.000,1.000,-8.925
2.640,11.890,31.313,-624.321,8.271,-118.646,4,9.810,0.000,"Ground_80_240:(0.00, 1.00, 0.00)",0.061,0.000,0.009,11.890,0.000,1.000,-8.687
2.660,11.901,31.551,-624.325,8.272,-118.408,4,9.810,0.000,"Ground_80_240:(0.00, 1.00, 0.00)",0.055,0.000,0.009,11.901,0.000,1.000,-8.449
2.680,11.803,31.787,-624.328,8.273,-118.172,4,9.810,0.000,"Ground_80_240:(0.00, 1.00, 0.00)",0.050,0.000,-0.009,11.803,0.000,1.000,-8.213
2.700,11.826,32.024,-624.332,8.273,-117.935,4,9.810,0.000,"Ground_80_240:(0.00, 1.00, 0.00)",0.099,0.000,-0.009,11.826,0.000,1.000,-7.976
2.720,11.846,32.260,-624.336,8.274,-117.698,4,9.810,0.000,"Ground_80_240:(0.00, 1.00, 0.00)",0.087,0.000,-0.009,11.846,0.000,1.000,-7.740
2.740,11.863,32.498,-624.340,8.275,-117.461,4,9.810,0.000,"Ground_80_240:(0.00, 1.00, 0.00)",0.077,0.000,0.009,11.863,0.000,1.000,-7.502
2.760,11.877,32.735,-624.344,8.276,-117.224,4,9.810,0.000,"Ground_80_240:(0.00, 1.00, 0.00)",0.069,0.000,0.009,11.877,0.000,1.000,-7.265
2.780,11.889,32.973,-624.348,8.277,-116.986,4,9.810,0.000,"Ground_80_240:(0.00, 1.00, 0.00)",0.061,0.000,0.009,11.889,0.000,1.000,-7.027
2.800,11.900,33.211,-624.352,8.278,-116.748,4,9.810,0.000,"Ground_80_240:(0.00, 1.00, 0.00)",0.055,0.000,-0.009,11.900,0.000,1.000,-6.789
2.820,11.802,33.447,-624.356,8.278,-116.512,4,9.810,0.000,"Ground_80_240:(0.00, 1.00, 0.00)",0.050,0.000,-0.009,11.802,0.000,1.000,-6.553
2.840,11.825,33.684,-624.360,8.279,-116.276,4,9.810,0.000,"Ground_80_240:(0.00, 1.00, 0.00)",0.099,0.000,-0.009,11.825,0.000,1.000,-6.316
2.860,11.845,33.921,-624.364,8.280,-116.039,4,9.810,0.000,"Ground_80_240:(0.00, 1.00, 0.00)",0.087,0.000,0.009,11.845,0.000,1.000,-6.079
2.880,11.862,34.158,-624.368,8.281,-115.801,4,9.810,0.000,"Ground_80_240:(0.00, 1.00, 0.00)",0.077,0.000,0.009,11.862,0.000,1.000,-5.842
2.900,11.877,34.395,-624.372,8.282,-115.564,4,9.810,0.000,"Ground_80_240:(0.00, 1.00, 0.00)",0.069,0.000,0.009,11.877,0.000,1.000,-5.605
2.920,11.889,34.633,-624.376,8.283,-115.326,4,9.810,0.000,"Ground_80_240:(0.00, 1.00, 0.00)",0.062,0.000,-0.009,11.889,0.000,1.000,-5.367
2.940,11.900,34.871,-624.379,8.283,-115.088,4,9.810,0.000,"Ground_80_240:(0.00, 1.00, 0.00)",0.055,0.000,-0.009,11.900,0.000,1.000,-5.129
2.960,11.909,35.109,-624.383,8.284,-114.850,4,9.810,0.000,"Ground_80_240:(0.00, 1.00, 0.00)",0.050,0.000,0.009,11.909,0.000,1.000,-4.891
2.980,11.809,35.345,-624.387,8.285,-114.614,4,9.810,0.000,"Ground_80_240:(0.00, 1.00, 0.00)",0.046,0.000,-0.009,11.809,0.000,1.000,-4.655
3.000,11.832,35.582,-624.391,8.286,-114.377,4,9.810,0.000,"Ground_80_240:(0.00, 1.00, 0.00)",0.095,0.000,0.009,11.832,0.000,1.000,-4.418
3.020,11.851,35.819,-624.395,8.287,-114.140,4,9.810,0.000,"Ground_80_240:(0.00, 1.00, 0.00)",0.084,0.000,0.009,11.851,0.000,1.000,-4.181
3.040,11.867,36.056,-624.399,8.288,-113.903,4,9.810,0.000,"Ground_80_240:(0.00, 1.00, 0.00)",0.075,0.000,-0.009,11.867,0.000,1.000,-3.944
3.060,11.881,36.294,-624.403,8.288,-113.665,4,9.810,0.000,"Ground_80_240:(0.00, 1.00, 0.00)",0.067,0.000,-0.009,11.881,0.000,1.000,-3.706
3.080,11.893,36.532,-624.407,8.289,-113.428,4,9.810,0.000,"Ground_80_240:(0.00, 1.00, 0.00)",0.060,0.000,-0.009,11.893,0.000,1.000,-3.468
3.100,11.903,36.770,-624.411,8.290,-113.190,4,9.810,0.000,"Ground_80_240:(0.00, 1.00, 0.00)",0.054,0.000,0.009,11.903,0.000,1.000,-3.230
3.120,11.804,37.006,-624.415,8.291,-112.954,4,9.810,0.000,"Ground_80_240:(0.00, 1.00, 0.00)",0.049,0.000,0.009,11.804,0.000,1.000,-2.994
3.140,11.827,37.243,-624.419,8.292,-112.717,4,9.810,0.000,"Ground_80_240:(0.00, 1.00, 0.00)",0.098,0.000,0.009,11.827,0.000,1.000,-2.757
3.160,11.847,37.480,-624.422,8.293,-112.480,4,9.810,0.000,"Ground_80_240:(0.00, 1.00, 0.00)",0.086,0.000,-0.009,11.847,0.000,1.000,-2.520
3.180,11.864,37.717,-624.426,8.293,-112.243,4,9.810,0.000,"Ground_80_240:(0.00, 1.00, 0.00)",0.077,0.000,-0.009,11.864,0.000,1.000,-2.283
3.200,11.878,37.954,-624.430,8.294,-112.005,4,9.810,0.000,"Ground_80_240:(0.00, 1.00, 0.00)",0.068,0.000,0.009,11.878,0.000,1.000,-2.046
3.220,11.890,38.192,-624.434,8.295,-111.768,4,9.810,0.000,"Ground_80_240:(0.00, 1.00, 0.00)",0.061,0.000,0.009,11.890,0.000,1.000,-1.808
3.240,11.901,38.430,-624.438,8.296,-111.530,4,9.810,0.000,"Ground_80_240:(0.00, 1.00, 0.00)",0.055,0.000,-0.009,11.901,0.000,1.000,-1.570
3.260,11.803,38.666,-624.442,8.297,-111.294,4,9.810,0.000,"Ground_80_240:(0.00, 1.00, 0.00)",0.050,0.000,-0.009,11.803,0.000,1.000,-1.334
3.280,11.826,38.903,-624.446,8.298,-111.057,4,9.810,0.000,"Ground_80_240:(0.00, 1.00, 0.00)",0.099,0.000,0.009,11.826,0.000,1.000,-1.097
3.300,11.846,39.140,-624.450,8.298,-110.820,4,9.810,0.000,"Ground_80_240:(0.00, 1.00, 0.00)",0.087,0.000,-0.009,11.846,0.000,1.000,-0.860
3.320,11.863,39.377,-624.454,8.299,-110.583,4,9.810,0.000,"Ground_80_320:(0.00, 1.00, 0.00)",0.077,0.000,0.009,11.863,0.000,1.000,-0.623
3.340,11.877,39.614,-624.458,8.300,-110.346,4,9.810,0.000,"Ground_80_320:(0.00, 1.00, 0.00)",0.069,0.000,0.009,11.877,0.000,1.000,-0.386
3.360,11.889,39.852,-624.461,8.301,-110.108,4,9.810,0.000,"Ground_80_320:(0.00, 1.00, 0.00)",0.061,0.000,-0.009,11.889,0.000,1.000,-0.148
3.380,11.900,40.090,-624.465,8.302,-109.870,4,9.810,0.000,"Ground_80_320:(0.00, 1.00, 0.00)",0.055,0.000,-0.009,11.900,0.000,1.000,0.090
3.400,11.802,40.326,-624.469,8.302,-109.634,4,9.810,0.000,"Ground_80_320:(0.00, 1.00, 0.00)",0.050,0.000,0.009,11.802,0.000,1.000,0.326
3.420,11.825,40.563,-624.473,8.303,-109.397,4,9.810,0.000,"Ground_80_320:(0.00, 1.00, 0.00)",0.099,0.000,0.009,11.825,0.000,1.000,0.563
3.440,11.845,40.800,-624.477,8.304,-109.160,4,9.810,0.000,"Ground_80_320:(0.00, 1.00, 0.00)",0.087,0.000,-0.009,11.845,0.000,1.000,0.800
3.460,11.862,41.037,-624.481,8.305,-108.923,4,9.810,0.000,"Ground_80_320:(0.00, 1.00, 0.00)",0.077,0.000,-0.009,11.862,0.000,1.000,1.037
3.480,11.877,41.274,-624.485,8.306,-108.686,4,9.810,0.000,"Ground_80_320:(0.00, 1.00, 0.00)",0.069,0.000,0.009,11.877,0.000,1.000,1.274
3.500,11.889,41.512,-624.489,8.307,-108.448,4,9.810,0.000,"Ground_80_320:(0.00, 1.00, 0.00)",0.062,0.000,0.009,11.889,0.000,1.000,1.512
3.520,11.900,41.750,-624.493,8.307,-108.210,4,9.810,0.000,"Ground_80_320:(0.00, 1.00, 0.00)",0.055,0.000,-0.009,11.900,0.000,1.000,1.750
3.540,11.909,41.988,-624.497,8.308,-107.972,4,9.810,0.000,"Ground_80_320:(0.00, 1.00, 0.00)",0.050,0.000,-0.009,11.909,0.000,1.000,1.988
3.560,11.809,42.225,-624.501,8.309,-107.736,4,9.810,0.000,"Ground_80_320:(0.00, 1.00, 0.00)",0.046,0.000,0.009,11.809,0.000,1.000,2.225
3.580,11.832,42.461,-624.504,8.310,-107.499,4,9.810,0.000,"Ground_80_320:(0.00, 1.00, 0.00)",0.095,0.000,0.009,11.832,0.000,1.000,2.461
3.600,11.851,42.698,-624.508,8.311,-107.262,4,9.810,0.000,"Ground_80_320:(0.00, 1.00, 0.00)",0.084,0.000,-0.009,11.851,0.000,1.000,2.698
3.620,11.867,42.936,-624.512,8.312,-107.025,4,9.810,0.000,"Ground_80_320:(0.00, 1.00, 0.00)",0.075,0.000,-0.009,11.867,0.000,1.000,2.936
3.640,11.881,43.173,-624.516,8.313,-106.787,4,9.810,0.000,"Ground_80_320:(0.00, 1.00, 0.00)",0.067,0.000,0.009,11.881,0.000,1.000,3.173
3.660,11.893,43.411,-624.520,8.313,-106.549,4,9.810,0.000,"Ground_80_320:(0.00, 1.00, 0.00)",0.060,0.000,0.009,11.893,0.000,1.000,3.411
3.680,11.903,43.649,-624.524,8.314,-106.311,4,9.810,0.000,"Ground_80_320:(0.00, 1.00, 0.00)",0.054,0.000,-0.009,11.903,0.000,1.000,3.649
3.700,11.804,43.885,-624.528,8.315,-106.075,4,9.810,0.000,"Ground_80_320:(0.00, 1.00, 0.00)",0.049,0.000,-0.009,11.804,0.000,1.000,3.885
3.720,11.827,44.122,-624.532,8.316,-105.839,4,9.810,0.000,"Ground_80_320:(0.00, 1.00, 0.00)",0.098,0.000,0.009,11.827,0.000,1.000,4.122
3.740,11.847,44.359,-624.536,8.317,-105.602,4,9.810,0.000,"Ground_80_320:(0.00, 1.00, 0.00)",0.086,0.000,0.009,11.847,0.000,1.000,4.359
3.760,11.864,44.596,-624.540,8.318,-105.365,4,9.810,0.000,"Ground_80_320:(0.00, 1.00, 0.00)",0.077,0.000,-0.009,11.864,0.000,1.000,4.596
3.780,11.878,44.833,-624.544,8.318,-105.127,4,9.810,0.000,"Ground_80_320:(0.00, 1.00, 0.00)",0.068,0.000,-0.009,11.878,0.000,1.000,4.833
3.800,11.890,45.071,-624.547,8.319,-104.889,4,9.810,0.000,"Ground_80_320:(0.00, 1.00, 0.00)",0.061,0.000,0.009,11.890,0.000,1.000,5.071
3.820,11.901,45.309,-624.551,8.320,-104.651,4,9.810,0.000,"Ground_80_320:(0.00, 1.00, 0.00)",0.055,0.000,0.009,11.901,0.000,1.000,5.309
3.840,11.803,45.545,-624.555,8.321,-104.415,4,9.810,0.000,"Ground_80_320:(0.00, 1.00, 0.00)",0.050,0.000,-0.009,11.803,0.000,1.000,5.545
3.860,11.826,45.782,-624.559,8.322,-104.179,4,9.810,0.000,"Ground_80_320:(0.00, 1.00, 0.00)",0.099,0.000,-0.009,11.826,0.000,1.000,5.782
3.880,11.846,46.019,-624.563,8.323,-103.942,4,9.810,0.000,"Ground_80_320:(0.00, 1.00, 0.00)",0.087,0.000,0.009,11.846,0.000,1.000,6.019
3.900,11.863,46.256,-624.567,8.323,-103.705,4,9.810,0.000,"Ground_80_320:(0.00, 1.00, 0.00)",0.077,0.000,0.009,11.863,0.000,1.000,6.256
3.920,11.877,46.494,-624.571,8.324,-103.467,4,9.810,0.000,"Ground_80_320:(0.00, 1.00, 0.00)",0.069,0.000,-0.009,11.877,0.000,1.000,6.494
3.940,11.889,46.731,-624.575,8.325,-103.230,4,9.810,0.000,"Ground_80_320:(0.00, 1.00, 0.00)",0.061,0.000,0.009,11.889,0.000,1.000,6.731
3.960,11.900,46.969,-624.579,8.326,-102.992,4,9.810,0.000,"Ground_80_320:(0.00, 1.00, 0.00)",0.055,0.000,-0.009,11.900,0.000,1.000,6.969
3.980,11.802,47.205,-624.583,8.327,-102.756,4,9.810,0.000,"Ground_80_320:(0.00, 1.00, 0.00)",0.050,0.000,-0.009,11.802,0.000,1.000,7.205
4.000,11.825,47.442,-624.586,8.328,-102.519,4,9.810,0.000,"Ground_80_320:(0.00, 1.00, 0.00)",0.099,0.000,0.009,11.825,0.000,1.000,7.442
4.020,11.845,47.679,-624.590,8.328,-102.282,4,9.810,0.000,"Ground_80_320:(0.00, 1.00, 0.00)",0.087,0.000,0.009,11.845,0.000,1.000,7.679
4.040,11.862,47.916,-624.594,8.329,-102.045,4,9.810,0.000,"Ground_80_320:(0.00, 1.00, 0.00)",0.077,0.000,-0.009,11.862,0.000,1.000,7.916
4.060,11.877,48.154,-624.598,8.330,-101.808,4,9.810,0.000,"Ground_80_320:(0.00, 1.00, 0.00)",0.069,0.000,0.009,11.877,0.000,1.000,8.154
4.080,11.889,48.391,-624.602,8.331,-101.570,4,9.810,0.000,"Ground_80_320:(0.00, 1.00, 0.00)",0.062,0.000,-0.009,11.889,0.000,1.000,8.391
4.100,11.900,48.629,-624.606,8.332,-101.332,4,9.810,0.000,"Ground_80_320:(0.00, 1.00, 0.00)",0.055,0.000,-0.009,11.900,0.000,1.000,8.629
4.120,11.909,48.867,-624.610,8.333,-101.094,4,9.810,0.000,"Ground_80_320:(0.00, 1.00, 0.00)",0.050,0.000,0.009,11.909,0.000,1.000,8.867
4.140,11.809,49.104,-624.614,8.333,-100.858,4,9.810,0.000,"Ground_80_320:(0.00, 1.00, 0.00)",0.046,0.000,0.009,11.809,0.000,1.000,9.104
4.160,11.832,49.340,-624.618,8.334,-100.621,4,9.810,0.000,"Ground_80_320:(0.00, 1.00, 0.00)",0.095,0.000,0.009,11.832,0.000,1.000,9.340
4.180,11.851,49.577,-624.622,8.335,-100.384,4,10.395,0.000,"Reverse supported roadworks transition:(0.00, 1.00, 0.00)",0.084,0.000,-0.009,11.851,0.000,1.000,9.577
4.200,11.867,49.814,-624.626,8.337,-100.147,4,10.305,0.061,"Reverse supported roadworks transition:(0.00, 1.00, 0.00)",0.075,0.000,-0.010,11.867,0.000,1.000,9.814
4.220,11.881,50.052,-624.629,8.338,-99.909,4,10.229,0.111,"Reverse supported roadworks transition:(0.00, 1.00, 0.00)",0.067,0.000,-0.011,11.881,0.000,1.000,10.052
4.240,11.892,50.290,-624.633,8.340,-99.672,4,10.165,0.149,"Reverse supported roadworks transition:(0.00, 1.00, 0.00)",0.060,0.000,0.011,11.892,0.000,1.000,10.290
4.260,11.902,50.528,-624.637,8.341,-99.434,4,10.108,0.179,"Reverse supported roadworks transition:(0.00, 1.00, 0.00)",0.054,0.000,0.013,11.902,0.000,1.000,10.528
4.280,11.803,50.763,-624.641,8.343,-99.198,4,10.057,0.201,"Reverse supported roadworks transition:(0.00, 1.00, 0.00)",0.049,0.000,-0.014,11.803,0.000,1.000,10.763
4.300,11.826,51.000,-624.645,8.345,-98.962,4,10.006,0.216,"Reverse supported roadworks transition:(0.00, 1.00, 0.00)",0.098,0.000,0.016,11.826,0.000,1.000,11.000
4.320,11.845,51.237,-624.649,8.347,-98.725,4,10.546,0.226,"Reverse supported roadworks transition:(0.00, 1.00, 0.00)",0.087,0.000,-0.017,11.845,0.000,1.000,11.237
4.340,11.862,51.474,-624.653,8.350,-98.488,4,10.375,0.171,"Reverse supported roadworks transition:(0.00, 1.00, 0.00)",0.077,0.000,-0.018,11.862,0.000,1.000,11.474
4.360,11.875,51.711,-624.657,8.352,-98.250,4,10.202,0.123,"Reverse supported roadworks transition:(0.00, 1.00, 0.00)",0.069,0.000,0.018,11.876,0.000,1.000,11.711
4.380,11.887,51.949,-624.661,8.355,-98.013,4,10.033,0.084,"Reverse supported roadworks transition:(0.00, 1.00, 0.00)",0.062,0.000,0.019,11.887,0.000,1.000,11.949
4.400,11.898,52.187,-624.665,8.357,-97.775,4,9.876,0.052,"Reverse supported roadworks transition:(0.00, 1.00, 0.00)",0.056,0.000,0.018,11.898,0.000,1.000,12.187
4.420,11.906,52.425,-624.669,8.360,-97.536,4,9.734,0.026,"Reverse supported roadworks transition:(0.00, 1.00, 0.00)",0.051,0.000,-0.018,11.906,0.000,1.000,12.425
4.440,11.807,52.661,-624.672,8.363,-97.300,4,9.612,0.005,"Reverse supported roadworks transition:(0.00, 1.00, 0.00)",0.047,0.000,-0.018,11.807,0.000,1.000,12.661
4.460,11.829,52.898,-624.676,8.365,-97.064,4,9.508,0.011,"Reverse supported roadworks transition:(0.00, 1.00, 0.00)",0.097,0.000,-0.017,11.829,0.000,1.000,12.898
4.480,11.847,53.135,-624.680,8.367,-96.827,4,9.430,0.023,"Reverse supported roadworks transition:(0.00, 1.00, 0.00)",0.086,0.000,0.016,11.848,0.000,1.000,13.135
4.500,11.864,53.372,-624.684,8.369,-96.589,4,9.373,0.031,"Reverse supported roadworks transition:(0.00, 1.00, 0.00)",0.076,0.000,0.016,11.864,0.000,1.000,13.372
4.520,11.878,53.610,-624.688,8.371,-96.352,4,9.336,0.037,"Reverse supported roadworks transition:(0.00, 1.00, 0.00)",0.068,0.000,-0.015,11.878,0.000,1.000,13.610
4.540,11.889,53.848,-624.692,8.373,-96.114,4,9.317,0.041,"Reverse supported roadworks transition:(0.00, 1.00, 0.00)",0.061,0.000,0.014,11.889,0.000,1.000,13.848
4.560,11.900,54.086,-624.696,8.375,-95.876,4,9.315,0.043,"Reverse supported roadworks transition:(0.00, 1.00, 0.00)",0.055,0.000,-0.014,11.900,0.000,1.000,14.086
4.580,11.908,54.324,-624.700,8.376,-95.638,4,9.328,0.043,"Reverse supported roadworks transition:(0.00, 1.00, 0.00)",0.050,0.000,0.013,11.908,0.000,1.000,14.324
4.600,11.809,54.560,-624.704,8.377,-95.402,4,9.353,0.042,"Reverse supported roadworks transition:(0.00, 1.00, 0.00)",0.046,0.000,-0.013,11.809,0.000,1.000,14.560
4.620,11.831,54.797,-624.708,8.378,-95.165,4,9.386,0.040,"Reverse supported roadworks transition:(0.00, 1.00, 0.00)",0.096,0.000,-0.012,11.831,0.000,1.000,14.797
4.640,11.850,55.034,-624.711,8.379,-94.928,4,9.428,0.038,"Reverse supported roadworks transition:(0.00, 1.00, 0.00)",0.085,0.000,0.011,11.850,0.000,1.000,15.034
4.660,11.866,55.271,-624.715,8.379,-94.691,4,9.475,0.035,"Reverse supported roadworks transition:(0.00, 1.00, 0.00)",0.075,0.000,0.011,11.866,0.000,1.000,15.271
4.680,11.880,55.509,-624.719,8.380,-94.453,4,9.525,0.032,"Reverse supported roadworks transition:(0.00, 1.00, 0.00)",0.067,0.000,0.011,11.880,0.000,1.000,15.509
4.700,11.892,55.747,-624.723,8.381,-94.215,4,9.577,0.029,"Reverse supported roadworks transition:(0.00, 1.00, 0.00)",0.060,0.000,-0.011,11.892,0.000,1.000,15.747
4.720,11.902,55.985,-624.727,8.381,-93.977,4,9.627,0.026,"Reverse supported roadworks transition:(0.00, 1.00, 0.00)",0.054,0.000,-0.010,11.902,0.000,1.000,15.985
4.740,11.804,56.221,-624.731,8.381,-93.741,4,9.676,0.023,"Reverse supported roadworks transition:(0.00, 1.00, 0.00)",0.049,0.000,-0.010,11.804,0.000,1.000,16.221
4.760,11.827,56.458,-624.735,8.382,-93.505,4,9.722,0.020,"Reverse supported roadworks transition:(0.00, 1.00, 0.00)",0.098,0.000,0.010,11.827,0.000,1.000,16.458
4.780,11.846,56.695,-624.739,8.382,-93.268,4,9.764,0.017,"Reverse supported roadworks transition:(0.00, 1.00, 0.00)",0.087,0.000,0.009,11.846,0.000,1.000,16.695
4.800,11.863,56.932,-624.743,8.382,-93.030,4,9.801,0.015,"Reverse supported roadworks transition:(0.00, 1.00, 0.00)",0.077,0.000,0.009,11.863,0.000,1.000,16.932
4.820,11.878,57.169,-624.747,8.382,-92.793,4,9.834,0.012,"Reverse supported roadworks transition:(0.00, 1.00, 0.00)",0.068,0.000,-0.009,11.878,0.000,1.000,17.169
4.840,11.890,57.407,-624.751,8.383,-92.555,4,9.862,0.010,"Reverse supported roadworks transition:(0.00, 1.00, 0.00)",0.061,0.000,-0.009,11.890,0.000,1.000,17.407
4.860,11.900,57.645,-624.755,8.383,-92.317,4,9.885,0.008,"Reverse supported roadworks transition:(0.00, 1.00, 0.00)",0.055,0.000,-0.009,11.900,0.000,1.000,17.645
4.880,11.802,57.881,-624.758,8.384,-92.081,4,9.902,0.007,"Reverse supported roadworks transition:(0.00, 1.00, 0.00)",0.050,0.000,0.009,11.802,0.000,1.000,17.881
4.900,11.826,58.118,-624.762,8.384,-91.845,4,9.916,0.005,"Reverse supported roadworks transition:(0.00, 1.00, 0.00)",0.099,0.000,0.009,11.826,0.000,1.000,18.118
4.920,11.845,58.355,-624.766,8.384,-91.608,4,9.924,0.004,"Reverse supported roadworks transition:(0.00, 1.00, 0.00)",0.087,0.000,0.009,11.845,0.000,1.000,18.355
4.940,11.862,58.592,-624.770,8.385,-91.371,4,9.929,0.003,"Reverse supported roadworks transition:(0.00, 1.00, 0.00)",0.077,0.000,-0.009,11.862,0.000,1.000,18.592
4.960,11.877,58.829,-624.774,8.386,-91.133,4,9.930,0.002,"Reverse supported roadworks transition:(0.00, 1.00, 0.00)",0.069,0.000,-0.009,11.877,0.000,1.000,18.829
4.980,11.889,59.067,-624.778,8.386,-90.895,4,9.928,0.001,"Reverse supported roadworks transition:(0.00, 1.00, 0.00)",0.062,0.000,0.009,11.889,0.000,1.000,19.067
5.000,11.900,59.305,-624.782,8.387,-90.657,4,9.924,0.001,"Reverse supported roadworks transition:(0.00, 1.00, 0.00)",0.055,0.000,-0.009,11.900,0.000,1.000,19.305
5.020,11.909,59.543,-624.786,8.388,-90.419,4,9.917,0.000,"Reverse supported roadworks transition:(0.00, 1.00, 0.00)",0.050,0.000,0.009,11.909,0.000,1.000,19.543
5.040,11.810,59.780,-624.790,8.388,-90.183,4,9.909,0.000,"Reverse supported roadworks transition:(0.00, 1.00, 0.00)",0.046,0.000,0.009,11.810,0.000,1.000,19.780
5.060,11.832,60.016,-624.794,8.389,-89.946,4,9.900,0.000,"Reverse supported roadworks transition:(0.00, 1.00, 0.00)",0.095,0.000,-0.009,11.832,0.000,1.000,20.016
5.080,11.851,60.253,-624.797,8.390,-89.709,4,9.889,0.001,"Reverse supported roadworks transition:(0.00, 1.00, 0.00)",0.084,0.000,-0.009,11.851,0.000,1.000,20.253
5.100,11.867,60.491,-624.801,8.391,-89.472,4,9.879,0.001,"Reverse supported roadworks transition:(0.00, 1.00, 0.00)",0.075,0.000,-0.009,11.867,0.000,1.000,20.491
5.120,11.881,60.728,-624.805,8.392,-89.235,4,9.868,0.001,"Reverse supported roadworks transition:(0.00, 1.00, 0.00)",0.067,0.000,0.009,11.881,0.000,1.000,20.728
5.140,11.893,60.966,-624.809,8.393,-88.997,4,9.858,0.001,"Reverse supported roadworks transition:(0.00, 1.00, 0.00)",0.060,0.000,0.009,11.893,0.000,1.000,20.966
5.160,11.903,61.204,-624.813,8.393,-88.759,4,9.848,0.001,"Reverse supported roadworks transition:(0.00, 1.00, 0.00)",0.054,0.000,0.009,11.903,0.000,1.000,21.204
5.180,11.804,61.440,-624.817,8.394,-88.523,4,9.838,0.001,"Reverse supported roadworks transition:(0.00, 1.00, 0.00)",0.049,0.000,-0.009,11.804,0.000,1.000,21.440
5.200,11.827,61.677,-624.821,8.395,-88.286,4,9.829,0.001,"Reverse supported roadworks transition:(0.00, 1.00, 0.00)",0.098,0.000,-0.009,11.827,0.000,1.000,21.677
5.220,11.847,61.914,-624.825,8.396,-88.049,4,9.822,0.001,"Reverse supported roadworks transition:(0.00, 1.00, 0.00)",0.086,0.000,0.009,11.847,0.000,1.000,21.914
5.240,11.864,62.151,-624.829,8.397,-87.812,4,9.815,0.001,"Reverse supported roadworks transition:(0.00, 1.00, 0.00)",0.077,0.000,0.009,11.864,0.000,1.000,22.151
5.260,11.878,62.388,-624.833,8.398,-87.575,4,9.809,0.001,"Reverse supported roadworks transition:(0.00, 1.00, 0.00)",0.068,0.000,-0.009,11.878,0.000,1.000,22.388
5.280,11.890,62.626,-624.837,8.399,-87.337,4,9.804,0.001,"Reverse supported roadworks transition:(0.00, 1.00, 0.00)",0.061,0.000,-0.009,11.890,0.000,1.000,22.626
5.300,11.901,62.864,-624.841,8.400,-87.099,4,9.800,0.001,"Reverse supported roadworks transition:(0.00, 1.00, 0.00)",0.055,0.000,0.009,11.901,0.000,1.000,22.864
5.320,11.803,63.100,-624.844,8.401,-86.863,4,9.797,0.001,"Reverse supported roadworks transition:(0.00, 1.00, 0.00)",0.050,0.000,0.009,11.803,0.000,1.000,23.100
5.340,11.826,63.337,-624.848,8.402,-86.626,4,9.794,0.001,"Reverse supported roadworks transition:(0.00, 1.00, -0.01)",0.099,0.000,-0.009,11.826,0.000,1.000,23.337
5.360,11.846,63.574,-624.852,8.403,-86.389,4,9.823,0.080,"Reverse supported roadworks transition:(0.00, 1.00, -0.01)",0.087,0.000,-0.009,11.846,0.000,1.000,23.574
5.380,11.863,63.811,-624.856,8.404,-86.152,4,9.883,0.067,"Reverse supported roadworks transition:(0.00, 1.00, -0.02)",0.077,0.000,0.009,11.863,0.000,1.000,23.811
5.400,11.877,64.048,-624.860,8.405,-85.915,4,9.968,0.212,"Reverse supported roadworks transition:(0.00, 1.00, -0.02)",0.069,0.000,0.009,11.877,0.000,1.000,24.048
5.420,11.889,64.286,-624.864,8.406,-85.677,4,10.137,0.168,"Reverse supported roadworks transition:(0.01, 1.00, -0.03)",0.062,0.000,-0.010,11.889,0.000,1.000,24.286
5.440,11.900,64.524,-624.868,8.407,-85.439,4,10.278,0.287,"Reverse supported roadworks transition:(0.01, 1.00, -0.03)",0.055,0.000,-0.011,11.900,0.000,1.000,24.524
5.460,11.909,64.762,-624.872,8.409,-85.201,4,10.531,0.209,"Reverse supported roadworks transition:(0.01, 1.00, -0.04)",0.050,0.000,0.012,11.909,0.000,1.000,24.762
5.480,11.809,64.998,-624.875,8.411,-84.966,4,10.705,0.174,"Reverse supported roadworks transition:(0.01, 1.00, -0.04)",0.046,0.000,0.015,11.809,0.000,1.000,24.998
5.500,11.831,65.234,-624.879,8.413,-84.729,4,11.046,0.305,"Reverse supported roadworks transition:(0.02, 1.00, -0.05)",0.096,0.000,-0.018,11.831,0.000,1.000,25.234
5.520,11.849,65.470,-624.883,8.416,-84.493,4,11.303,0.300,"Reverse supported roadworks transition:(0.02, 1.00, -0.05)",0.085,0.000,-0.022,11.849,0.000,1.000,25.470
5.540,11.864,65.707,-624.887,8.420,-84.256,4,11.678,0.422,"Reverse supported roadworks transition:(0.02, 1.00, -0.05)",0.076,0.000,0.026,11.864,0.000,1.000,25.707
5.560,11.877,65.944,-624.890,8.425,-84.020,4,12.055,0.458,"Reverse supported roadworks transition:(0.02, 1.00, -0.06)",0.068,0.000,0.032,11.877,0.000,1.000,25.944
5.580,11.887,66.181,-624.894,8.431,-83.783,4,12.422,0.543,"Reverse supported roadworks transition:(0.00, 1.00, -0.08)",0.062,0.000,-0.039,11.888,0.000,1.000,26.181
5.600,9.191,66.365,-624.896,8.438,-83.599,4,12.871,0.666,"Reverse supported roadworks transition:(0.00, 1.00, -0.08)",0.056,0.000,-0.047,9.196,0.000,1.000,26.365
5.620,3.108,66.429,-624.892,8.449,-83.534,4,12.256,1.808,"Reverse supported roadworks transition:(0.00, 1.00, -0.08)",1.000,0.000,0.075,3.185,0.000,1.000,26.429
5.640,3.423,66.499,-624.890,8.460,-83.464,4,9.110,4.365,"Reverse supported roadworks transition:(0.02, 1.00, -0.02)",1.000,0.000,0.223,3.506,0.000,1.000,26.499
5.660,3.741,66.575,-624.892,8.472,-83.388,4,8.526,3.572,"Reverse supported roadworks transition:(0.02, 1.00, -0.02)",1.000,0.000,0.345,3.821,0.000,1.000,26.575
5.680,4.064,66.657,-624.896,8.484,-83.307,4,8.123,2.950,"Reverse supported roadworks transition:(0.02, 1.00, -0.03)",1.000,0.000,0.436,4.134,0.000,1.000,26.657
5.700,4.388,66.744,-624.905,8.495,-83.220,4,7.893,2.486,"Reverse supported roadworks transition:(0.03, 1.00, -0.02)",1.000,0.000,0.500,4.446,0.000,0.999,26.744
5.720,4.714,66.837,-624.917,8.506,-83.127,4,7.767,2.136,"Reverse supported roadworks transition:(0.04, 1.00, -0.03)",1.000,0.000,0.500,4.759,0.000,0.999,26.837
5.740,5.041,66.936,-624.932,8.517,-83.028,4,7.783,1.737,"Reverse supported roadworks transition:(0.04, 1.00, -0.02)",1.000,0.000,0.500,5.073,0.000,0.999,26.936
5.760,5.365,67.040,-624.950,8.528,-82.924,4,7.986,1.603,"Reverse supported roadworks transition:(0.07, 1.00, -0.02)",1.000,0.000,0.500,5.388,0.000,0.999,27.040
5.780,5.687,67.150,-624.972,8.539,-82.814,4,8.282,1.500,"Reverse supported roadworks transition:(0.05, 1.00, -0.03)",1.000,0.000,0.500,5.703,0.000,0.998,27.150
5.800,6.007,67.267,-624.995,8.550,-82.698,4,8.624,1.451,"Reverse supported roadworks transition:(0.06, 1.00, -0.05)",1.000,0.000,0.500,6.017,0.000,0.998,27.267
5.820,6.323,67.389,-625.020,8.561,-82.577,4,8.971,1.408,"Reverse supported roadworks transition:(0.06, 1.00, -0.06)",1.000,0.000,0.500,6.330,0.000,0.997,27.389
5.840,6.635,67.517,-625.048,8.573,-82.449,4,9.313,1.005,"Reverse supported roadworks transition:(0.07, 1.00, -0.04)",1.000,0.000,0.500,6.640,0.000,0.997,27.517
5.860,6.943,67.651,-625.076,8.586,-82.315,4,9.758,1.052,"Reverse supported roadworks transition:(0.04, 1.00, -0.05)",1.000,0.000,0.500,6.948,0.000,0.996,27.651
5.880,7.248,67.791,-625.105,8.599,-82.176,4,10.154,0.962,"Reverse supported roadworks transition:(0.06, 1.00, -0.06)",1.000,0.000,0.500,7.252,0.000,0.996,27.791
5.900,7.548,67.937,-625.134,8.613,-82.030,4,10.465,1.479,"Reverse supported roadworks transition:(0.05, 1.00, -0.07)",1.000,0.000,0.490,7.554,0.000,0.995,27.937
5.920,7.844,68.090,-625.163,8.629,-81.878,4,10.811,1.654,"Reverse supported roadworks transition:(0.03, 1.00, -0.09)",1.000,0.000,0.460,7.852,0.000,0.995,28.090
5.940,8.136,68.248,-625.192,8.645,-81.720,4,11.083,1.540,"Reverse supported roadworks transition:(0.05, 1.00, -0.07)",1.000,0.000,0.430,8.146,0.000,0.994,28.248
5.960,8.425,68.412,-625.220,8.663,-81.556,4,11.319,1.377,"Reverse supported roadworks transition:(0.06, 0.99, -0.09)",1.000,0.000,0.401,8.437,0.000,0.994,28.412
5.980,8.710,68.582,-625.246,8.682,-81.387,4,11.497,1.113,"Reverse supported roadworks transition:(0.00, 0.99, -0.12)",1.000,0.000,0.373,8.724,0.000,0.993,28.582
6.000,8.992,68.758,-625.271,8.703,-81.211,4,11.679,1.057,"Reverse supported roadworks transition:(0.00, 0.99, -0.13)",1.000,0.000,0.350,9.007,0.000,0.993,28.758
6.020,9.271,68.940,-625.295,8.725,-81.030,4,11.820,0.935,"Reverse supported roadworks transition:(0.03, 0.99, -0.11)",1.000,0.000,0.330,9.288,0.000,0.993,28.940
6.040,9.546,69.128,-625.316,8.749,-80.843,4,11.952,0.743,"Reverse supported roadworks transition:(0.08, 0.99, -0.10)",1.000,0.000,0.317,9.565,0.000,0.992,29.128
6.060,9.819,69.321,-625.334,8.774,-80.650,4,11.989,1.153,"Reverse supported roadworks transition:(0.06, 0.99, -0.10)",1.000,0.000,0.310,9.839,0.000,0.992,29.321
6.080,10.090,69.519,-625.351,8.801,-80.451,4,11.975,0.917,"Reverse supported roadworks transition:(0.05, 0.99, -0.11)",1.000,0.000,0.309,10.111,0.000,0.991,29.519
6.100,10.344,69.723,-625.364,8.830,-80.248,4,11.949,0.826,"Reverse supported roadworks transition:(0.24, 0.96, -0.14)",0.955,0.000,0.316,10.366,0.000,0.991,29.723
6.120,10.559,69.931,-625.375,8.860,-80.040,4,11.906,0.701,"Reverse supported roadworks transition:(0.24, 0.96, -0.14)",0.828,0.000,-0.247,10.581,0.000,0.991,29.931
6.140,10.743,70.143,-625.382,8.892,-79.828,4,11.889,0.579,"Reverse supported roadworks transition:(0.05, 0.99, -0.12)",0.721,0.000,-0.262,10.762,0.000,0.990,30.143
6.160,10.902,70.357,-625.387,8.925,-79.614,4,11.818,0.508,"Reverse supported roadworks transition:(0.05, 0.99, -0.13)",0.628,0.000,-0.277,10.916,0.000,0.990,30.357
6.180,11.038,70.575,-625.389,8.959,-79.396,4,11.769,0.447,"Reverse supported roadworks transition:(0.33, 0.94, 0.00)",0.549,0.000,-0.288,11.047,0.000,0.990,30.575
6.200,11.153,70.794,-625.390,8.994,-79.177,4,11.716,0.501,"Reverse supported roadworks transition:(0.05, 0.99, -0.13)",0.481,0.000,-0.297,11.159,0.000,0.990,30.794
6.220,11.250,71.015,-625.390,9.031,-78.956,4,11.678,0.432,"Reverse supported roadworks transition:(0.04, 0.99, -0.14)",0.424,0.000,-0.303,11.255,0.000,0.989,31.015
6.240,11.330,71.238,-625.389,9.068,-78.733,4,11.668,0.521,"Reverse supported roadworks transition:(0.04, 0.99, -0.14)",0.375,0.000,-0.309,11.335,0.000,0.989,31.238
6.260,11.396,71.462,-625.388,9.107,-78.509,4,11.646,0.551,"Reverse supported roadworks transition:(0.04, 0.99, -0.14)",0.335,0.000,-0.315,11.403,0.000,0.989,31.462
6.280,11.450,71.686,-625.388,9.146,-78.284,4,11.662,0.560,"Reverse supported roadworks transition:(0.03, 0.99, -0.15)",0.302,0.000,-0.323,11.460,0.000,0.989,31.686
6.300,11.495,71.912,-625.389,9.186,-78.059,4,11.647,0.592,"Reverse supported roadworks transition:(0.02, 0.99, -0.16)",0.275,0.000,0.414,11.507,0.000,0.988,31.912
6.320,11.534,72.138,-625.392,9.228,-77.833,4,11.665,0.599,"Reverse supported roadworks transition:(0.02, 0.99, -0.16)",0.252,0.000,0.426,11.546,0.000,0.988,32.138
6.340,11.569,72.365,-625.397,9.270,-77.606,4,11.662,0.625,"Reverse supported roadworks transition:(0.02, 0.99, -0.16)",0.233,0.000,0.438,11.578,0.000,0.988,32.365
6.360,11.599,72.592,-625.402,9.313,-77.379,4,11.674,0.623,"Reverse supported roadworks transition:(0.44, 0.88, -0.16)",0.216,0.000,0.447,11.605,0.000,0.987,32.592
6.380,11.624,72.819,-625.408,9.357,-77.152,4,11.653,0.660,"Reverse supported roadworks transition:(0.02, 0.99, -0.16)",0.200,0.000,0.453,11.629,0.000,0.987,32.819
6.400,11.643,73.047,-625.415,9.402,-76.924,4,11.608,0.618,"Reverse supported roadworks transition:(0.02, 0.99, -0.17)",0.188,0.000,0.459,11.648,0.000,0.986,33.047
6.420,11.656,73.275,-625.420,9.447,-76.696,4,11.532,0.635,"Reverse supported roadworks transition:(0.47, 0.88, 0.00)",0.179,0.000,-0.386,11.664,0.000,0.986,33.275
6.440,11.666,73.503,-625.424,9.493,-76.469,4,11.412,0.594,"Reverse supported roadworks transition:(0.02, 0.98, -0.17)",0.172,0.000,-0.396,11.676,0.000,0.985,33.503
6.460,11.676,73.731,-625.427,9.540,-76.240,4,11.273,0.600,"Reverse supported roadworks transition:(0.02, 0.98, -0.17)",0.167,0.000,-0.408,11.686,0.000,0.985,33.731
6.480,11.686,73.959,-625.428,9.588,-76.012,4,11.095,0.573,"Reverse supported roadworks transition:(0.01, 0.98, -0.18)",0.162,0.000,-0.417,11.693,0.000,0.984,33.959
6.500,11.695,74.187,-625.428,9.636,-75.784,4,10.924,0.560,"Reverse supported roadworks transition:(0.01, 0.98, -0.18)",0.157,0.000,-0.423,11.700,0.000,0.984,34.187
6.520,11.700,74.416,-625.427,9.685,-75.555,4,10.736,0.550,"Reverse supported roadworks transition:(0.01, 0.98, -0.18)",0.153,0.000,-0.427,11.705,0.000,0.983,34.416
6.540,11.702,74.644,-625.427,9.734,-75.327,4,10.565,0.520,"Reverse supported roadworks transition:(0.01, 0.98, -0.18)",0.150,0.000,-0.430,11.709,0.000,0.983,34.644
6.560,11.702,74.873,-625.427,9.783,-75.099,4,10.394,0.512,"Reverse supported roadworks transition:(0.01, 0.98, -0.19)",0.149,0.000,0.500,11.711,0.000,0.983,34.873
6.580,11.701,75.101,-625.429,9.833,-74.870,4,10.240,0.483,"Reverse supported roadworks transition:(0.59, 0.79, -0.15)",0.149,0.000,0.500,11.712,0.000,0.982,35.101
6.600,11.703,75.329,-625.433,9.882,-74.642,4,10.095,0.474,"Reverse supported roadworks transition:(0.59, 0.79, -0.15)",0.149,0.000,0.500,11.712,0.000,0.982,35.329
6.620,11.706,75.558,-625.438,9.932,-74.414,4,9.958,0.444,"Reverse supported roadworks transition:(0.59, 0.79, -0.15)",0.149,0.000,0.500,11.712,0.000,0.982,35.558
6.640,11.708,75.786,-625.445,9.982,-74.185,4,9.831,0.426,"Reverse supported roadworks transition:(0.61, 0.77, -0.15)",0.147,0.000,0.500,11.712,0.000,0.982,35.786
6.660,11.708,76.015,-625.451,10.032,-73.957,4,9.703,0.400,"Reverse supported roadworks transition:(0.61, 0.77, -0.15)",0.146,0.000,0.500,11.712,0.000,0.981,36.015
6.680,11.705,76.243,-625.457,10.082,-73.728,4,9.585,0.375,"Reverse supported roadworks transition:(0.63, 0.78, 0.01)",0.146,0.000,0.500,11.712,0.000,0.981,36.243
6.700,11.699,76.471,-625.461,10.132,-73.500,4,9.466,0.351,"Reverse supported roadworks transition:(0.64, 0.77, 0.01)",0.147,0.000,-0.465,11.710,0.000,0.981,36.471
6.720,11.694,76.700,-625.464,10.182,-73.271,4,9.355,0.321,"Reverse supported roadworks transition:(0.66, 0.75, 0.01)",0.150,0.000,-0.474,11.707,0.000,0.981,36.700
6.740,11.693,76.928,-625.464,10.231,-73.043,4,9.135,3.840,"Reverse supported roadworks transition:(0.67, 0.74, 0.01)",0.153,0.000,-0.484,11.704,0.000,0.980,36.928
6.760,11.694,77.157,-625.461,10.280,-72.815,4,9.173,3.360,"Reverse supported roadworks transition:(0.68, 0.73, 0.01)",0.154,0.000,-0.494,11.701,0.000,0.980,37.157
6.780,11.697,77.385,-625.456,10.328,-72.587,4,9.361,3.005,"Reverse supported roadworks transition:(0.68, 0.73, 0.01)",0.153,0.000,-0.500,11.699,0.000,0.979,37.385
6.800,11.698,77.613,-625.450,10.375,-72.359,4,9.619,2.561,"Reverse supported roadworks transition:(0.68, 0.73, 0.01)",0.152,0.000,-0.500,11.698,0.000,0.979,37.613
6.820,11.696,77.840,-625.443,10.423,-72.130,4,9.838,2.241,"Reverse supported roadworks transition:(0.69, 0.71, -0.13)",0.151,0.000,-0.500,11.697,0.000,0.978,37.840
6.840,11.689,78.068,-625.437,10.471,-71.902,4,9.991,1.855,"Reverse supported roadworks transition:(0.70, 0.70, -0.13)",0.152,0.000,-0.500,11.695,0.000,0.977,38.068
6.860,11.679,78.296,-625.431,10.520,-71.675,4,10.035,5.191,"Reverse supported roadworks transition:(0.70, 0.72, 0.01)",0.155,0.000,-0.500,11.692,0.000,0.976,38.296
6.880,11.668,78.524,-625.428,10.569,-71.447,4,9.507,0.714,"Reverse supported roadworks transition:(0.71, 0.70, -0.13)",0.160,0.000,0.500,11.687,0.000,0.976,38.524
6.900,11.659,78.752,-625.428,10.619,-71.219,4,8.930,0.429,"Reverse supported roadworks transition:(0.73, 0.68, -0.12)",0.166,0.000,0.500,11.681,0.000,0.975,38.752
6.920,11.655,78.980,-625.430,10.669,-70.990,4,8.311,0.321,"Reverse supported roadworks transition:(0.73, 0.68, -0.12)",0.171,0.000,0.500,11.675,0.000,0.975,38.980
6.940,11.657,79.209,-625.436,10.718,-70.762,4,7.797,0.144,"Reverse supported roadworks transition:(0.02, 0.98, -0.20)",0.173,0.000,0.500,11.670,0.000,0.975,39.209
6.960,11.662,79.438,-625.444,10.767,-70.533,4,7.359,0.109,"Reverse supported roadworks transition:(0.06, 0.98, -0.21)",0.172,0.000,0.500,11.668,0.000,0.975,39.438
6.980,11.667,79.667,-625.453,10.816,-70.304,4,7.097,0.176,"Reverse supported roadworks transition:(0.05, 0.98, -0.20)",0.169,0.000,0.500,11.668,0.000,0.975,39.667
7.000,11.671,79.897,-625.463,10.863,-70.074,4,6.991,0.256,"Reverse supported roadworks transition:(0.07, 0.98, -0.20)",0.166,0.000,0.500,11.671,0.000,0.975,39.897
7.020,11.671,80.127,-625.473,10.910,-69.844,4,6.980,0.276,"Reverse supported roadworks transition:(0.08, 0.98, -0.19)",0.165,0.000,0.500,11.674,0.000,0.976,40.127
7.040,11.669,80.357,-625.482,10.955,-69.615,4,6.686,4.320,"Reverse supported roadworks transition:(0.10, 0.98, -0.20)",0.164,0.000,0.500,11.677,0.000,0.976,40.357
7.060,11.666,80.587,-625.489,10.999,-69.385,4,6.474,3.883,"Reverse supported roadworks transition:(0.10, 0.98, -0.19)",0.166,0.000,-0.471,11.679,0.000,0.976,40.587
7.080,11.664,80.817,-625.494,11.042,-69.154,4,6.368,3.475,"Reverse supported roadworks transition:(0.09, 0.98, -0.19)",0.167,0.000,-0.462,11.680,0.000,0.976,40.817
7.100,11.668,81.048,-625.496,11.084,-68.923,4,6.264,3.093,"Reverse supported roadworks transition:(0.09, 0.98, -0.19)",0.168,0.000,-0.458,11.682,0.000,0.977,41.048
7.120,11.676,81.279,-625.496,11.124,-68.692,4,6.207,2.742,"Reverse supported roadworks transition:(0.11, 0.98, -0.18)",0.166,0.000,-0.453,11.684,0.000,0.977,41.279
7.140,11.686,81.511,-625.494,11.163,-68.460,4,6.145,2.378,"Reverse supported roadworks transition:(0.11, 0.98, -0.18)",0.162,0.000,-0.445,11.689,0.000,0.978,41.511
7.160,11.695,81.743,-625.490,11.200,-68.228,4,6.146,2.078,"Reverse supported roadworks transition:(0.00, 0.99, -0.16)",0.157,0.000,-0.433,11.696,0.000,0.979,41.743
7.180,11.701,81.975,-625.486,11.236,-67.996,4,6.217,1.735,"Reverse supported roadworks transition:(0.11, 0.98, -0.17)",0.153,0.000,-0.420,11.703,0.000,0.980,41.975
7.200,11.704,82.208,-625.482,11.271,-67.763,4,6.341,1.488,"Reverse supported roadworks transition:(0.00, 0.99, -0.15)",0.150,0.000,-0.408,11.710,0.000,0.981,42.208
7.220,11.704,82.441,-625.480,11.305,-67.530,4,6.541,1.215,"Reverse supported roadworks transition:(0.11, 0.98, -0.16)",0.148,0.000,-0.398,11.716,0.000,0.982,42.441
7.240,11.703,82.674,-625.480,11.337,-67.297,4,6.747,0.978,"Reverse supported roadworks transition:(0.00, 0.99, -0.15)",0.148,0.000,0.456,11.720,0.000,0.983,42.674
7.260,11.705,82.907,-625.481,11.369,-67.064,4,6.704,3.627,"Reverse supported roadworks transition:(0.10, 0.98, -0.16)",0.148,0.000,0.455,11.723,0.000,0.983,42.907
7.280,11.711,83.141,-625.485,11.400,-66.830,4,6.462,3.288,"Reverse supported roadworks transition:(0.00, 0.99, -0.14)",0.148,0.000,0.454,11.725,0.000,0.984,43.141
7.300,11.720,83.374,-625.491,11.430,-66.597,4,6.408,2.898,"Reverse supported roadworks transition:(0.10, 0.98, -0.15)",0.145,0.000,0.449,11.729,0.000,0.985,43.374
7.320,11.729,83.608,-625.498,11.459,-66.363,4,6.433,2.583,"Reverse supported roadworks transition:(0.00, 0.99, -0.13)",0.140,0.000,0.436,11.734,0.000,0.985,43.608
7.340,11.738,83.843,-625.506,11.487,-66.128,4,6.632,2.228,"Reverse supported roadworks transition:(0.10, 0.99, -0.14)",0.135,0.000,0.419,11.741,0.000,0.986,43.843
7.360,11.744,84.077,-625.513,11.515,-65.894,4,6.859,1.962,"Reverse supported roadworks transition:(0.00, 0.99, -0.12)",0.131,0.000,0.400,11.748,0.000,0.986,44.077
7.380,11.749,84.312,-625.520,11.541,-65.659,4,6.978,2.960,"Reverse supported roadworks transition:(0.10, 0.99, -0.13)",0.128,0.000,0.381,11.754,0.000,0.987,44.312
7.400,11.752,84.547,-625.526,11.566,-65.424,4,6.970,2.574,"Reverse supported roadworks transition:(0.00, 0.99, -0.11)",0.126,0.000,-0.303,11.760,0.000,0.987,44.547
7.420,11.757,84.782,-625.530,11.590,-65.189,4,6.971,2.278,"Reverse supported roadworks transition:(0.00, 0.99, -0.11)",0.124,0.000,-0.295,11.766,0.000,0.988,44.782
7.440,11.763,85.017,-625.532,11.612,-64.954,4,6.869,2.638,"Reverse supported roadworks transition:(0.10, 0.99, -0.12)",0.122,0.000,-0.290,11.772,0.000,0.988,45.017
7.460,11.771,85.253,-625.533,11.633,-64.719,4,6.976,2.332,"Reverse supported roadworks transition:(0.00, 1.00, -0.10)",0.118,0.000,-0.285,11.778,0.000,0.988,45.253
7.480,11.779,85.488,-625.531,11.653,-64.483,4,7.180,2.054,"Reverse supported roadworks transition:(0.10, 0.99, -0.12)",0.114,0.000,-0.279,11.785,0.000,0.988,45.488
7.500,11.785,85.724,-625.529,11.671,-64.248,4,7.344,1.787,"Reverse supported roadworks transition:(0.00, 1.00, -0.09)",0.111,0.000,-0.271,11.792,0.000,0.988,45.724
7.520,11.790,85.960,-625.527,11.689,-64.012,4,7.502,1.564,"Reverse supported roadworks transition:(0.11, 0.99, -0.11)",0.107,0.000,-0.263,11.798,0.000,0.988,45.960
7.540,11.794,86.196,-625.525,11.706,-63.775,4,7.546,1.357,"Reverse supported roadworks transition:(0.11, 0.99, -0.11)",0.105,0.000,-0.256,11.803,0.000,0.988,46.196
7.560,11.796,86.432,-625.524,11.722,-63.539,4,7.442,3.340,"Reverse supported roadworks transition:(0.12, 0.99, -0.11)",0.103,0.000,-0.250,11.809,0.000,0.988,46.432
7.580,11.799,86.669,-625.524,11.737,-63.302,3,6.004,3.248,"Reverse supported roadworks transition:(0.12, 0.99, -0.10)",0.102,0.000,0.303,11.813,0.000,0.988,46.669
7.600,11.805,86.907,-625.526,11.751,-63.064,3,5.595,2.920,"Reverse supported roadworks transition:(0.12, 0.99, -0.10)",0.100,0.000,0.297,11.817,0.000,0.988,46.907
7.620,11.812,87.145,-625.529,11.764,-62.826,3,5.150,2.628,"Reverse supported roadworks transition:(0.13, 0.99, -0.09)",0.098,0.000,0.286,11.822,0.000,0.988,47.145
7.640,11.821,87.384,-625.533,11.775,-62.587,3,4.765,2.105,"Reverse supported roadworks transition:(0.13, 0.99, -0.08)",0.094,0.000,0.268,11.829,0.000,0.988,47.384
7.660,11.831,87.623,-625.538,11.784,-62.348,2,2.823,5.332,"Reverse supported roadworks transition:(0.14, 0.99, -0.08)",0.089,0.000,0.245,11.838,0.000,0.987,47.623
7.680,11.842,87.863,-625.543,11.790,-62.109,2,2.622,4.713,"Reverse supported roadworks transition:(0.14, 0.99, -0.07)",0.084,0.000,0.218,11.848,0.000,0.987,47.863
7.700,11.852,88.102,-625.548,11.794,-61.869,2,2.447,6.252,"Reverse supported roadworks transition:(0.15, 0.99, -0.06)",0.079,0.000,0.188,11.860,0.000,0.986,48.102
7.720,11.863,88.342,-625.553,11.795,-61.629,2,2.454,5.766,"Reverse supported roadworks transition:(0.16, 0.99, -0.05)",0.074,0.000,0.160,11.872,0.000,0.986,48.342
7.740,11.875,88.583,-625.558,11.793,-61.389,2,2.548,5.203,"Reverse supported roadworks transition:(0.16, 0.99, -0.04)",0.069,0.000,-0.076,11.885,0.000,0.986,48.583
7.760,11.887,88.823,-625.562,11.788,-61.148,2,2.507,4.815,"Reverse supported roadworks transition:(0.00, 1.00, -0.02)",0.063,0.000,-0.053,11.899,0.000,0.986,48.823
7.780,11.900,89.064,-625.566,11.780,-60.907,2,2.546,3.683,"Reverse supported roadworks transition:(0.00, 0.99, 0.15)",0.056,0.000,-0.032,11.913,0.000,0.986,49.064
7.800,11.900,89.305,-625.570,11.768,-60.667,1,1.076,0.432,"Reverse supported roadworks transition:(0.00, 0.99, 0.15)",0.050,0.000,-0.013,11.915,0.000,0.986,49.305
7.820,11.903,89.546,-625.573,11.753,-60.426,1,0.623,0.445,"Reverse supported roadworks transition:(0.17, 0.99, 0.00)",0.050,0.000,-0.007,11.920,0.000,0.986,49.546
7.840,11.908,89.787,-625.577,11.734,-60.185,0,0.000,0.457,"Reverse supported roadworks transition:(0.17, 0.99, 0.01)",0.049,0.000,-0.020,11.929,0.000,0.986,49.787
7.860,11.916,90.027,-625.580,11.711,-59.945,0,0.000,0.465,"",0.046,0.000,-0.042,11.942,0.000,0.986,50.027
7.880,11.927,90.267,-625.584,11.684,-59.704,0,0.000,0.472,"",0.042,0.000,-0.066,11.958,0.000,0.986,50.267
7.900,11.940,90.508,-625.588,11.653,-59.464,0,0.000,0.480,"",0.037,0.000,-0.092,11.976,0.000,0.985,50.508
7.920,11.956,90.748,-625.592,11.619,-59.224,0,0.000,0.487,"",0.030,0.000,-0.117,11.998,0.000,0.985,50.748
7.940,11.974,90.988,-625.595,11.580,-58.984,0,0.000,0.494,"",0.022,0.000,-0.142,12.023,0.000,0.984,50.988
7.960,11.994,91.228,-625.599,11.537,-58.744,0,0.000,0.501,"",0.013,0.000,-0.166,12.052,0.000,0.984,51.228
7.980,12.017,91.467,-625.603,11.491,-58.504,0,0.000,0.508,"",0.003,0.000,-0.191,12.083,0.000,0.983,51.467
8.000,12.042,91.707,-625.607,11.440,-58.265,0,0.000,0.514,"",0.000,0.000,-0.214,12.117,0.000,0.983,51.707
8.020,12.069,91.946,-625.611,11.386,-58.026,0,0.000,0.520,"",0.000,0.000,-0.238,12.155,0.000,0.982,51.946
8.040,12.099,92.185,-625.614,11.328,-57.786,0,0.000,0.526,"",0.000,0.000,-0.260,12.195,0.000,0.982,52.185
8.060,12.130,92.424,-625.618,11.265,-57.547,0,0.000,0.531,"",0.000,0.000,-0.283,12.239,0.000,0.981,52.424
8.080,12.163,92.663,-625.622,11.199,-57.309,0,0.000,0.536,"",0.000,0.000,-0.304,12.285,0.000,0.980,52.663
8.100,12.087,92.900,-625.625,11.132,-57.072,2,7.241,3.401,"",0.000,0.000,-0.325,12.202,0.000,0.980,52.900
8.120,12.007,93.134,-625.627,11.067,-56.838,3,12.187,4.107,"",0.000,0.000,-0.341,12.109,0.000,0.979,53.134
8.140,11.924,93.367,-625.629,11.005,-56.605,4,16.253,2.234,"Reverse supported roadworks transition:(0.15, 0.98, 0.14)",0.000,0.000,-0.345,12.008,0.000,0.979,53.367
8.160,11.850,93.598,-625.631,10.946,-56.374,4,17.063,1.878,"Reverse supported roadworks transition:(0.76, 0.64, 0.07)",0.038,0.000,-0.344,11.919,0.000,0.979,53.598
8.180,11.893,93.831,-625.635,10.891,-56.141,4,17.647,5.947,"Reverse supported roadworks transition:(0.76, 0.64, 0.05)",0.075,0.000,0.399,11.942,0.000,0.979,53.831
8.200,11.929,94.065,-625.639,10.839,-55.907,4,17.411,1.095,"Reverse supported roadworks transition:(0.76, 0.64, 0.05)",0.054,0.000,0.398,11.966,0.000,0.979,54.065
8.220,11.855,94.297,-625.643,10.791,-55.675,4,17.396,0.846,"Reverse supported roadworks transition:(0.74, 0.67, 0.01)",0.035,0.000,0.397,11.880,0.000,0.979,54.297
8.240,11.900,94.531,-625.648,10.746,-55.441,4,17.315,0.676,"Reverse supported roadworks transition:(0.75, 0.66, 0.02)",0.072,0.000,0.397,11.914,0.000,0.978,54.531
8.260,11.831,94.764,-625.653,10.704,-55.208,4,17.165,0.485,"Reverse supported roadworks transition:(0.75, 0.66, 0.05)",0.050,0.000,0.397,11.839,0.000,0.978,54.764
8.280,11.879,94.998,-625.657,10.665,-54.974,4,16.835,4.382,"Reverse supported roadworks transition:(0.74, 0.67, 0.05)",0.084,0.000,0.397,11.882,0.000,0.977,54.998
8.300,11.918,95.234,-625.659,10.628,-54.738,4,16.234,3.765,"Reverse supported roadworks transition:(0.74, 0.67, 0.05)",0.061,0.000,-0.346,11.921,0.000,0.977,55.234
8.320,11.846,95.468,-625.660,10.594,-54.504,4,15.552,0.948,"Reverse supported roadworks transition:(0.16, 0.98, 0.14)",0.041,0.000,-0.353,11.848,0.000,0.976,55.468
8.340,11.892,95.703,-625.659,10.561,-54.269,4,14.924,0.927,"Reverse supported roadworks transition:(0.16, 0.98, 0.14)",0.077,0.000,-0.359,11.893,0.000,0.975,55.704
8.360,11.932,95.940,-625.656,10.530,-54.032,4,14.345,0.848,"Reverse supported roadworks transition:(0.17, 0.98, 0.14)",0.054,0.000,-0.359,11.933,0.000,0.975,55.940
8.380,11.858,96.175,-625.652,10.501,-53.797,4,13.850,0.842,"Reverse supported roadworks transition:(0.17, 0.98, 0.14)",0.034,0.000,-0.353,11.861,0.000,0.975,56.175
8.400,11.900,96.410,-625.648,10.472,-53.562,4,13.225,3.265,"Reverse supported roadworks transition:(0.17, 0.97, 0.14)",0.071,0.000,-0.344,11.905,0.000,0.974,56.410
8.420,11.934,96.646,-625.642,10.445,-53.325,4,12.641,2.692,"Reverse supported roadworks transition:(0.18, 0.97, 0.14)",0.050,0.000,-0.332,11.944,0.000,0.974,56.646
8.440,11.853,96.882,-625.637,10.420,-53.090,4,12.076,2.299,"Reverse supported roadworks transition:(0.00, 0.99, 0.12)",0.033,0.000,0.367,11.868,0.000,0.973,56.882
8.460,11.893,97.118,-625.632,10.396,-52.854,4,11.492,1.892,"Reverse supported roadworks transition:(0.19, 0.97, 0.13)",0.073,0.000,0.355,11.910,0.000,0.972,57.118
8.480,11.928,97.355,-625.628,10.372,-52.616,4,10.848,1.444,"Reverse supported roadworks transition:(0.00, 0.99, 0.11)",0.054,0.000,0.348,11.944,0.000,0.971,57.355
8.500,11.852,97.591,-625.625,10.349,-52.380,4,10.186,1.089,"Reverse supported roadworks transition:(0.20, 0.97, 0.13)",0.036,0.000,0.344,11.866,0.000,0.969,57.591
8.520,11.896,97.828,-625.622,10.327,-52.143,4,9.619,0.776,"Reverse supported roadworks transition:(0.21, 0.97, 0.13)",0.074,0.000,0.343,11.907,0.000,0.967,57.828
8.540,11.933,98.066,-625.619,10.304,-51.905,4,9.125,0.498,"Reverse supported roadworks transition:(0.22, 0.97, 0.13)",0.052,0.000,0.345,11.942,0.000,0.966,58.066
8.560,11.856,98.302,-625.615,10.281,-51.669,4,8.759,0.280,"Reverse supported roadworks transition:(0.67, 0.74, 0.05)",0.034,0.000,-0.312,11.864,0.000,0.964,58.302
8.580,11.898,98.539,-625.610,10.257,-51.432,4,8.558,0.188,"Reverse supported roadworks transition:(0.67, 0.74, 0.05)",0.072,0.000,-0.320,11.906,0.000,0.962,58.539
8.600,11.935,98.776,-625.604,10.233,-51.195,4,8.483,0.284,"Reverse supported roadworks transition:(0.66, 0.75, 0.05)",0.051,0.000,-0.324,11.941,0.000,0.960,58.776
8.620,11.858,99.011,-625.598,10.208,-50.960,4,8.520,0.423,"Reverse supported roadworks transition:(0.66, 0.75, 0.05)",0.033,0.000,-0.321,11.863,0.000,0.959,59.011
8.640,11.897,99.247,-625.591,10.183,-50.724,4,8.606,0.548,"Reverse supported roadworks transition:(0.65, 0.76, 0.05)",0.071,0.000,-0.313,11.904,0.000,0.957,59.247
8.660,11.929,99.483,-625.584,10.157,-50.487,4,8.667,0.566,"Reverse supported roadworks transition:(0.65, 0.76, 0.05)",0.051,0.000,-0.302,11.937,0.000,0.956,59.483
8.680,11.845,99.718,-625.578,10.132,-50.252,4,8.794,0.767,"Reverse supported roadworks transition:(0.64, 0.77, 0.04)",0.036,0.000,-0.289,11.858,0.000,0.954,59.718
8.700,11.880,99.954,-625.574,10.107,-50.016,4,8.854,0.769,"Reverse supported roadworks transition:(0.64, 0.77, 0.04)",0.077,0.000,0.302,11.895,0.000,0.953,59.954
8.720,11.912,100.191,-625.570,10.082,-49.779,4,8.948,0.910,"Reverse supported roadworks transition:(0.62, 0.78, 0.05)",0.060,0.000,0.292,11.926,0.000,0.952,60.191
8.740,11.833,100.426,-625.568,10.058,-49.544,4,8.946,0.885,"Reverse supported roadworks transition:(0.62, 0.78, 0.05)",0.044,0.000,0.286,11.844,0.000,0.950,60.426
8.760,11.874,100.662,-625.567,10.033,-49.308,4,9.023,1.000,"Reverse supported roadworks transition:(0.61, 0.79, 0.05)",0.083,0.000,0.282,11.882,0.000,0.949,60.662
8.780,11.910,100.899,-625.566,10.009,-49.071,4,9.026,0.954,"Reverse supported roadworks transition:(0.61, 0.79, 0.05)",0.063,0.000,0.280,11.915,0.000,0.948,60.899
8.800,11.834,101.134,-625.566,9.985,-48.836,4,9.117,0.918,"Reverse supported roadworks transition:(0.61, 0.79, 0.05)",0.045,0.000,0.280,11.836,0.000,0.947,61.134
8.820,11.876,101.370,-625.565,9.961,-48.600,4,9.193,1.023,"Reverse supported roadworks transition:(0.00, 0.99, 0.10)",0.083,0.000,0.282,11.876,0.000,0.946,61.370
8.840,11.911,101.607,-625.564,9.936,-48.363,4,9.284,1.019,"Reverse supported roadworks transition:(0.00, 0.99, 0.10)",0.062,0.000,-0.271,11.911,0.000,0.945,61.607
8.860,11.834,101.842,-625.561,9.911,-48.128,4,9.374,1.013,"Reverse supported roadworks transition:(0.00, 1.00, 0.10)",0.045,0.000,-0.279,11.834,0.000,0.944,61.842
8.880,11.875,102.078,-625.558,9.886,-47.892,4,9.460,1.001,"Reverse supported roadworks transition:(0.00, 1.00, 0.10)",0.083,0.000,-0.283,11.875,0.000,0.944,62.077
8.900,11.909,102.314,-625.554,9.861,-47.655,4,9.524,0.984,"Reverse supported roadworks transition:(0.00, 1.00, 0.10)",0.063,0.000,-0.282,11.910,0.000,0.943,62.314
8.920,11.830,102.549,-625.549,9.835,-47.420,4,9.583,0.968,"Reverse supported roadworks transition:(0.00, 1.00, 0.10)",0.045,0.000,-0.276,11.833,0.000,0.943,62.549
8.940,11.867,102.785,-625.544,9.810,-47.184,4,9.644,0.948,"Reverse supported roadworks transition:(0.00, 1.00, 0.10)",0.085,0.000,-0.267,11.874,0.000,0.943,62.785
8.960,11.897,103.021,-625.540,9.785,-46.948,4,9.699,0.930,"Reverse supported roadworks transition:(0.00, 1.00, 0.09)",0.066,0.000,-0.257,11.907,0.000,0.943,63.021
8.980,11.922,103.258,-625.537,9.761,-46.711,4,9.765,0.910,"Reverse supported roadworks transition:(0.32, 0.94, 0.10)",0.051,0.000,0.255,11.935,0.000,0.943,63.258
9.000,11.838,103.494,-625.535,9.737,-46.475,4,9.831,0.847,"Reverse supported roadworks transition:(0.32, 0.94, 0.10)",0.039,0.000,0.248,11.850,0.000,0.943,63.494
9.020,11.875,103.730,-625.534,9.714,-46.239,4,9.986,0.916,"Reverse supported roadworks transition:(0.53, 0.85, 0.05)",0.081,0.000,0.244,11.885,0.000,0.943,63.730
9.040,11.908,103.967,-625.534,9.691,-46.002,4,10.048,0.767,"Reverse supported roadworks transition:(0.52, 0.85, 0.05)",0.062,0.000,0.241,11.914,0.000,0.943,63.967
9.060,11.829,104.202,-625.534,9.668,-45.767,4,10.222,0.891,"Reverse supported roadworks transition:(0.51, 0.86, 0.05)",0.046,0.000,0.238,11.833,0.000,0.944,64.202
9.080,11.869,104.438,-625.534,9.646,-45.531,4,10.252,0.779,"Reverse supported roadworks transition:(0.32, 0.94, 0.09)",0.085,0.000,0.238,11.871,0.000,0.944,64.438
9.100,11.903,104.675,-625.534,9.624,-45.294,4,10.385,0.813,"Reverse supported roadworks transition:(0.50, 0.86, 0.02)",0.065,0.000,-0.238,11.904,0.000,0.945,64.675
9.120,11.824,104.910,-625.533,9.603,-45.059,4,10.333,0.700,"Reverse supported roadworks transition:(0.31, 0.94, 0.09)",0.049,0.000,-0.242,11.825,0.000,0.945,64.910
9.140,11.862,105.146,-625.532,9.581,-44.823,4,10.362,0.683,"Reverse supported roadworks transition:(0.31, 0.95, 0.09)",0.088,0.000,-0.242,11.864,0.000,0.946,65.146
9.160,11.894,105.383,-625.530,9.560,-44.586,4,10.256,0.639,"Reverse supported roadworks transition:(0.31, 0.95, 0.09)",0.069,0.000,-0.239,11.898,0.000,0.947,65.383
9.180,11.920,105.620,-625.528,9.539,-44.349,4,10.226,0.646,"Reverse supported roadworks transition:(0.31, 0.95, 0.09)",0.053,0.000,-0.233,11.926,0.000,0.948,65.620
9.200,11.835,105.856,-625.527,9.519,-44.113,4,10.177,0.605,"Reverse supported roadworks transition:(0.31, 0.95, 0.09)",0.040,0.000,0.223,11.842,0.000,0.949,65.856
9.220,11.870,106.092,-625.526,9.498,-43.876,4,10.176,0.588,"Reverse supported roadworks transition:(0.30, 0.95, 0.09)",0.083,0.000,0.218,11.877,0.000,0.950,66.092
9.240,11.902,106.329,-625.526,9.479,-43.639,4,10.221,0.573,"Reverse supported roadworks transition:(0.30, 0.95, 0.09)",0.065,0.000,0.215,11.907,0.000,0.951,66.329
9.260,11.822,106.564,-625.525,9.459,-43.404,4,10.261,0.550,"Reverse supported roadworks transition:(0.30, 0.95, 0.09)",0.049,0.000,0.212,11.825,0.000,0.952,66.564
9.280,11.861,106.800,-625.525,9.440,-43.168,4,10.314,0.528,"Reverse supported roadworks transition:(0.44, 0.90, 0.02)",0.089,0.000,0.212,11.863,0.000,0.953,66.800
9.300,11.894,107.037,-625.525,9.421,-42.931,4,10.341,0.502,"Reverse supported roadworks transition:(0.29, 0.95, 0.08)",0.070,0.000,-0.221,11.895,0.000,0.954,67.037
9.320,11.921,107.275,-625.524,9.403,-42.694,4,10.337,0.482,"Reverse supported roadworks transition:(0.43, 0.90, 0.02)",0.053,0.000,-0.223,11.923,0.000,0.955,67.275
9.340,11.836,107.511,-625.523,9.384,-42.458,4,10.269,0.409,"Reverse supported roadworks transition:(0.29, 0.95, 0.08)",0.039,0.000,-0.223,11.839,0.000,0.956,67.511
9.360,11.870,107.747,-625.521,9.366,-42.221,4,10.260,0.463,"Reverse supported roadworks transition:(0.41, 0.91, 0.00)",0.082,0.000,-0.219,11.874,0.000,0.957,67.747
9.380,11.898,107.984,-625.520,9.348,-41.984,4,10.156,0.388,"Reverse supported roadworks transition:(0.28, 0.96, 0.08)",0.065,0.000,-0.214,11.904,0.000,0.958,67.984
9.400,11.922,108.222,-625.519,9.330,-41.746,4,10.184,0.466,"Reverse supported roadworks transition:(0.39, 0.92, 0.01)",0.051,0.000,0.196,11.929,0.000,0.959,68.222
9.420,11.836,108.458,-625.519,9.313,-41.510,4,10.108,0.348,"Reverse supported roadworks transition:(0.27, 0.96, 0.08)",0.039,0.000,0.191,11.842,0.000,0.960,68.458
9.440,11.870,108.694,-625.518,9.296,-41.274,4,10.230,1.581,"Reverse supported roadworks transition:(0.38, 0.92, 0.01)",0.082,0.000,0.188,11.875,0.000,0.961,68.694
9.460,11.900,108.932,-625.519,9.280,-41.036,4,10.070,1.421,"Reverse supported roadworks transition:(0.27, 0.96, 0.08)",0.065,0.000,0.186,11.903,0.000,0.961,68.932
9.480,11.926,109.169,-625.518,9.263,-40.799,4,10.092,2.752,"Reverse supported roadworks transition:(0.35, 0.94, 0.02)",0.050,0.000,0.185,11.928,0.000,0.962,69.169
9.500,11.840,109.405,-625.518,9.247,-40.563,4,9.871,2.321,"Reverse supported roadworks transition:(0.30, 0.95, 0.08)",0.037,0.000,-0.204,11.842,0.000,0.962,69.405
9.520,11.873,109.642,-625.516,9.231,-40.326,4,9.846,1.804,"Reverse supported roadworks transition:(0.35, 0.94, 0.00)",0.080,0.000,-0.205,11.876,0.000,0.962,69.642
9.540,11.901,109.879,-625.514,9.215,-40.089,4,9.757,1.507,"Reverse supported roadworks transition:(0.26, 0.96, 0.07)",0.063,0.000,-0.202,11.904,0.000,0.962,69.879
9.560,11.817,110.114,-625.512,9.199,-39.853,4,9.768,1.022,"Reverse supported roadworks transition:(0.26, 0.96, 0.07)",0.049,0.000,-0.197,11.821,0.000,0.961,70.114
9.580,11.851,110.351,-625.510,9.184,-39.617,4,9.761,0.864,"Reverse supported roadworks transition:(0.27, 0.96, 0.07)",0.092,0.000,0.168,11.856,0.000,0.961,70.351
9.600,11.881,110.587,-625.508,9.168,-39.380,4,9.726,0.587,"Reverse supported roadworks transition:(0.27, 0.96, 0.07)",0.074,0.000,0.163,11.886,0.000,0.960,70.587
9.620,11.908,110.825,-625.506,9.153,-39.143,4,9.696,0.364,"Reverse supported roadworks transition:(0.27, 0.96, 0.07)",0.059,0.000,0.160,11.911,0.000,0.960,70.825
9.640,11.823,111.061,-625.504,9.138,-38.907,4,9.653,0.238,"Reverse supported roadworks transition:(0.27, 0.96, 0.07)",0.046,0.000,0.158,11.826,0.000,0.959,71.061
9.660,11.857,111.297,-625.502,9.123,-38.670,4,9.638,0.282,"Reverse supported roadworks transition:(0.27, 0.96, 0.07)",0.088,0.000,-0.185,11.860,0.000,0.958,71.297
9.680,11.886,111.534,-625.500,9.108,-38.433,4,9.624,0.273,"Reverse supported roadworks transition:(0.27, 0.96, 0.07)",0.071,0.000,-0.185,11.889,0.000,0.958,71.534
9.700,11.910,111.772,-625.498,9.093,-38.196,4,9.649,0.543,"Reverse supported roadworks transition:(0.27, 0.96, 0.04)",0.057,0.000,-0.183,11.914,0.000,0.957,71.772
9.720,11.823,112.007,-625.496,9.079,-37.960,4,9.635,0.544,"Reverse supported roadworks transition:(0.27, 0.96, 0.06)",0.045,0.000,0.148,11.827,0.000,0.957,72.007
9.740,11.856,112.244,-625.494,9.064,-37.723,4,9.728,0.763,"Reverse supported roadworks transition:(0.27, 0.96, 0.04)",0.088,0.000,0.144,11.860,0.000,0.957,72.244
9.760,11.885,112.481,-625.493,9.050,-37.486,4,9.709,0.715,"Reverse supported roadworks transition:(0.27, 0.96, 0.05)",0.072,0.000,0.142,11.888,0.000,0.956,72.481
9.780,11.909,112.718,-625.491,9.035,-37.249,4,9.838,0.905,"Reverse supported roadworks transition:(0.26, 0.96, 0.05)",0.057,0.000,-0.174,11.912,0.000,0.956,72.718
9.800,11.822,112.954,-625.489,9.021,-37.013,4,9.792,0.824,"Reverse supported roadworks transition:(0.26, 0.96, 0.05)",0.045,0.000,-0.173,11.825,0.000,0.956,72.954
9.820,11.854,113.191,-625.488,9.008,-36.776,4,9.975,0.977,"Reverse supported roadworks transition:(0.26, 0.97, 0.04)",0.089,0.000,0.134,11.858,0.000,0.956,73.191
9.840,11.883,113.428,-625.487,8.994,-36.539,4,9.910,0.859,"Reverse supported roadworks transition:(0.25, 0.97, 0.04)",0.073,0.000,0.131,11.885,0.000,0.956,73.428
9.860,11.906,113.665,-625.485,8.981,-36.302,4,10.076,0.889,"Reverse supported roadworks transition:(0.25, 0.97, 0.04)",0.059,0.000,-0.167,11.909,0.000,0.957,73.665
9.880,11.818,113.901,-625.484,8.967,-36.066,4,10.028,0.870,"Reverse supported roadworks transition:(0.24, 0.97, 0.05)",0.047,0.000,-0.165,11.822,0.000,0.957,73.901
9.900,11.850,114.137,-625.483,8.955,-35.829,4,10.135,0.901,"Reverse supported roadworks transition:(0.24, 0.97, 0.05)",0.091,0.000,0.122,11.854,0.000,0.957,74.137
9.920,11.878,114.374,-625.482,8.942,-35.592,4,10.119,0.866,"Reverse supported roadworks transition:(0.23, 0.97, 0.06)",0.075,0.000,0.118,11.881,0.000,0.958,74.374
9.940,11.902,114.612,-625.481,8.930,-35.355,4,10.228,0.843,"Reverse supported roadworks transition:(0.23, 0.97, 0.05)",0.061,0.000,0.116,11.905,0.000,0.959,74.612
9.960,11.815,114.847,-625.481,8.918,-35.119,4,10.265,0.855,"Reverse supported roadworks transition:(0.20, 0.98, 0.05)",0.049,0.000,-0.157,11.817,0.000,0.959,74.847
9.980,11.847,115.084,-625.480,8.906,-34.883,4,10.301,0.761,"Reverse supported roadworks transition:(0.20, 0.98, 0.05)",0.093,0.000,-0.155,11.850,0.000,0.960,75.084
10.000,11.874,115.321,-625.479,8.894,-34.646,4,10.332,0.784,"Reverse supported roadworks transition:(0.19, 0.98, 0.05)",0.077,0.000,0.107,11.877,0.000,0.961,75.321
10.020,11.897,115.558,-625.479,8.883,-34.408,4,10.358,0.736,"Reverse supported roadworks transition:(0.19, 0.98, 0.05)",0.063,0.000,0.105,11.900,0.000,0.962,75.558
10.040,11.917,115.796,-625.479,8.872,-34.170,4,10.413,0.701,"Reverse supported roadworks transition:(0.20, 0.98, 0.04)",0.051,0.000,-0.149,11.920,0.000,0.963,75.796
10.060,11.827,116.032,-625.478,8.862,-33.934,4,10.393,0.551,"Reverse supported roadworks transition:(0.19, 0.98, 0.04)",0.042,0.000,0.100,11.829,0.000,0.964,76.032
10.080,11.856,116.269,-625.478,8.852,-33.697,4,10.461,0.633,"Reverse supported roadworks transition:(0.17, 0.99, 0.04)",0.087,0.000,-0.145,11.859,0.000,0.965,76.269
10.100,11.881,116.506,-625.478,8.842,-33.460,4,10.408,0.478,"Reverse supported roadworks transition:(0.16, 0.99, 0.03)",0.072,0.000,0.094,11.884,0.000,0.967,76.506
10.120,11.903,116.744,-625.478,8.832,-33.223,4,10.481,0.561,"Reverse supported roadworks transition:(0.15, 0.99, 0.03)",0.059,0.000,0.092,11.905,0.000,0.968,76.744
10.140,11.814,116.980,-625.479,8.823,-32.987,4,10.435,0.390,"Reverse supported roadworks transition:(0.15, 0.99, 0.04)",0.049,0.000,-0.140,11.817,0.000,0.969,76.980
10.160,11.844,117.216,-625.479,8.814,-32.750,4,10.514,0.474,"Reverse supported roadworks transition:(0.14, 0.99, 0.04)",0.093,0.000,-0.138,11.847,0.000,0.970,77.216
10.180,11.870,117.453,-625.479,8.805,-32.513,4,10.382,0.323,"Reverse supported roadworks transition:(0.14, 0.99, 0.04)",0.078,0.000,0.084,11.873,0.000,0.972,77.453
10.200,11.893,117.691,-625.480,8.797,-32.276,4,10.491,0.289,"Ground_80_320:(0.00, 1.00, 0.00)",0.065,0.000,0.081,11.895,0.000,0.973,77.691
10.220,11.912,117.928,-625.481,8.789,-32.038,4,10.396,0.356,"Ground_80_320:(0.00, 1.00, 0.00)",0.054,0.000,0.078,11.914,0.000,0.974,77.928
10.240,11.821,118.164,-625.482,8.781,-31.802,4,10.524,0.213,"Ground_80_320:(0.00, 1.00, 0.00)",0.044,0.000,0.076,11.823,0.000,0.975,78.164
10.260,11.850,118.401,-625.483,8.774,-31.565,4,10.453,0.302,"Ground_80_320:(0.00, 1.00, 0.00)",0.089,0.000,-0.129,11.852,0.000,0.977,78.401
10.280,11.874,118.638,-625.484,8.766,-31.328,4,10.511,0.152,"Ground_80_320:(0.00, 1.00, 0.00)",0.075,0.000,-0.127,11.877,0.000,0.978,78.638
10.300,11.895,118.876,-625.485,8.759,-31.090,4,10.401,0.258,"Ground_80_320:(0.00, 1.00, 0.00)",0.063,0.000,0.069,11.898,0.000,0.979,78.876
10.320,11.913,119.114,-625.486,8.753,-30.852,4,10.430,0.187,"Ground_80_320:(0.00, 1.00, 0.00)",0.052,0.000,0.067,11.915,0.000,0.980,79.114
10.340,11.821,119.350,-625.487,8.746,-30.616,4,10.400,0.278,"Ground_80_320:(0.00, 1.00, 0.00)",0.043,0.000,-0.121,11.823,0.000,0.981,79.350
10.360,11.849,119.587,-625.488,8.740,-30.380,4,10.384,0.153,"Ground_80_320:(0.00, 1.00, 0.00)",0.090,0.000,0.062,11.851,0.000,0.982,79.587
10.380,11.873,119.824,-625.490,8.734,-30.142,4,10.392,0.293,"Ground_80_320:(0.00, 1.00, 0.00)",0.076,0.000,0.059,11.875,0.000,0.983,79.824
10.400,11.893,120.061,-625.492,8.728,-29.905,4,10.380,0.140,"Ground_80_320:(0.00, 1.00, 0.00)",0.064,0.000,-0.115,11.895,0.000,0.984,80.061
10.420,11.910,120.299,-625.493,8.723,-29.667,4,10.385,0.274,"Ground_80_320:(0.00, 1.00, 0.00)",0.053,0.000,0.054,11.912,0.000,0.985,80.299
10.440,11.818,120.535,-625.495,8.717,-29.431,4,10.343,0.162,"Ground_80_320:(0.00, 1.00, 0.00)",0.045,0.000,0.052,11.819,0.000,0.986,80.535
10.460,11.845,120.772,-625.497,8.712,-29.194,4,10.383,0.267,"Ground_80_320:(0.00, 1.00, 0.00)",0.091,0.000,-0.109,11.847,0.000,0.987,80.772
10.480,11.869,121.009,-625.499,8.707,-28.957,4,10.310,0.179,"Ground_80_320:(0.00, 1.00, 0.00)",0.077,0.000,0.047,11.871,0.000,0.988,81.009
10.500,11.889,121.247,-625.501,8.703,-28.720,4,10.347,0.263,"Ground_80_320:(0.00, 1.00, 0.00)",0.066,0.000,0.045,11.891,0.000,0.989,81.247
10.520,11.906,121.484,-625.504,8.698,-28.482,4,10.272,0.234,"Ground_80_320:(0.00, 1.00, 0.00)",0.055,0.000,0.043,11.907,0.000,0.990,81.484
10.540,11.813,121.720,-625.506,8.694,-28.246,4,10.334,0.208,"Ground_80_320:(0.00, 1.00, 0.00)",0.047,0.000,-0.102,11.815,0.000,0.991,81.720
10.560,11.841,121.957,-625.508,8.690,-28.009,4,10.240,0.239,"Ground_80_320:(0.00, 1.00, 0.00)",0.093,0.000,-0.100,11.842,0.000,0.991,81.957
10.580,11.864,122.194,-625.511,8.686,-27.772,4,10.293,0.231,"Ground_80_320:(0.00, 1.00, 0.00)",0.080,0.000,0.036,11.866,0.000,0.992,82.194
10.600,11.884,122.431,-625.513,8.682,-27.535,4,10.202,0.250,"Ground_80_320:(0.00, 1.00, 0.00)",0.068,0.000,0.034,11.885,0.000,0.993,82.431
10.620,11.901,122.669,-625.516,8.678,-27.297,4,10.285,0.247,"Ground_80_320:(0.00, 1.00, 0.00)",0.058,0.000,0.031,11.902,0.000,0.993,82.669
10.640,11.808,122.905,-625.519,8.675,-27.061,4,10.217,0.363,"Ground_80_320:(0.00, 1.00, 0.00)",0.050,0.000,0.029,11.809,0.000,0.994,82.905
10.660,11.836,123.142,-625.522,8.672,-26.825,4,10.277,0.278,"Ground_80_320:(0.00, 1.00, 0.00)",0.096,0.000,0.027,11.837,0.000,0.994,83.142
10.680,11.859,123.379,-625.525,8.669,-26.588,4,10.222,0.354,"Ground_80_320:(0.00, 1.00, 0.00)",0.082,0.000,0.025,11.860,0.000,0.995,83.379
10.700,11.879,123.616,-625.528,8.666,-26.350,4,10.249,0.281,"Ground_80_320:(0.00, 1.00, 0.00)",0.070,0.000,-0.086,11.880,0.000,0.995,83.616
10.720,11.896,123.854,-625.531,8.663,-26.113,4,10.213,0.351,"Ground_80_320:(0.00, 1.00, 0.00)",0.060,0.000,-0.084,11.897,0.000,0.996,83.854
10.740,11.910,124.092,-625.535,8.660,-25.875,4,10.200,0.278,"Ground_80_320:(0.00, 1.00, 0.00)",0.052,0.000,0.019,11.911,0.000,0.996,84.092
10.760,11.815,124.328,-625.538,8.658,-25.639,4,10.198,0.347,"Ground_80_320:(0.00, 1.00, 0.00)",0.045,0.000,0.017,11.816,0.000,0.997,84.328
10.780,11.840,124.564,-625.541,8.655,-25.402,4,10.176,0.319,"Ground_80_320:(0.00, 1.00, 0.00)",0.093,0.000,0.015,11.841,0.000,0.997,84.564
10.800,11.862,124.801,-625.545,8.653,-25.165,4,10.198,0.330,"Ground_80_320:(0.00, 1.00, 0.00)",0.080,0.000,0.013,11.863,0.000,0.997,84.801
10.820,11.881,125.039,-625.549,8.651,-24.928,4,10.168,0.311,"Ground_80_320:(0.00, 1.00, 0.00)",0.069,0.000,0.011,11.881,0.000,0.997,85.039
10.840,11.897,125.277,-625.553,8.649,-24.690,4,10.195,0.316,"Ground_80_320:(0.00, 1.00, 0.00)",0.060,0.000,0.009,11.897,0.000,0.998,85.277
10.860,11.910,125.515,-625.556,8.647,-24.452,4,10.157,0.305,"Ground_80_320:(0.00, 1.00, 0.00)",0.052,0.000,0.008,11.910,0.000,0.998,85.515
10.880,11.814,125.751,-625.560,8.646,-24.216,4,10.188,0.305,"Ground_80_320:(0.00, 1.00, 0.00)",0.045,0.000,0.006,11.814,0.000,0.998,85.751
10.900,11.839,125.987,-625.564,8.644,-23.979,4,10.146,0.305,"Ground_80_320:(0.00, 1.00, 0.00)",0.093,0.000,0.004,11.839,0.000,0.998,85.987
10.920,11.860,126.224,-625.568,8.643,-23.742,4,10.181,0.291,"Ground_80_320:(0.00, 1.00, 0.00)",0.080,0.000,0.003,11.861,0.000,0.999,86.224
10.940,11.878,126.462,-625.572,8.642,-23.505,4,10.137,0.298,"Ground_80_320:(0.00, 1.00, 0.00)",0.070,0.000,0.001,11.879,0.000,0.999,86.462
10.960,11.894,126.699,-625.576,8.640,-23.267,4,10.176,0.287,"Ground_80_320:(0.00, 1.00, 0.00)",0.061,0.000,-0.001,11.894,0.000,0.999,86.699
10.980,11.907,126.937,-625.580,8.639,-23.029,4,10.140,0.293,"Ground_80_320:(0.00, 1.00, 0.00)",0.053,0.000,-0.061,11.907,0.000,0.999,86.937
11.000,11.810,127.173,-625.584,8.639,-22.793,4,10.176,0.283,"Ground_80_320:(0.00, 1.00, 0.00)",0.047,0.000,-0.004,11.811,0.000,0.999,87.173
11.020,11.835,127.410,-625.588,8.638,-22.557,4,10.154,0.317,"Ground_80_320:(0.00, 1.00, 0.00)",0.095,0.000,-0.006,11.836,0.000,0.999,87.410
11.040,11.856,127.647,-625.592,8.637,-22.320,4,10.181,0.284,"Ground_80_320:(0.00, 1.00, 0.00)",0.082,0.000,-0.007,11.857,0.000,0.999,87.647
11.060,11.874,127.884,-625.596,8.637,-22.083,4,10.166,0.307,"Ground_80_320:(0.00, 1.00, 0.00)",0.072,0.000,-0.009,11.874,0.000,0.999,87.884
11.080,11.889,128.122,-625.600,8.637,-21.845,4,10.178,0.277,"Ground_80_320:(0.00, 1.00, 0.00)",0.063,0.000,-0.010,11.889,0.000,1.000,88.122
11.100,11.902,128.360,-625.604,8.636,-21.607,4,10.180,0.298,"Ground_80_320:(0.00, 1.00, 0.00)",0.055,0.000,-0.011,11.902,0.000,1.000,88.360
11.120,11.806,128.596,-625.609,8.636,-21.371,4,10.178,0.273,"Ground_80_320:(0.00, 1.00, 0.00)",0.049,0.000,-0.012,11.806,0.000,1.000,88.595
11.140,11.830,128.832,-625.613,8.637,-21.135,4,10.199,0.290,"Ground_80_320:(0.00, 1.00, 0.00)",0.097,0.000,-0.013,11.831,0.000,1.000,88.832
11.160,11.851,129.069,-625.618,8.637,-20.898,4,10.185,0.270,"Ground_80_320:(0.00, 1.00, 0.00)",0.085,0.000,-0.013,11.851,0.000,1.000,89.069
11.180,11.869,129.306,-625.623,8.637,-20.661,4,10.204,0.283,"Ground_80_320:(0.00, 1.00, 0.00)",0.074,0.000,-0.013,11.869,0.000,1.000,89.306
11.200,11.884,129.543,-625.628,8.638,-20.424,4,10.187,0.286,"Ground_80_320:(0.00, 1.00, 0.00)",0.066,0.000,-0.012,11.884,0.000,1.000,89.543
11.220,11.897,129.781,-625.633,8.639,-20.186,4,10.197,0.274,"Ground_80_320:(0.00, 1.00, 0.00)",0.058,0.000,-0.011,11.897,0.000,1.000,89.781
11.240,11.907,130.019,-625.638,8.640,-19.948,4,10.176,0.278,"Ground_80_320:(0.00, 1.00, 0.00)",0.052,0.000,-0.010,11.908,0.000,1.000,90.019
11.260,11.809,130.255,-625.644,8.641,-19.712,4,10.170,0.266,"Ground_80_320:(0.00, 1.00, 0.00)",0.046,0.000,-0.008,11.810,0.000,1.000,90.255
11.280,11.832,130.492,-625.650,8.642,-19.476,4,10.148,0.267,"Ground_80_320:(0.00, 1.00, 0.00)",0.095,0.000,-0.007,11.833,0.000,1.000,90.492
11.300,11.852,130.729,-625.655,8.643,-19.239,4,10.129,0.256,"Ground_80_320:(0.00, 1.00, 0.00)",0.084,0.000,-0.005,11.853,0.000,1.000,90.729
11.320,11.869,130.966,-625.661,8.644,-19.002,4,10.103,0.253,"Ground_80_320:(0.00, 1.00, 0.00)",0.074,0.000,-0.004,11.869,0.000,1.000,90.966
11.340,11.883,131.203,-625.667,8.646,-18.764,4,10.075,0.244,"Ground_80_320:(0.00, 1.00, 0.00)",0.066,0.000,-0.002,11.883,0.000,1.000,91.203
11.360,11.895,131.441,-625.674,8.648,-18.526,4,10.044,0.237,"Ground_80_320:(0.00, 1.00, 0.00)",0.058,0.000,-0.001,11.895,0.000,1.000,91.441
11.380,11.905,131.679,-625.680,8.649,-18.289,4,10.009,0.228,"Ground_80_320:(0.00, 1.00, 0.00)",0.052,0.000,0.000,11.906,0.000,1.000,91.679
11.400,11.807,131.915,-625.686,8.651,-18.053,4,9.971,0.219,"Ground_80_320:(0.00, 1.00, 0.00)",0.047,0.000,0.001,11.807,0.000,1.000,91.915
11.420,11.830,132.152,-625.693,8.653,-17.816,4,9.932,0.208,"Ground_80_320:(0.00, 1.00, 0.00)",0.097,0.000,0.002,11.830,0.000,1.000,92.151
11.440,11.849,132.388,-625.699,8.655,-17.579,4,9.890,0.197,"Ground_80_320:(0.00, 1.00, 0.00)",0.085,0.000,0.003,11.849,0.000,1.000,92.388
11.460,11.866,132.626,-625.706,8.657,-17.342,4,9.849,0.185,"Ground_80_320:(0.00, 1.00, 0.00)",0.075,0.000,0.003,11.866,0.000,1.000,92.626
11.480,11.880,132.863,-625.713,8.658,-17.105,4,9.810,0.173,"Ground_80_320:(0.00, 1.00, 0.00)",0.067,0.000,0.004,11.880,0.000,1.000,92.863
11.500,11.892,133.101,-625.719,8.660,-16.867,4,9.774,0.161,"Ground_80_320:(0.00, 1.00, 0.00)",0.060,0.000,0.004,11.892,0.000,1.000,93.101
11.520,11.902,133.339,-625.726,8.662,-16.629,4,9.742,0.149,"Ground_80_320:(0.00, 1.00, 0.00)",0.054,0.000,0.004,11.902,0.000,1.000,93.339
11.540,11.804,133.575,-625.733,8.664,-16.393,4,9.714,0.138,"Ground_80_320:(0.00, 1.00, 0.00)",0.049,0.000,0.004,11.804,0.000,1.000,93.575
11.560,11.827,133.811,-625.740,8.666,-16.157,4,9.690,0.127,"Ground_80_320:(0.00, 1.00, 0.00)",0.098,0.000,0.004,11.827,0.000,1.000,93.811
11.580,11.846,134.048,-625.746,8.667,-15.920,4,9.670,0.116,"Ground_80_320:(0.00, 1.00, 0.00)",0.087,0.000,0.004,11.847,0.000,1.000,94.048
11.600,11.863,134.285,-625.753,8.669,-15.683,4,9.656,0.106,"Ground_80_320:(0.00, 1.00, 0.00)",0.077,0.000,0.004,11.863,0.000,1.000,94.285
11.620,11.877,134.523,-625.760,8.670,-15.446,4,9.646,0.096,"Ground_80_320:(0.00, 1.00, 0.00)",0.068,0.000,0.004,11.878,0.000,1.000,94.523
11.640,11.890,134.761,-625.767,8.672,-15.208,4,9.640,0.087,"Ground_80_320:(0.00, 1.00, 0.00)",0.061,0.000,0.004,11.890,0.000,1.000,94.761
11.660,11.900,134.999,-625.773,8.673,-14.970,4,9.638,0.078,"Ground_80_320:(0.00, 1.00, 0.00)",0.055,0.000,0.003,11.900,0.000,1.000,94.999
11.680,11.802,135.235,-625.780,8.675,-14.734,4,9.640,0.070,"Ground_80_320:(0.00, 1.00, 0.00)",0.050,0.000,0.003,11.802,0.000,1.000,95.235
11.700,11.825,135.471,-625.786,8.676,-14.498,4,9.645,0.062,"Ground_80_320:(0.00, 1.00, 0.00)",0.099,0.000,0.003,11.825,0.000,1.000,95.471
11.720,11.845,135.708,-625.793,8.677,-14.261,4,9.653,0.055,"Ground_80_320:(0.00, 1.00, 0.00)",0.087,0.000,0.003,11.845,0.000,1.000,95.708
11.740,11.862,135.945,-625.799,8.678,-14.024,4,9.664,0.048,"Ground_80_320:(0.00, 1.00, 0.00)",0.078,0.000,0.003,11.862,0.000,1.000,95.945
11.760,11.876,136.183,-625.806,8.679,-13.786,4,9.676,0.042,"Ground_80_320:(0.00, 1.00, 0.00)",0.069,0.000,0.002,11.876,0.000,1.000,96.183
11.780,11.889,136.421,-625.812,8.680,-13.549,4,9.689,0.037,"Ground_80_320:(0.00, 1.00, 0.00)",0.062,0.000,0.002,11.889,0.000,1.000,96.421
11.800,11.899,136.659,-625.818,8.681,-13.311,4,9.703,0.031,"Ground_80_320:(0.00, 1.00, 0.00)",0.056,0.000,0.002,11.899,0.000,1.000,96.659
11.820,11.908,136.897,-625.825,8.682,-13.073,4,9.717,0.027,"Ground_80_320:(0.00, 1.00, 0.00)",0.050,0.000,0.002,11.908,0.000,1.000,96.897
11.840,11.809,137.133,-625.831,8.683,-12.836,4,9.731,0.022,"Ground_80_320:(0.00, 1.00, 0.00)",0.046,0.000,0.002,11.809,0.000,1.000,97.133
11.860,11.831,137.370,-625.837,8.684,-12.600,4,9.745,0.018,"Ground_80_320:(0.00, 1.00, 0.00)",0.096,0.000,0.002,11.831,0.000,1.000,97.369
11.880,11.850,137.606,-625.843,8.685,-12.363,4,9.759,0.014,"Ground_80_320:(0.00, 1.00, 0.00)",0.085,0.000,0.002,11.850,0.000,1.000,97.606
11.900,11.866,137.844,-625.849,8.686,-12.126,4,9.771,0.011,"Ground_80_320:(0.00, 1.00, 0.00)",0.075,0.000,0.001,11.866,0.000,1.000,97.844
11.920,11.880,138.081,-625.855,8.687,-11.888,4,9.783,0.008,"Ground_80_320:(0.00, 1.00, 0.00)",0.067,0.000,0.001,11.880,0.000,1.000,98.081
11.940,11.892,138.319,-625.861,8.687,-11.650,4,9.794,0.006,"Ground_80_320:(0.00, 1.00, 0.00)",0.060,0.000,0.001,11.892,0.000,1.000,98.319
11.960,11.902,138.557,-625.867,8.688,-11.412,4,9.803,0.003,"Ground_80_320:(0.00, 1.00, 0.00)",0.054,0.000,0.001,11.902,0.000,1.000,98.557
11.980,11.803,138.793,-625.873,8.689,-11.177,4,9.811,0.002,"Ground_80_320:(0.00, 1.00, 0.00)",0.049,0.000,0.001,11.803,0.000,1.000,98.793
12.000,11.826,139.030,-625.879,8.690,-10.940,4,9.818,0.002,"Ground_80_320:(0.00, 1.00, 0.00)",0.098,0.000,0.001,11.826,0.000,1.000,99.030
12.020,11.846,139.267,-625.885,8.691,-10.703,4,9.824,0.003,"Ground_80_320:(0.00, 1.00, 0.00)",0.087,0.000,0.001,11.846,0.000,1.000,99.267
12.040,11.863,139.504,-625.891,8.692,-10.466,4,9.244,0.004,"Ground_80_320:(0.00, 1.00, 0.00)",0.077,0.000,0.001,11.863,0.000,1.000,99.504
12.060,11.877,139.742,-625.897,8.692,-10.228,4,9.337,0.063,"Ground_80_320:(0.00, 1.00, 0.00)",0.069,0.000,0.001,11.877,0.000,1.000,99.742
12.080,11.890,139.980,-625.903,8.692,-9.991,4,9.415,0.112,"Ground_80_320:(0.00, 1.00, 0.00)",0.061,0.000,0.001,11.890,0.000,1.000,99.980
12.100,11.900,140.218,-625.908,8.692,-9.752,4,9.481,0.150,"Ground_80_320:(0.00, 1.00, 0.00)",0.055,0.000,0.000,11.900,0.000,1.000,100.218
12.120,11.802,140.454,-625.914,8.692,-9.516,4,9.538,0.180,"Ground_80_320:(0.00, 1.00, 0.00)",0.050,0.000,0.000,11.802,0.000,1.000,100.454
12.140,11.826,140.691,-625.920,8.692,-9.280,4,9.592,0.201,"Ground_80_320:(0.00, 1.00, 0.00)",0.099,0.000,-0.001,11.826,0.000,1.000,100.691
12.160,11.846,140.928,-625.926,8.692,-9.043,4,9.639,0.217,"Ground_80_320:(0.00, 1.00, 0.00)",0.087,0.000,-0.001,11.846,0.000,1.000,100.928
12.180,11.864,141.165,-625.931,8.692,-8.805,4,9.098,0.227,"Ground_80_320:(0.00, 1.00, 0.00)",0.077,0.000,-0.001,11.864,0.000,1.000,101.165
12.200,11.878,141.403,-625.937,8.691,-8.568,4,9.267,0.171,"Ground_80_320:(0.00, 1.00, 0.00)",0.068,0.000,-0.001,11.879,0.000,1.000,101.403
12.220,11.891,141.640,-625.943,8.691,-8.330,4,9.439,0.124,"Ground_80_320:(0.00, 1.00, 0.00)",0.061,0.000,-0.001,11.891,0.000,1.000,101.640
12.240,11.902,141.878,-625.949,8.690,-8.092,4,9.606,0.085,"Ground_80_320:(0.00, 1.00, 0.00)",0.054,0.000,0.000,11.902,0.000,1.000,101.878
12.260,11.804,142.115,-625.954,8.689,-7.856,4,9.761,0.053,"Ground_80_320:(0.00, 1.00, 0.00)",0.049,0.000,0.000,11.805,0.000,1.000,102.115
12.280,11.828,142.351,-625.960,8.688,-7.620,4,9.904,0.027,"Ground_80_320:(0.00, 1.00, 0.00)",0.098,0.000,0.000,11.828,0.000,1.000,102.351
12.300,11.848,142.588,-625.966,8.687,-7.383,4,10.023,0.010,"Ground_80_320:(0.00, 1.00, 0.00)",0.086,0.000,0.000,11.848,0.000,1.000,102.588
12.320,11.865,142.825,-625.971,8.687,-7.146,4,10.121,0.014,"Ground_80_320:(0.00, 1.00, 0.00)",0.076,0.000,0.001,11.865,0.000,1.000,102.825
12.340,11.880,143.063,-625.977,8.686,-6.908,4,10.197,0.024,"Ground_80_320:(0.00, 1.00, 0.00)",0.067,0.000,0.001,11.880,0.000,1.000,103.063
12.360,11.892,143.300,-625.983,8.686,-6.671,4,10.253,0.033,"Ground_80_320:(0.00, 1.00, 0.00)",0.060,0.000,0.001,11.892,0.000,1.000,103.300
12.380,11.903,143.538,-625.989,8.686,-6.433,4,10.289,0.038,"Ground_80_320:(0.00, 1.00, 0.00)",0.054,0.000,0.001,11.903,0.000,1.000,103.538
12.400,11.804,143.774,-625.994,8.686,-6.197,4,10.306,0.042,"Ground_80_320:(0.00, 1.00, 0.00)",0.049,0.000,0.002,11.804,0.000,1.000,103.774
12.420,11.828,144.011,-626.000,8.686,-5.960,4,10.308,0.043,"Ground_80_320:(0.00, 1.00, 0.00)",0.098,0.000,0.002,11.828,0.000,1.000,104.011
12.440,11.847,144.248,-626.006,8.687,-5.724,4,10.294,0.044,"Ground_80_320:(0.00, 1.00, 0.00)",0.086,0.000,0.002,11.847,0.000,1.000,104.248
12.460,11.864,144.485,-626.011,8.687,-5.486,4,10.268,0.043,"Ground_80_320:(0.00, 1.00, 0.00)",0.076,0.000,0.002,11.864,0.000,1.000,104.485
12.480,11.879,144.722,-626.017,8.688,-5.249,4,10.232,0.041,"Ground_80_320:(0.00, 1.00, 0.00)",0.068,0.000,0.002,11.879,0.000,1.000,104.722
12.500,11.891,144.960,-626.023,8.689,-5.011,4,10.190,0.038,"Ground_80_320:(0.00, 1.00, 0.00)",0.061,0.000,0.003,11.891,0.000,1.000,104.960
12.520,11.901,145.198,-626.028,8.690,-4.773,4,10.142,0.036,"Ground_80_320:(0.00, 1.00, 0.00)",0.055,0.000,0.003,11.901,0.000,1.000,105.198
12.540,11.803,145.434,-626.034,8.692,-4.537,4,10.092,0.033,"Ground_80_320:(0.00, 1.00, 0.00)",0.049,0.000,0.003,11.803,0.000,1.000,105.434
12.560,11.826,145.671,-626.039,8.693,-4.301,4,10.041,0.029,"Ground_80_320:(0.00, 1.00, 0.00)",0.099,0.000,0.003,11.826,0.000,1.000,105.671
12.580,11.846,145.908,-626.045,8.695,-4.064,4,9.991,0.026,"Ground_80_320:(0.00, 1.00, 0.00)",0.087,0.000,0.003,11.846,0.000,1.000,105.908
12.600,11.863,146.145,-626.051,8.696,-3.827,4,9.942,0.023,"Ground_80_320:(0.00, 1.00, 0.00)",0.077,0.000,0.003,11.863,0.000,1.000,106.145
12.620,11.877,146.382,-626.056,8.697,-3.589,4,9.896,0.020,"Ground_80_320:(0.00, 1.00, 0.00)",0.069,0.000,0.003,11.877,0.000,1.000,106.382
12.640,11.889,146.620,-626.062,8.699,-3.352,4,9.854,0.018,"Ground_80_320:(0.00, 1.00, 0.00)",0.061,0.000,0.002,11.889,0.000,1.000,106.620
12.660,11.900,146.858,-626.067,8.701,-3.114,4,9.817,0.015,"Ground_80_320:(0.00, 1.00, 0.00)",0.055,0.000,0.002,11.900,0.000,1.000,106.858
12.680,11.909,147.096,-626.072,8.702,-2.876,4,9.784,0.013,"Ground_80_320:(0.00, 1.00, 0.00)",0.050,0.000,0.002,11.909,0.000,1.000,107.096
12.700,11.809,147.332,-626.078,8.704,-2.640,4,9.756,0.011,"Ground_80_320:(0.00, 1.00, 0.00)",0.046,0.000,0.002,11.809,0.000,1.000,107.332
12.720,11.831,147.569,-626.083,8.705,-2.403,4,9.734,0.009,"Ground_80_320:(0.00, 1.00, 0.00)",0.095,0.000,0.002,11.831,0.000,1.000,107.569
12.740,11.850,147.806,-626.088,8.706,-2.166,4,9.717,0.007,"Ground_80_320:(0.00, 1.00, 0.00)",0.084,0.000,0.002,11.850,0.000,1.000,107.806
12.760,11.866,148.043,-626.094,8.708,-1.929,4,9.704,0.006,"Ground_80_320:(0.00, 1.00, 0.00)",0.075,0.000,0.002,11.867,0.000,1.000,108.043
12.780,11.880,148.281,-626.099,8.709,-1.691,4,9.696,0.004,"Ground_80_320:(0.00, 1.00, 0.00)",0.067,0.000,0.002,11.880,0.000,1.000,108.281
12.800,11.892,148.519,-626.104,8.710,-1.454,4,9.691,0.003,"Ground_80_320:(0.00, 1.00, 0.00)",0.060,0.000,0.002,11.892,0.000,1.000,108.519
12.820,11.902,148.757,-626.109,8.712,-1.216,4,9.690,0.002,"Ground_80_320:(0.00, 1.00, 0.00)",0.054,0.000,0.002,11.902,0.000,1.000,108.757
12.840,11.804,148.993,-626.115,8.713,-0.980,4,9.692,0.002,"Ground_80_320:(0.00, 1.00, 0.00)",0.049,0.000,0.001,11.804,0.000,1.000,108.993
12.860,11.827,149.229,-626.120,8.714,-0.743,4,9.697,0.001,"Ground_80_320:(0.00, 1.00, 0.00)",0.098,0.000,0.001,11.827,0.000,1.000,109.229
12.880,11.846,149.466,-626.125,8.715,-0.506,4,9.704,0.000,"Ground_80_320:(0.00, 1.00, 0.00)",0.087,0.000,0.001,11.846,0.000,1.000,109.466
12.900,11.863,149.704,-626.130,8.716,-0.269,4,9.712,0.000,"Ground_80_320:(0.00, 1.00, 0.00)",0.077,0.000,0.001,11.863,0.000,1.000,109.704
12.920,11.877,149.941,-626.135,8.717,-0.032,4,9.722,0.000,"Ground_80_320:(0.00, 1.00, 0.00)",0.069,0.000,0.001,11.877,0.000,1.000,109.941
12.940,11.889,150.179,-626.140,8.718,0.206,4,9.732,0.000,"Ground_80_320:(0.00, 1.00, 0.00)",0.061,0.000,0.001,11.889,0.000,1.000,110.179
